status,ref,name,regime,confidence,category,date,source,title,url,summary,matched,context
alert,CDe.001,ADF,DRC,0.80,,2026-10-06,ntv.co.ug,Two former ADF recruits convicted over bomb attacks,https://ntv.co.ug/news/two-former-adf-recruits-convicted-over-bomb-attacks,"Matched: adf, allied democratic forces | signals: adf, convicted, court",adf; allied democratic forces,adf; attack; bomb; charged; convict; topic:ARMEDCONFLICT
alert,CDe.001,ADF,DRC,0.80,,2026-10-02,theepochtimes.com,"Deaths From the Ebola Outbreak in Congo Exceed 4,000",https://www.theepochtimes.com/world/deaths-from-the-ebola-outbreak-in-congo-exceed-4000-post-6098867,"Matched: allied democratic forces | signals: armed group, m23, militia",allied democratic forces,armed group; attack; killed; m23; topic:ARMEDCONFLICT; topic:KILL
alert,CDe.001,ADF,DRC,0.80,,2026-10-05,observer.ug,"Two state spies plead guilty to staging deadly Munyonyo, Kalerwe bombs",https://observer.ug/news/two-state-spies-plead-guilty-to-staging-deadly-munyonyo-kalerwe-bombs/,"Matched: adf, allied democratic forces | signals: adf, convicted, court",adf; allied democratic forces,adf; arrest; bomb; charged; topic:ARMEDCONFLICT; topic:ARREST
alert,CDe.001,ADF,DRC,0.80,,2026-10-05,independent.co.ug,"&#x200E;MURDER: Court convicts two over fake Munyonyo, Kalerwe bombings",https://www.independent.co.ug/%E2%80%8Emurder-court-convicts-two-over-fake-munyonyo-kalerwe-bombings/,"Matched: adf, allied democratic forces | signals: adf, convicted, court",adf; allied democratic forces,adf; arrest; bomb; bombing; convict; topic:ARMEDCONFLICT
alert,CDe.001,ADF,DRC,0.70,,2026-10-07,allafrica.com,Uganda: Man Sentenced to 10 Years in Uganda's First-Ever Terrorism Case Conviction Over Power Infrastructure Vandalism,https://allafrica.com/stories/202610070019.html,"Matched: adf, allied democratic forces | signals: adf, terror",adf; allied democratic forces,adf; attack; convict; financ; sentenced; terror
alert,CDe.001,ADF,DRC,0.50,,2026-10-04,riotimesonline.com,"DR Congo Neighbours Explained, Central Africa in 2026",https://www.riotimesonline.com/dr-congo-in-central-africa-explained-2026/,Matched: allied democratic forces,allied democratic forces,armed group; fdlr; m23; proces; topic:MARITIME_PIRACY
alert,CDi.045,CORNEILLE NANGAA YOBELUO,DRC,1.00,,2026-10-06,allafrica.com,Africa: AU Facilitators Meet AFC/M23 Leaders in Goma,https://allafrica.com/stories/202610060081.html,"Matched: corneille nangaa | signals: afc, congo, isis, leader, m23",corneille nangaa,arms; attack; fdlr; m23; topic:ARMEDCONFLICT; topic:TERROR
alert,HTe.001,GRAN GRIF,Haiti,0.70,,2026-10-01,watchlist.org,Children and Armed Conflict Monthly Update &#x2013; October 2026 &#x2013; Watchlist,https://watchlist.org/publications/children-and-armed-conflict-monthly-update-october-2026/,"Matched: gran grif | signals: haiti, security council",gran grif,armed group; attack; designat; explosive; topic:ARMEDCONFLICT; topic:KIDNAP
alert,HTe.002,VIV ANSANM,Haiti,0.60,,2026-10-03,thesuburban.com,Retro Roundup: 1970s hits outside the top 10 Part 83,https://www.thesuburban.com/arts_and_entertainment/retro-roundup-1970s-hits-outside-the-top-10-part-83/article_59371a01-d075-4891-be7a-be81c0f4097c.html,Matched: living together | signals: wanted,living together,attack; killed; proces; suicide; topic:KILL
alert,IRe.040,MALEK ASHTAR UNIVERSITY,Iran,0.70,,2026-10-03,presstv.co.uk,National Elites Day: Remembering Iranian scientists and academics martyred in two imposed wars,https://www.presstv.co.uk/Detail/2026/10/03/777524/national-elites-day-remembering-iranian-scientists-academics-martyred-two-imposed-wars,"Matched: malek ashtar university | signals: killed, trial",malek ashtar university,assassinat; attack; bomb; bombing; topic:ARMEDCONFLICT; topic:ASSASSINATION
alert,IRi.026,MOHAMMAD REZA NAQDI,Iran,1.00,,2026-10-01,presstv.co.uk,US will stop attacking Iran unless it wants to 'commit suicide': IRGC chief commander's advisor,https://www.presstv.co.uk/Detail/2026/10/01/777357/Iran-IRGC-United-States-attacks-suicide-defeat,"Matched: mohammad reza naqdi | signals: brigadier general, chief, commander, general, missile",mohammad reza naqdi,attack; missile; suicide; topic:MILITARY; topic:SLFID_MILITARY_SPENDING; topic:TAX_MILITARY_TITLE
alert,IRi.026,MOHAMMAD REZA NAQDI,Iran,1.00,,2026-10-01,bankingnews.gr,"Trump threatens Iran with chaos Oct 3-4, Rubio expelled Iranians &#x2013; What is happening at Koh Kalang,",https://www.bankingnews.gr/diethni/articles/902573/trump-threatens-iran-with-chaos-oct-3-4-rubio-expelled-iranians-what-is-happening-at-koh-kalang-pix-x-shock-in-taiz-yemen,"Matched: mohammad reza naqdi | signals: commander, forces, general, state, weapons",mohammad reza naqdi,attack; bomb; houthi; missile; topic:ARMEDCONFLICT; topic:KILL
alert,IRi.026,MOHAMMAD REZA NAQDI,Iran,1.00,,2026-10-01,islamicinvitationturkey.com,"Iran warns US against further attacks, says move would amount to 'suicide'",https://www.islamicinvitationturkey.com/iran-warns-us-against-further-attacks-says-move-would-amount-to-suicide/,"Matched: mohammad reza naqdi | signals: brigadier general, chief, commander, general, missile",mohammad reza naqdi,attack; killed; missile; suicide; topic:MILITARY; topic:SLFID_MILITARY_SPENDING
alert,IRi.026,MOHAMMAD REZA NAQDI,Iran,1.00,,2026-10-02,presstv.co.uk,Resistances final blow will end US presence in West Asia: Senior IRGC advisor,https://www.presstv.co.uk/Detail/2026/10/02/777458/Senior-IRGC-advisor--Iran-will-defeat-US,"Matched: mohammad reza naqdi | signals: brigadier general, chief, commander, forces, general",mohammad reza naqdi,attack; daesh; terror; topic:ARMEDCONFLICT; topic:TAX_MILITARY_TITLE; topic:TAX_MILITARY_TITLE_COMMANDER
alert,IRi.026,MOHAMMAD REZA NAQDI,Iran,0.90,,2026-10-01,bankingnews.gr,Hormuz standoff continues as Iran warns US attack is suicide,https://www.bankingnews.gr/diethni/articles/902655/hormuz-standoff-continues-as-iran-warns-us-attack-is-suicide,"Matched: mohammad reza naqdi | signals: brigadier general, commander, general, state",mohammad reza naqdi,attack; bomb; missile; nuclear; suicide; topic:ARMEDCONFLICT
alert,IRi.026,MOHAMMAD REZA NAQDI,Iran,0.90,,2026-10-02,middleeasteye.net,Senior IRGC adviser says US power in Middle East 'not as portrayed',https://www.middleeasteye.net/live-blog/live-blog-update/senior-irgc-adviser-says-us-power-middle-east-not-portrayed,"Matched: mohammad reza naqdi | signals: commander, houthi, missile, state",mohammad reza naqdi,houthi; missile; topic:TAX_MILITARY_TITLE; topic:TAX_MILITARY_TITLE_COMMANDER
alert,IRi.026,MOHAMMAD REZA NAQDI,Iran,0.70,,2026-10-02,middleeasteye.net,Morning update,https://www.middleeasteye.net/live-blog/live-blog-update/morning-update-633,"Matched: mohammad reza naqdi | signals: commander, missile",mohammad reza naqdi,attack; houthi; missile; topic:ARMEDCONFLICT; topic:MILITARY; topic:TAX_MILITARY_TITLE
alert,IRi.039,QASEM SOLEIMANI,Iran,0.80,,2026-10-01,jpost.com,23 years of US presence in Iraq ends as Baghdad celebrates new milestone,http://www.jpost.com/middle-east/article-910362,"Matched: qasem soleimani | signals: armed group, commander, militia",qasem soleimani,armed group; attack; financ; hezbollah; topic:ARMEDCONFLICT; topic:INSURGENCY
alert,IRi.042,MOHAMMAD REZA ZAHEDI,Iran,1.00,,2026-09-30,presstv.co.uk,Jordan: The Kingdom of repeated compromise,https://www.presstv.co.uk/Detail/2026/09/30/777302/Jordan-once-a-defender-of-Palestinians-compromised-with-Israel,"Matched: mohammad reza zahedi | signals: brigadier, commander, forces, general, irgc",mohammad reza zahedi,al qaeda; arrest; assassinat; attack; topic:ARMEDCONFLICT; topic:ARREST
alert,IRi.042,MOHAMMAD REZA ZAHEDI,Iran,0.60,,2026-10-04,cbsnews.com,"Transcript: Brett McGurk on ""Face the Nation with Margaret Brennan,"" Oct. 4, 2026",https://www.cbsnews.com/news/brett-mcgurk-face-the-nation-transcript-10-04-2026/,Matched: mohammad reza zahedi | signals: killed,mohammad reza zahedi,arms; attack; bomb; bombing; topic:ARMEDCONFLICT; topic:KIDNAP
alert,KPe.031,RECONNAISSANCE GENERAL BUREAU,DPRK,0.80,,2026-10-06,voanews.com,US Lawsuits Against North Korea Expand Beyond Detentions to Overseas Activities,https://www.voanews.com/a/us-lawsuits-against-north-korea-expand-beyond-detentions-to-overseas-activities/8208081.html,"Matched: reconnaissance general bureau | signals: court, terror, terrorist",reconnaissance general bureau,attack; designat; detain; hamas; topic:ARMEDCONFLICT; topic:ARREST
alert,KPe.054,MINISTRY OF NATIONAL DEFENCE,DPRK,0.70,,2026-10-02,koreatimes.co.kr,"Seoul pushes for dialogue with NK, but gov't speaks in different tones",https://www.koreatimes.co.kr/southkorea/defense/20261002/seoul-pushes-for-dialogue-with-nk-but-govt-speaks-in-different-tones,"Matched: ministry of national defense | signals: commander, court",ministry of national defense,topic:MILITARY; topic:TAX_MILITARY_TITLE; topic:TAX_MILITARY_TITLE_COMMANDER
alert,KPe.054,MINISTRY OF NATIONAL DEFENCE,DPRK,0.70,,2026-10-02,stripes.com,Japan says suspected North Korean missile has fallen after early-morning launch,https://www.stripes.com/theaters/asia_pacific/2026-10-02/north-korea-suspected-missile-launch-23038623.html,"Matched: ministry of defense | signals: missile, security council",ministry of defense,killed; missile; nuclear; reward
alert,KPe.054,MINISTRY OF NATIONAL DEFENCE,DPRK,0.70,,2026-10-03,azernews.az,North Korea launches ballistic missile toward East Sea,https://www.azernews.az/region/264898.html,"Matched: ministry of defense | signals: missile, security council",ministry of defense,arrest; assassinat; attack; killed; missile; topic:MARITIME_PIRACY
alert,KPe.054,MINISTRY OF NATIONAL DEFENCE,DPRK,0.60,,2026-10-05,stripes.com,"North Korea says missile 'skip points' expose gaps in South Korean, Japanese tracking",https://www.stripes.com/theaters/asia_pacific/2026-10-05/north-korea-missile-launch-tracking-23059362.html,"Matched: ministry of defense, ministry of national defense | signals: missile",ministry of defense; ministry of national defense,financ; killed; missile; reward; topic:ARMEDCONFLICT; topic:WB_2432_FRAGILITY_CONFLICT_AND_VIOLENCE
alert,KPe.054,MINISTRY OF NATIONAL DEFENCE,DPRK,0.50,,2026-09-30,koreatimes.co.kr,Military demands NK apology over DMZ mine blast as UNC confirms Armistice violation,https://www.koreatimes.co.kr/southkorea/politics/20260930/military-demands-nk-apology-over-dmz-mine-blast-as-unc-confirms-armistice-violation,Matched: ministry of national defense,ministry of national defense,topic:MILITARY; topic:TAX_MILITARY_TITLE; topic:TAX_MILITARY_TITLE_SOLDIERS
alert,KPe.054,MINISTRY OF NATIONAL DEFENCE,DPRK,0.50,,2026-09-30,koreatimes.co.kr,UNC confirms armistice violation as military demands NK apology,https://www.koreatimes.co.kr/southkorea/politics/20260930/unc-confirms-armistice-violation-as-military-demands-nk-apology,Matched: ministry of national defense,ministry of national defense,topic:MILITARY; topic:TAX_MILITARY_TITLE; topic:TAX_MILITARY_TITLE_SOLDIERS
alert,KPe.054,MINISTRY OF NATIONAL DEFENCE,DPRK,0.50,,2026-10-05,koreatimes.co.kr,Seoul concludes North Korea responsible for DMZ mine explosions,https://www.koreatimes.co.kr/southkorea/defense/20261005/seoul-concludes-north-korea-responsible-for-dmz-mine-explosions,Matched: ministry of national defense,ministry of national defense,topic:TAX_WEAPONS; topic:TAX_WEAPONS_LAND_MINE
alert,KPe.054,MINISTRY OF NATIONAL DEFENCE,DPRK,0.50,,2026-10-05,koreatimes.co.kr,Seoul concludes North Korea responsible for DMZ land mine explosions,https://www.koreatimes.co.kr/southkorea/defense/20261005/seoul-concludes-north-korea-responsible-for-dmz-land-mine-explosions,Matched: ministry of national defense,ministry of national defense,topic:ARMEDCONFLICT; topic:KILL; topic:MILITARY
alert,KPe.054,MINISTRY OF NATIONAL DEFENCE,DPRK,0.50,,2026-10-06,koreatimes.co.kr,South Korea  may take North Korean mine attack issue to UN,https://www.koreatimes.co.kr/southkorea/defense/20261006/south-korea-may-take-north-korean-mine-attack-issue-to-un,Matched: ministry of national defense,ministry of national defense,attack; sanction; security council; topic:MILITARY; topic:SANCTIONS; topic:TAX_MILITARY_TITLE
alert,LYe.001,LIBYAN INVESTMENT AUTHORITY,Libya,0.60,,2026-09-30,gfmag.com,Gulf Investors Look to Libya and Algeria,https://gfmag.com/capital-raising-corporate-finance/gulf-investors-libya-algeria/,Matched: libyan investment authority | signals: libya,libyan investment authority,financ; militia; topic:ARMEDCONFLICT; topic:WB_2432_FRAGILITY_CONFLICT_AND_VIOLENCE; topic:WB_2433_CONFLICT_AND_VIOLENCE
alert,QDe.001,ABU SAYYAF GROUP,Al-Qaida,0.90,,2026-10-01,manilatimes.net,Female DI-ASG member killed in Basilan clash,https://www.manilatimes.net/2026/10/01/regions/female-di-asg-member-killed-in-basilan-clash/2436992,"Matched: abu sayyaf group | signals: court, killed, trial, wanted",abu sayyaf group,arrest; killed; topic:ARMEDCONFLICT; topic:ARREST; topic:KILL; trial
alert,QDe.001,ABU SAYYAF GROUP,Al-Qaida,0.80,,2026-10-05,sunstar.com.ph,10 government troops wounded in Basilan ambush,https://www.sunstar.com.ph/zamboanga/10-government-troops-wounded-in-basilan-ambush,"Matched: abu sayyaf group | signals: arrest, court, killed",abu sayyaf group,arrest; attack; killed; militia; topic:ARMEDCONFLICT; topic:ARREST
alert,QDe.001,ABU SAYYAF GROUP,Al-Qaida,0.80,,2026-10-06,sunstar.com.ph,DND orders crackdown on lawless elements in Basilan,https://www.sunstar.com.ph/zamboanga/dnd-orders-crackdown-on-lawless-elements-in-basilan,"Matched: abu sayyaf group | signals: arrest, court, killed",abu sayyaf group,arrest; attack; killed; topic:ARMEDCONFLICT; topic:ARREST; topic:KILL
alert,QDe.003,EGYPTIAN ISLAMIC JIHAD,Al-Qaida,0.70,,2026-10-06,pjmedia.com,Weapons of Mass Distraction: The Mid-Term Panic Machine revs up right on schedule,https://pjmedia.com/eric-florack/2026/10/06/dailyweapons-of-mass-distraction-the-mid-term-panic-machine-revs-up-right-on-schedule-n4958014,"Matched: egyptian islamic jihad | signals: jihad, weapons",egyptian islamic jihad,assassinat; attack; convict; jihad; weapon
alert,QDe.003,EGYPTIAN ISLAMIC JIHAD,Al-Qaida,0.60,,2026-10-06,mymotherlode.com,"Today in History: October 6, Anwar Sadat assassinated",https://mymotherlode.com/news/world/11197920/today-in-history-october-6-anwar-sadat-assassinated.html,Matched: egyptian islamic jihad | signals: jihad,egyptian islamic jihad,arrest; assassinat; attack; jihad
alert,QDe.003,EGYPTIAN ISLAMIC JIHAD,Al-Qaida,0.60,,2026-10-06,vintonjacksoncourier.com,Today in History: Oct. 6,https://www.vintonjacksoncourier.com/news/today-in-history-oct-6/article_d95c7dce-1400-4517-b778-d2ac836607fb.html,Matched: egyptian islamic jihad | signals: jihad,egyptian islamic jihad,attack; jihad; topic:ARMEDCONFLICT; topic:JIHAD; topic:TAX_TERROR_GROUP
alert,QDe.003,EGYPTIAN ISLAMIC JIHAD,Al-Qaida,0.60,,2026-10-06,devilslakejournal.com,Today in History: Oct. 6 &#x2013;&#x9;Anwar Sadat assassinated,https://www.devilslakejournal.com/news/14717/today-in-history-oct-6-anwar-sadat-assassinated/,Matched: egyptian islamic jihad | signals: jihad,egyptian islamic jihad,arrest; assassinat; attack; jihad
alert,QDe.004,AL-QAIDA,Al-Qaida,0.90,,2026-10-03,excelsior.com.mx,"Al Qaeda, ISIS, Ham&#xE1;s, Ir&#xE1;n",https://www.excelsior.com.mx/opinion/esther-shabot/qaeda-isis-hamas-iran,"Matched: al qaeda | signals: al qaeda, isis, terror, terrorist",al qaeda,al qaeda; atentado; hamas; isis; topic:ARMEDCONFLICT; topic:JIHAD
alert,QDe.004,AL-QAIDA,Al-Qaida,0.90,,2026-09-30,bignewsnetwork.com,Mali has taken its case against Ukraine to the UN. What is behind it,http://www.bignewsnetwork.com/news/279343243/mali-has-taken-its-case-against-ukraine-to-the-un-what-is-behind-it,"Matched: al qaeda | signals: al qaeda, jihad, killed, rebel",al qaeda,al qaeda; armed group; attack; explosive; topic:ARMEDCONFLICT; topic:INSURGENCY
alert,QDe.004,AL-QAIDA,Al-Qaida,0.90,,2026-10-05,dnd.com.pk,"Ambassador Sadiq showed the mirror to participants at 8th 'Moscow Format Consultations' on Afghanistan, highlighting how the Afghan regime is spreading terrorism globally",https://dnd.com.pk/ambassador-sadiq-showed-mirror-to-afghan-taliban-at-8th-meeting-of-the-moscow-format-consultations-on-afghanistan/330544/,"Matched: al qaeda | signals: al qaeda, taliban, terror, terrorist",al qaeda,al qaeda; arrest; attack; financ; terror; topic:ARMEDCONFLICT
alert,QDe.004,AL-QAIDA,Al-Qaida,0.90,,2026-10-05,pjmedia.com,FlyDubai Hijacker Wanted to Crash Into Tel Aviv Airport to Maximize Casualties,https://pjmedia.com/catherinesalgado/2026/10/05/flydubai-hijacker-wanted-to-crash-into-tel-aviv-airport-to-maximize-casualties-n4957977,"Matched: al qaeda | signals: al qaeda, terror, terrorist, wanted",al qaeda,al qaeda; attack; jihad; kill; topic:ARMEDCONFLICT; topic:EXTREMISM
alert,QDe.004,AL-QAIDA,Al-Qaida,0.90,,2026-09-30,allafrica.com,Mali: Embuscade meurtri&#xE8;re des jihadistes du Jnim &#xE0; Niono contre l'Africa Corps russe,https://fr.allafrica.com/stories/202609300143.html,"Matched: al qaida | signals: al qaida, jihad, terror, terrorist",al qaida,al qaida; attaque; captur; jihad; jnim; topic:ARMEDCONFLICT
alert,QDe.004,AL-QAIDA,Al-Qaida,0.80,,2026-10-03,dailymail.com,British-educated Flydubai terrorist was found with Al Qaeda propaganda and plans to target Israeli planes three years ago - but was still allowed to fly,https://www.dailymail.com/news/article-16180447/FlyDubai-pilot-al-Qaeda-planes-Israel.html,"Matched: al qaeda | signals: al qaeda, terror, terrorist",al qaeda,al qaeda; terror; topic:ARMEDCONFLICT; topic:EXTREMISM; topic:JIHAD
alert,QDe.004,AL-QAIDA,Al-Qaida,0.80,,2026-10-04,wn.com,"Evil America will end: Al Qaeda praises flydubai incident; calls for similar attacks on US, ...",https://article.wn.com/view/2026/10/04/Evil_America_will_end_Al_Qaeda_praises_flydubai_incident_cal/,"Matched: al qaeda | signals: al qaeda, rebel, terror",al qaeda,al qaeda; attack; rebel; terror; topic:PIRACY; topic:TAX_TERROR_GROUP
alert,QDe.004,AL-QAIDA,Al-Qaida,0.80,,2026-10-04,israelnationalnews.com,Al Qaeda calls for copycats after attempted hijacking,https://www.israelnationalnews.com/news/434067,"Matched: al qaeda | signals: al qaeda, terror, terrorist",al qaeda,al qaeda; attack; terror; topic:ARMEDCONFLICT; topic:TAX_MILITARY_TITLE; topic:TAX_MILITARY_TITLE_CAPTAIN
alert,QDe.004,AL-QAIDA,Al-Qaida,0.80,,2026-10-04,wn.com,"'Evil America Will End': Al Qaeda Calls For Similar Attacks, Praises Flydubai Incident",https://article.wn.com/view/2026/10/04/Evil_America_Will_End_Al_Qaeda_Calls_For_Similar_Attacks_Pra/,"Matched: al qaeda | signals: al qaeda, rebel, terror",al qaeda,al qaeda; attack; killed; rebel; topic:PIRACY; topic:TAX_TERROR_GROUP
alert,QDe.004,AL-QAIDA,Al-Qaida,0.80,,2026-10-04,pjmedia.com,"9/11 2.0? Al-Qaeda Praises FlyDubai Hijacker, Calls for Hijacking U.S. Planes",https://pjmedia.com/catherinesalgado/2026/10/04/al-qaeda-praises-flydubai-hijacker-calls-for-hijacking-us-planes-n4957949,"Matched: al qaeda | signals: al qaeda, terror, terrorist",al qaeda,al qaeda; attack; jihad; killing; topic:ARMEDCONFLICT; topic:EXTREMISM
alert,QDe.004,AL-QAIDA,Al-Qaida,0.70,,2026-10-03,organiser.org,Flydubai Terror Attack: Co-pilot Al-Hammami has Al Qaeda link,https://organiser.org/2026/10/03/384200/world/flydubai-attack-who-is-co-pilot-hamam-al-hammami-al-qaeda-link-syrian-roots-linkedin-profile-reveal-terror-motives/,"Matched: al qaeda | signals: al qaeda, terror",al qaeda,al qaeda; attack; terror; topic:ARMEDCONFLICT; topic:EXTREMISM; topic:SUICIDE_ATTACK
alert,QDe.004,AL-QAIDA,Al-Qaida,0.70,,2026-10-03,nypost.com,Al Qaeda calls for copycats to target US citizens on planes while praising Dubai flight hijacker,https://nypost.com/2026/10/03/world-news/al-qaeda-calls-for-copycats-to-target-us-citizens-on-planes-while-praising-dubai-flight-hijacker/,"Matched: al qaeda, al qaida | signals: al qaeda, terror",al qaeda; al qaida,al qaeda; al qaida; attack; bombing; topic:ARMEDCONFLICT; topic:ARREST
alert,QDe.004,AL-QAIDA,Al-Qaida,0.70,,2026-10-04,businesstoday.in,"Flydubai flight hijack plot: Terror group Al Qaeda hails incident, calls for copycat hijackings",https://www.businesstoday.in/world/story/flydubai-flight-hijack-plot-terror-group-al-qaeda-hails-incident-calls-for-copycat-hijackings-559369-2026-10-04,"Matched: al qaeda | signals: al qaeda, terror",al qaeda,al qaeda; attack; extremis; financ; terror; topic:ARMEDCONFLICT
alert,QDe.004,AL-QAIDA,Al-Qaida,0.70,,2026-10-04,organiser.org,Flydubai Terror: Al Qaeda hails Omani pilot; Urges copycat attacks,https://organiser.org/2026/10/04/384347/world/flydubai-terror-al-qaeda-hails-omani-pilot-declares-war-isnt-over-urges-9-11-style-attacks-on-enemies-of-islam/,"Matched: al qaeda | signals: al qaeda, terror",al qaeda,al qaeda; attack; terror; topic:ARMEDCONFLICT; topic:ARREST; topic:EXTREMISM
alert,QDe.004,AL-QAIDA,Al-Qaida,0.70,,2026-10-04,bild.de,Al-Qaida: Nach Flydubai-Angriff Aufruf zu weiteren Anschl&#xE4;gen,https://www.bild.de/politik/ausland-und-internationales/al-qaida-nach-flydubai-angriff-aufruf-zu-weiteren-anschlaegen-6ac1cfbad993ea3f355f5490,"Matched: al qaida | signals: al qaida, terror",al qaida,al qaida; attack; terror; topic:ARMEDCONFLICT; topic:ARREST; topic:EXTREMISM
alert,QDe.004,AL-QAIDA,Al-Qaida,0.70,,2026-10-02,hellenicshippingnews.com,Houthi and Al-Shabab ties raise alarm over widening threat to Red Sea shipping | Hellenic Shipping News Worldwide,https://www.hellenicshippingnews.com/houthi-and-al-shabab-ties-raise-alarm-over-widening-threat-to-red-sea-shipping/,"Matched: al qaeda | signals: al qaeda, houthi",al qaeda,al qaeda; armed group; arms; attack; houthi; topic:ARMEDCONFLICT
alert,QDe.004,AL-QAIDA,Al-Qaida,0.70,,2026-10-03,ibtimes.co.in,Who is Hamam Alhamami? Flydubai co-pilot accused of plotting 9/11-style crash in Israel,https://www.ibtimes.co.in/flydubai-co-pilot-hamam-alhamamis-alleged-israel-crash-plot-al-qaeda-indoctrination-9-11-style-906884,"Matched: al qaeda | signals: al qaeda, terror",al qaeda,al qaeda; attack; detain; extremis; topic:ARMEDCONFLICT; topic:EXTREMISM
alert,QDe.004,AL-QAIDA,Al-Qaida,0.70,,2026-09-30,allafrica.com,Mali: Vers un enlisement de l'Africa Corps ?,https://fr.allafrica.com/stories/202609300164.html,"Matched: al qaida | signals: al qaida, jihad",al qaida,al qaida; attaque; conseil de securite; financ; topic:ARMEDCONFLICT; topic:JIHAD
alert,QDe.004,AL-QAIDA,Al-Qaida,0.60,,2026-10-03,oneindia.com,"Al-Qaeda Leader's Photo, Syrian Roots: Details Emerge On Flydubai's Omani Co-Pilot Hamam Al-Hammami",https://www.oneindia.com/international/al-qaeda-leader-s-photo-syrian-roots-details-emerge-on-flydubai-s-omani-co-pilot-hamam-al-hammami-8223531.html,Matched: al qaeda | signals: al qaeda,al qaeda,al qaeda; attack; extremis; militan; topic:ARMEDCONFLICT; topic:EXTREMISM
alert,QDe.004,AL-QAIDA,Al-Qaida,0.60,,2026-10-03,freepressjournal.in,FPJ Quick Take At 5 PM: 'Aman Sehrawat Wins Asian Games Gold To Al Qaeda-Linked Posts Surface In Flydubai Attack Probe'; Your Daily Evening Guide To News Headlines,https://www.freepressjournal.in/india/fpj-quick-take-at-5-pm-aman-sehrawat-wins-asian-games-gold-to-al-qaeda-linked-posts-surface-in-flydubai-attack-probe-your-daily-evening-guide-to-news-headlines-3-october-2026,Matched: al qaeda | signals: al qaeda,al qaeda,al qaeda; attack; extremis; killed
alert,QDe.004,AL-QAIDA,Al-Qaida,0.60,,2026-10-03,freepressjournal.in,Flydubai Co-Pilot Attack: Social Media Posts Linked To Al Qaeda Figures Surface,https://www.freepressjournal.in/world/flydubai-co-pilot-attack-social-media-posts-linked-to-al-qaeda-figures-surface,Matched: al qaeda | signals: al qaeda,al qaeda,al qaeda; attack; bombing; extremis; topic:ARMEDCONFLICT; topic:EXTREMISM
alert,QDe.004,AL-QAIDA,Al-Qaida,0.60,,2026-10-04,bdnews24.com,"Pro-Al Qaeda publication calls for attacks on US, Israeli flights after Flydubai cockpit assault",https://bdnews24.com/world/tp7p3vl1qa,Matched: al qaeda | signals: al qaeda,al qaeda,al qaeda; attack; bombing; captur; topic:ARMEDCONFLICT; topic:ARREST
alert,QDe.004,AL-QAIDA,Al-Qaida,0.60,,2026-10-04,moneycontrol.com,"'Evil America will end': Al Qaeda calls for copycat attacks, praises flydubai incident",https://www.moneycontrol.com/world/evil-america-will-end-al-qaeda-calls-for-copycat-attacks-praises-flydubai-incident-article-14044111.html,Matched: al qaeda | signals: al qaeda,al qaeda,al qaeda; arrest; attack; financ; topic:ARMEDCONFLICT; topic:EXTREMISM
alert,QDe.004,AL-QAIDA,Al-Qaida,0.60,,2026-10-04,indiatimes.com,'War isn't over': Al Qaeda-linked magazine calls for 'copycat attacks' after flydubai incident,https://timesofindia.indiatimes.com/world/middle-east/war-isnt-over-al-qaeda-linked-magazine-calls-for-copycat-attacks-after-flydubai-incident/articleshow/134670759.cms,Matched: al qaeda | signals: al qaeda,al qaeda,al qaeda; arrest; attack; charged; topic:ARMEDCONFLICT; topic:EXTREMISM
alert,QDe.004,AL-QAIDA,Al-Qaida,0.60,,2026-10-04,pragativadi.com,Al-Qaeda Flight Threats: Renewed Call for Attacks - Pragativadi I Latest Odisha News in English I Breaking News,https://pragativadi.com/al-qaeda-flight-threats-renewed-call-for-attacks/,Matched: al qaeda | signals: al qaeda,al qaeda,al qaeda; arrest; attack; bombing; topic:ARMEDCONFLICT; topic:ARREST
alert,QDe.004,AL-QAIDA,Al-Qaida,0.60,,2026-10-04,mirror.co.uk,Al Qaeda issues horror call for attacks on US and Israeli flights after FlyDubai 'hijack attempt',https://www.mirror.co.uk/news/uk-news/al-qaeda-issues-horror-call-37732977,Matched: al qaeda | signals: al qaeda,al qaeda,al qaeda; attack; extremis; terror; topic:ARMEDCONFLICT; topic:EXTREMISM
alert,QDe.004,AL-QAIDA,Al-Qaida,0.60,,2026-10-04,the-sun.com,'Hijacker who stabbed pilot' called for women to be 'stomped on' as online rants revealed & Al Qaeda issues warning,https://www.the-sun.com/news/17094930/,Matched: al qaeda | signals: al qaeda,al qaeda,al qaeda; topic:ARMEDCONFLICT; topic:ARREST; topic:EXTREMISM
alert,QDe.004,AL-QAIDA,Al-Qaida,0.60,,2026-10-05,indiatimes.com,"Al Qaeda-linked magazine calls for copycat attacks on US, Israeli planes after flydubai incident",https://economictimes.indiatimes.com/news/international/global-trends/al-qaeda-linked-magazine-calls-for-copycat-attacks-on-us-israeli-planes-after-flydubai-incident/articleshow/134684957.cms,Matched: al qaeda | signals: al qaeda,al qaeda,al qaeda; attack; charged; extremis; topic:ARMEDCONFLICT; topic:EXTREMISM
alert,QDe.004,AL-QAIDA,Al-Qaida,0.60,,2026-09-30,diariosigloxxi.com,La rama de Al Qaeda en el Sahel reivindica un ataque contra el ruso Africa Corps en el centro de Mal&#xED;,https://www.diariosigloxxi.com/texto-ep/mostrar/20260930131700/rama-qaeda-sahel-reivindica-ataque-contra-ruso-africa-corps-centro-mali,Matched: al qaeda | signals: al qaeda,al qaeda,al qaeda; ataque; conden; jnim; topic:ARMEDCONFLICT; topic:JIHAD
alert,QDe.004,AL-QAIDA,Al-Qaida,0.60,,2026-10-03,indiatimes.com,"Oman Co Pilot News,&#x913;&#x92E;&#x93E;&#x928;&#x940; &#x915;&#x94B;-&#x92A;&#x93E;&#x92F;&#x932;&#x91F; &#x928;&#x947; &#x915;&#x949;&#x915;&#x92A;&#x93F;&#x91F; &#x939;&#x92E;&#x932;&#x947; &#x915;&#x947; &#x915;&#x941;&#x91B; &#x918;&#x902;&#x91F;&#x947; &#x92C;&#x93E;&#x926; &#x915;&#x93F;&#x90F; &#x938;&#x94B;&#x936;&#x932; &#x92E;&#x940;&#x921;&#x93F;&#x92F;&#x93E; &#x92A;&#x94B;&#x938;&#x94D;&#x91F;, &#x905;&#x932;&#x915;&#x93E;&#x92F;&#x926;&#x93E; &#x915;&#x947; &#x92A;&#x942;&#x930;&#x94D;&#x935; &#x938;&#x930;&#x917;&#x928;&#x93E; &#x915;&#x940; &#x936;&#x947;&#x92F;&#x930; &#x915;&#x940; &#x92B;&#x94B;&#x91F;&#x94B; - oman co pilot shares two social media posts after flydubai incident with al qaeda al zawahiri photo - Middle-east News",https://navbharattimes.indiatimes.com/world/middle-east/oman-co-pilot-shares-two-social-media-posts-after-flydubai-incident-with-al-qaeda-al-zawahiri-photo/articleshow/134653617.cms,Matched: al qaeda | signals: al qaeda,al qaeda,al qaeda; topic:TAX_MILITARY_TITLE; topic:TAX_MILITARY_TITLE_OFFICERS; topic:TAX_WEAPONS
alert,QDe.004,AL-QAIDA,Al-Qaida,0.60,,2026-10-03,cnnchile.com,Hallan im&#xE1;genes de l&#xED;deres de Al Qaeda en redes sociales del piloto sospechoso de atacar un vuelo de Flydubai,https://www.cnnchile.com/mundo/flydubai-israel-vuelo-al-qaeda-redes-sociales/,Matched: al qaeda | signals: al qaeda,al qaeda,al qaeda; atentado; extremis; juicio; topic:ARMEDCONFLICT; topic:EXTREMISM
alert,QDe.004,AL-QAIDA,Al-Qaida,0.60,,2026-10-04,andhrajyothy.com,&#xC05;&#xC32;&#xC3E;&#xC02;&#xC1F;&#xC3F; &#xC26;&#xC3E;&#xC21;&#xC41;&#xC32;&#xC41; &#xC2E;&#xC30;&#xC3F;&#xC28;&#xC4D;&#xC28;&#xC3F; &#xC1C;&#xC30;&#xC17;&#xC3E;&#xC32;&#xC3F;: &#xC05;&#xC32;&#xC4D;&#x200C;&#xC16;&#xC48;&#xC26;&#xC3E;  | al qaeda references flydubai incident and 9 11 attacks in new threat pcs,https://www.andhrajyothy.com/2026/international/al-qaeda-references-flydubai-incident-and-9-11-attacks-in-new-threat-pcs-1564082.html,Matched: al qaeda | signals: al qaeda,al qaeda,al qaeda; attack; topic:ARMEDCONFLICT; topic:ARREST; topic:KILL
alert,QDe.004,AL-QAIDA,Al-Qaida,0.60,,2026-10-05,amarujala.com,"&#x924;&#x940;&#x928; &#x938;&#x93E;&#x932; &#x938;&#x947; &#x930;&#x91A; &#x930;&#x939;&#x93E; &#x925;&#x93E; &#x938;&#x93E;&#x91C;&#x93F;&#x936;:&#x939;&#x92E;&#x93E;&#x92E; &#x915;&#x93E; &#x928;&#x93F;&#x915;&#x932;&#x93E; &#x905;&#x932;&#x915;&#x93E;&#x92F;&#x926;&#x93E; &#x915;&#x928;&#x947;&#x915;&#x94D;&#x936;&#x928;, &#x92A;&#x94D;&#x930;&#x924;&#x93F;&#x92C;&#x902;&#x927; &#x915;&#x947; &#x92C;&#x93E;&#x935;&#x91C;&#x942;&#x926; &#x915;&#x91F;&#x94D;&#x91F;&#x930;&#x92A;&#x902;&#x925;&#x940; &#x915;&#x948;&#x938;&#x947; &#x92C;&#x928;&#x93E; &#x938;&#x939;-&#x92A;&#x93E;&#x92F;&#x932;&#x91F;? - Hamam's Al-qaeda Link Exposed: Training Was Stopped, So How Did He Become A Co-pilot?",https://www.amarujala.com/world/hamam-s-al-qaeda-link-exposed-training-was-stopped-so-how-did-he-become-a-co-pilot-2026-10-05,Matched: al qaeda | signals: al qaeda,al qaeda,al qaeda; topic:EXTREMISM; topic:TAX_TERROR_GROUP; topic:TAX_TERROR_GROUP_ALQAEDA
alert,QDe.004,AL-QAIDA,Al-Qaida,0.60,,2026-10-03,newsweekpakistan.com,The No-Nonsense Army &#x2013; Newsweek Pakistan,https://www.newsweekpakistan.com/the-no-nonsense-army/,Matched: al qaeda | signals: al qaeda,al qaeda,al qaeda; arrest; assassinat; charged; topic:KILL; topic:MILITARY
alert,QDe.004,AL-QAIDA,Al-Qaida,0.60,,2026-10-04,mirror.co.uk,Plane vanishes from radar off coast of Nantucket - search team shares chilling update,https://www.mirror.co.uk/news/us-news/nantucket-plane-crash-boston-massachusetts-37733114,Matched: al qaeda | signals: al qaeda,al qaeda,al qaeda; attack; topic:TAX_TERROR_GROUP; topic:TAX_TERROR_GROUP_AL_QAEDA
alert,QDe.004,AL-QAIDA,Al-Qaida,0.60,,2026-10-05,pjmedia.com,Abdul El-Sayed Claimed to Have Dual Citizenship in Egypt,https://pjmedia.com/catherinesalgado/2026/10/05/abdul-el-sayed-has-dual-citizenship-in-a-muslim-country-n4957999,Matched: al qaeda | signals: al qaeda,al qaeda,al qaeda; financ; hamas; jihad; topic:ARMEDCONFLICT; topic:EXTREMISM
alert,QDe.006,ARMED ISLAMIC GROUP,Al-Qaida,0.80,,2026-10-01,israelnationalnews.com,Not learning from History,https://www.israelnationalnews.com/news/433937,"Matched: armed islamic group, gia | signals: algeria, terror, terrorist",armed islamic group; gia,al qaeda; arrest; attack; bombing; topic:ARMEDCONFLICT; topic:ARREST
alert,QDe.008,HARAKAT UL-MUJAHIDIN / HUM,Al-Qaida,0.60,,2026-10-04,tribune.com.pk,The Songs That Went Away,https://tribune.com.pk/story/2632913/the-songs-that-went-away,Matched: hua | signals: pakistan,hua,proces; topic:ARMEDCONFLICT
alert,QDe.010,ISLAMIC MOVEMENT OF UZBEKISTAN,Al-Qaida,0.90,,2026-10-03,newsweekpakistan.com,"After Karachi, War! &#x2013; Newsweek Pakistan",https://www.newsweekpakistan.com/after-karachi-war/,"Matched: islamic movement of uzbekistan | signals: taliban, terror, terrorist, weapons",islamic movement of uzbekistan,al qaeda; arrest; assassinat; attack; topic:ARMEDCONFLICT; topic:ARREST
alert,QDe.010,ISLAMIC MOVEMENT OF UZBEKISTAN,Al-Qaida,0.70,,2026-09-30,timesca.com,Cementing Peace in the Ferghana Valley - The Times Of Central Asia,https://timesca.com/cementing-peace-in-the-ferghana-valley/,"Matched: islamic movement of uzbekistan | signals: killed, smuggl",islamic movement of uzbekistan,killed; militan; smuggl; topic:ARMEDCONFLICT; topic:KILL; topic:MILITARY
alert,QDe.010,ISLAMIC MOVEMENT OF UZBEKISTAN,Al-Qaida,0.70,,2026-09-30,timesca.com,ISKP and Central Asia: How the Threat Extends Beyond Afghanistan's Borders,https://timesca.com/iskp-central-asia-threat-beyond-geography/,"Matched: imu, islamic movement of uzbekistan | signals: al qaeda, taliban",imu; islamic movement of uzbekistan,al qaeda; arrest; attack; blacklist; topic:ARMEDCONFLICT; topic:ARREST
alert,QDe.092,JEMAAH ISLAMIYAH,Al-Qaida,0.70,,2026-10-02,thejakartapost.com,Indonesia's new terrorism challenge: The terrorist criminal continuum - Academia,http://www.thejakartapost.com/opinion/2026/10/02/indonesias-new-terrorism-challenge-the-terrorist-criminal-continuum,"Matched: jamaah islamiyah | signals: terror, terrorist",jamaah islamiyah,attack; densus; extremis; militan; terror; topic:ARMEDCONFLICT
alert,QDe.092,JEMAAH ISLAMIYAH,Al-Qaida,0.70,,2026-10-02,ucanews.com,9/11 and the last crusade - UCA News,https://www.ucanews.com/news/9-11-and-the-last-crusade/115593,"Matched: jemaah islamiyah | signals: jihad, terror",jemaah islamiyah,al qaeda; arrest; attack; bomb; topic:ARMEDCONFLICT; topic:TERROR
alert,QDe.092,JEMAAH ISLAMIYAH,Al-Qaida,0.60,,2026-10-05,straitstimes.com,RSIS at 30: Shaping policy and countering disinformation,https://www.straitstimes.com/singapore/politics/giving-practitioners-academic-scaffolding-rsis-leaders-reflect-as-think-tank-turns-30,Matched: jemaah islamiyah | signals: terror,jemaah islamiyah,al qaeda; attack; bombing; detain; topic:ARMEDCONFLICT; topic:ARREST
alert,QDe.098,ANSAR AL-ISLAM,Al-Qaida,1.00,,2026-10-01,kashmirtimes.com,India's Doval Doctrine: A Strategic Visit to Dhaka,https://kashmirtimes.com/news/news-analysis/the-doval-doctrine-lands-in-dhaka,"Matched: ansar al islam | signals: arrest, arrested, jihad, terror, trial",ansar al islam,arms; arrest; fugitive; jihad; topic:ARMEDCONFLICT; topic:ARREST
alert,QDe.118,LASHKAR-E-TAYYIBA,Al-Qaida,0.90,,2026-09-30,ibtimes.co.in,LeT Commander Hashim Moosa killed in overnight encounter in Budgam's Yousmarg,https://www.ibtimes.co.in/let-commander-hashim-moosa-linked-pahalgam-attack-killed-kashmirs-budgam-906733,"Matched: let | signals: commander, killed, terror, terrorist",let,attack; detain; jaish; killed; topic:ARMEDCONFLICT; topic:KILL
alert,QDe.118,LASHKAR-E-TAYYIBA,Al-Qaida,0.80,,2026-09-30,moneycontrol.com,Hashim Moosa killed in Budgam: All about the LeT terrorist linked to Pahalgam attack,https://www.moneycontrol.com/news/india/hashim-moosa-killed-in-budgam-who-was-the-let-terrorist-linked-to-pahalgam-attack-14041667.html,"Matched: let | signals: killed, terror, terrorist",let,armed group; arrest; attack; financ; killed; terror
alert,QDe.118,LASHKAR-E-TAYYIBA,Al-Qaida,0.80,,2026-09-30,indiatimes.com,"Ex-Pakistan SSG commando, highly trained LeT terrorist, Pahalgam mastermind: Who was Hashim Moosa",https://timesofindia.indiatimes.com/india/ex-pakistan-ssg-commando-highly-trained-let-terrorist-pahalgam-mastermind-who-was-hashim-moosa/articleshow/134588500.cms,"Matched: let | signals: killed, terror, terrorist",let,attack; charged; convict; detain; terror; topic:ARMEDCONFLICT
alert,QDe.118,LASHKAR-E-TAYYIBA,Al-Qaida,0.80,,2026-09-30,pragativadi.com,&#x200B;Operation Korag: Top Lashkar-e-Taiba Terrorist 'Moosa' Neutralised in J&K's Budgam,https://pragativadi.com/operation-korag-top-lashkar-e-taiba-terrorist-moosa-neutralised-in-jks-budgam/,"Matched: let | signals: commander, terror, terrorist",let,arrest; attack; lashkar; militan; terror; topic:ARMEDCONFLICT
alert,QDe.118,LASHKAR-E-TAYYIBA,Al-Qaida,0.70,,2026-09-30,thehindubusinessline.com,Pakistan-based LeT commander Mohammad Asif killed in encounter in central Kashmir,https://www.thehindubusinessline.com/news/pakistan-based-let-commander-mohammad-asif-killed-in-encounter-in-central-kashmir/article71528932.ece,"Matched: let | signals: commander, killed",let,detain; insurg; killed; lashkar; topic:ARMEDCONFLICT; topic:KILL
alert,QDe.132,TEHRIK-E TALIBAN PAKISTAN (TTP),Al-Qaida,1.00,,2026-10-01,aljazeera.com,Pakistan says 22 fighters killed in air attacks on Afghanistan,https://www.aljazeera.com/news/2026/10/1/afghanistan-says-nine-killed-in-pakistani-air-raids-on-kunar-helmand,"Matched: pakistani taliban | signals: armed group, killed, taliban, terror, terrorist",pakistani taliban,armed group; attack; bombing; houthi; killed; topic:ARMEDCONFLICT
alert,QDe.132,TEHRIK-E TALIBAN PAKISTAN (TTP),Al-Qaida,1.00,,2026-10-01,dominicanrepublicpost.com,"Afghanistan says nine killed in Pakistani air raids on Kunar, Helmand&#xA0; - Dominican Republic Post &#x2013; Caribbean News, Business, Travel & Culture",https://dominicanrepublicpost.com/afghanistan-says-nine-killed-in-pakistani-air-raids-on-kunar-helmand/,"Matched: tehrik i taliban pakistan | signals: armed group, arrest, arrested, killed, taliban",tehrik i taliban pakistan,armed group; arrest; attack; bombing; killed; topic:ARMEDCONFLICT
alert,QDe.132,TEHRIK-E TALIBAN PAKISTAN (TTP),Al-Qaida,1.00,,2026-10-01,dailypioneer.com,Pakistan says 22 terrorists killed in Afghanistan airstrikes,https://dailypioneer.com/news/pakistan-afghanistan-airstrikes-22-terrorists-civilian-deaths,"Matched: tehreek e taliban | signals: killed, taliban, terror, terrorist, weapons",tehreek e taliban,attack; detain; killed; killing; terror; topic:ARMEDCONFLICT
alert,QDe.132,TEHRIK-E TALIBAN PAKISTAN (TTP),Al-Qaida,0.90,,2026-09-30,dailystar.co.uk,Gunmen slaughter 12 in ambulance terror attack after suicide bomb leaves 35 injured,https://www.dailystar.co.uk/news/world-news/gunmen-slaughter-12-ambulance-terror-37717431,"Matched: pakistani taliban, tehrik e taliban pakistan ttp | signals: killed, taliban, terror, terrorist",pakistani taliban; tehrik e taliban pakistan ttp,attack; bomb; bombing; explosive; suicide; terror
alert,QDe.132,TEHRIK-E TALIBAN PAKISTAN (TTP),Al-Qaida,0.90,,2026-10-01,panow.com,"Pakistani airstrikes in Afghanistan kill 9 civilians, Kabul says; Pakistan says only militants hit",https://panow.com/2026/09/30/pakistani-airstrikes-in-afghanistan-kill-9-civilians-kabul-says-pakistan-says-only-militants-hit/,"Matched: pakistani taliban, tehrik e taliban | signals: taliban, terror, terrorist, weapons",pakistani taliban; tehrik e taliban,arrest; attack; kill; killed; militan; topic:ARMEDCONFLICT
alert,QDe.132,TEHRIK-E TALIBAN PAKISTAN (TTP),Al-Qaida,0.90,,2026-10-01,grenadachronicle.com,"Afghanistan says nine killed in Pakistani air raids on Kunar, Helmand&#xA0; - Grenada Chronicle &#x2013; Daily Grenada And Caribbean News",https://grenadachronicle.com/afghanistan-says-nine-killed-in-pakistani-air-raids-on-kunar-helmand/,"Matched: tehrik i taliban pakistan | signals: armed group, killed, security council, taliban",tehrik i taliban pakistan,armed group; attack; bombing; houthi; killed; topic:ARMEDCONFLICT
alert,QDe.132,TEHRIK-E TALIBAN PAKISTAN (TTP),Al-Qaida,0.90,,2026-10-01,thehindu.com,Pakistan says killed 22 terrorists in airstrikes in Afghanistan,https://www.thehindu.com/news/international/pakistan-says-killed-22-terrorists-in-airstrikes-in-afghanistan/article71534287.ece,"Matched: pakistani taliban, tehreek e taliban | signals: killed, taliban, terror, terrorist",pakistani taliban; tehreek e taliban,attack; killed; killing; militan; terror; topic:ARMEDCONFLICT
alert,QDe.132,TEHRIK-E TALIBAN PAKISTAN (TTP),Al-Qaida,0.90,,2026-10-02,theshillongtimes.com,22 terrorists reportedly killed as Pak launches airstrikes on Afghanistan,https://theshillongtimes.com/2026/10/02/22-terrorists-reportedly-killed-as-pak-launches-airstrikes-on-afghanistan/,"Matched: tehreek e taliban | signals: killed, taliban, terror, terrorist",tehreek e taliban,arrest; attack; detain; killed; terror; topic:ARMEDCONFLICT
alert,QDe.132,TEHRIK-E TALIBAN PAKISTAN (TTP),Al-Qaida,0.90,,2026-10-03,indiatimes.com,"Pakistan logs over 1.2k rebel attacks in 9 months of '26, security crisis deepens",https://timesofindia.indiatimes.com/world/pakistan/pakistan-logs-over-1-2k-rebel-attacks-in-9-months-of-26-security-crisis-deepens/articleshow/134653241.cms,"Matched: tehrik i taliban pakistan | signals: isis, killed, rebel, taliban",tehrik i taliban pakistan,al qaeda; attack; bombing; explosive; rebel; topic:KILL
alert,QDe.132,TEHRIK-E TALIBAN PAKISTAN (TTP),Al-Qaida,0.90,,2026-10-04,samaa.tv,Eight terrorists killed in Dera Ismail Khan operation,https://www.samaa.tv/2087357900-eight-terrorists-killed-in-dera-ismail-khan-operation,"Matched: tehreek e taliban | signals: killed, taliban, terror, terrorist",tehreek e taliban,killed; killing; militan; missile; terror; topic:ARMEDCONFLICT
alert,QDe.132,TEHRIK-E TALIBAN PAKISTAN (TTP),Al-Qaida,0.80,,2026-09-30,arynews.tv,Resumption of PTI-Govt talks: Barrister Gohar set to meet NA Speaker in parliament today,https://arynews.tv/resumption-of-pti-govt-talks-barrister-gohar-set-to-meet-na-speaker-in-parliament-today,"Matched: tehreek e taliban | signals: taliban, terror, terrorist",tehreek e taliban,arrest; attack; charged; missile; topic:ARMEDCONFLICT; topic:ARREST
alert,QDe.132,TEHRIK-E TALIBAN PAKISTAN (TTP),Al-Qaida,0.80,,2026-10-01,dailymirror.lk,Pakistan says 22 fighters killed in air attacks on Afghanistan  - International,https://www.dailymirror.lk/international/Pakistan-says-22-fighters-killed-in-air-attacks-on-Afghanistan/107-351535,"Matched: tehrik i taliban pakistan | signals: armed group, killed, taliban",tehrik i taliban pakistan,armed group; attack; killed; killing; topic:ARMEDCONFLICT; topic:KILL
alert,QDe.132,TEHRIK-E TALIBAN PAKISTAN (TTP),Al-Qaida,0.80,,2026-10-01,outlookindia.com,"Pakistan Strikes Afghanistan, Claims 22 Militants Killed: What We Know",https://www.outlookindia.com/international/pakistan-strikes-afghanistan-claims-22-militants-killed-what-we-know,"Matched: tehreek e taliban | signals: armed group, killed, taliban",tehreek e taliban,armed group; arrest; attack; detain; killed; militan
alert,QDe.132,TEHRIK-E TALIBAN PAKISTAN (TTP),Al-Qaida,0.80,,2026-10-01,winnipegfreepress.com,Pakistan's army says Afghan Taliban governor hosted militants plotting attacks &#x2013; Winnipeg Free Press,https://www.winnipegfreepress.com/world/2026/10/01/pakistans-army-says-afghan-taliban-governor-hosted-militants-plotting-attacks,"Matched: pakistani taliban | signals: al qaeda, al qaida, taliban",pakistani taliban,al qaeda; al qaida; attack; charged; militan; taliban
alert,QDe.132,TEHRIK-E TALIBAN PAKISTAN (TTP),Al-Qaida,0.80,,2026-10-01,winknews.com,Pakistan's army says Afghan Taliban governor hosted militants plotting attacks | International,https://www.winknews.com/news/international/pakistan-s-army-says-afghan-taliban-governor-hosted-militants-plotting-attacks/article_06ff1729-8ffe-56a9-acae-8c8a5ee9e1c8.html,"Matched: pakistani taliban | signals: al qaeda, al qaida, taliban",pakistani taliban,al qaeda; al qaida; attack; designat; militan; taliban
alert,QDe.132,TEHRIK-E TALIBAN PAKISTAN (TTP),Al-Qaida,0.80,,2026-10-01,mymotherlode.com,Pakistan's army says Afghan Taliban governor hosted militants plotting attacks,https://mymotherlode.com/news/world/11185740/pakistans-army-says-afghan-taliban-governor-hosted-militants-plotting-attacks.html,"Matched: pakistani taliban | signals: al qaeda, al qaida, taliban",pakistani taliban,al qaeda; al qaida; attack; designat; militan; taliban
alert,QDe.132,TEHRIK-E TALIBAN PAKISTAN (TTP),Al-Qaida,0.80,,2026-10-02,dailypioneer.com,Seven TTP militants killed in North Waziristan operation,https://dailypioneer.com/news/seven-ttp-militants-killed-north-waziristan-operation,"Matched: tehreek e taliban | signals: killed, taliban, terror",tehreek e taliban,attack; detain; killed; militan; topic:ARMEDCONFLICT; topic:KILL
alert,QDe.132,TEHRIK-E TALIBAN PAKISTAN (TTP),Al-Qaida,0.80,,2026-10-03,newsweekpakistan.com,"After Karachi, War! &#x2013; Newsweek Pakistan",https://www.newsweekpakistan.com/after-karachi-war/,"Matched: pakistani taliban | signals: taliban, terror, terrorist",pakistani taliban,al qaeda; arrest; assassinat; attack; topic:ARMEDCONFLICT; topic:ARREST
alert,QDe.132,TEHRIK-E TALIBAN PAKISTAN (TTP),Al-Qaida,0.80,,2026-10-04,samaa.tv,Naqvi says KP govt backed out of security commitments during final talks,https://www.samaa.tv/2087357903-naqvi-says-kp-govt-backed-out-of-security-commitments-during-talks,"Matched: tehreek e taliban | signals: taliban, terror, terrorist",tehreek e taliban,missile; taliban; terror; topic:ARMEDCONFLICT; topic:SECURITY_SERVICES; topic:TAX_TERROR_GROUP
alert,QDe.132,TEHRIK-E TALIBAN PAKISTAN (TTP),Al-Qaida,0.80,,2026-10-04,dunyanews.tv,"PM Shehbaz meets Naqvi, discusses KP security situation after talks hit deadlock",https://dunyanews.tv/en/Pakistan/976069-pm-shehbaz-meets-naqvi-discusses-kp-security-situation-after-talks-hi,"Matched: tehreek e taliban | signals: taliban, terror, terrorist",tehreek e taliban,taliban; terror; topic:ARMEDCONFLICT; topic:SECURITY_SERVICES; topic:TERROR; ttp
alert,QDe.132,TEHRIK-E TALIBAN PAKISTAN (TTP),Al-Qaida,0.70,,2026-10-02,indiatimes.com,Pakistan forces kill 7 TTP militants in North Waziristan amid rising violence along Afghan border,https://timesofindia.indiatimes.com/world/pakistan/pakistan-forces-kill-7-ttp-militants-in-north-waziristan-amid-rising-violence-along-afghan-border/articleshow/134633772.cms,"Matched: pakistani taliban, tehreek e taliban | signals: killed, taliban",pakistani taliban; tehreek e taliban,arrest; attack; bomb; houthi; kill; militan
alert,QDe.132,TEHRIK-E TALIBAN PAKISTAN (TTP),Al-Qaida,0.70,,2026-10-02,arkansasonline.com,Taliban head said to host militant talks | The Arkansas Democrat-Gazette,https://www.arkansasonline.com/news/2026/oct/02/taliban-head-said-to-host-militant-talks/,"Matched: pakistani taliban | signals: al qaida, taliban",pakistani taliban,al qaida; attack; designat; insurg; militan; taliban
alert,QDe.132,TEHRIK-E TALIBAN PAKISTAN (TTP),Al-Qaida,0.70,,2026-10-02,indiatimes.com,Policeman killed in gunmen attack in Pakistan's khyber pakhtunkhwa,https://timesofindia.indiatimes.com/world/pakistan/policeman-killed-in-gunmen-attack-in-pakistans-khyber-pakhtunkhwa/articleshow/134641420.cms,"Matched: tehreek e taliban | signals: killed, taliban",tehreek e taliban,arrest; attack; houthi; killed; topic:ARMEDCONFLICT; topic:KILL
alert,QDe.132,TEHRIK-E TALIBAN PAKISTAN (TTP),Al-Qaida,0.70,,2026-10-03,indiatimes.com,Pakistan kills 5 TTP militants as violence escalates on Afghanistan border,https://timesofindia.indiatimes.com/world/pakistan/pakistan-kills-5-ttp-militants-as-violence-escalates-on-the-afghanistan-border/articleshow/134657130.cms,"Matched: tehreek e taliban | signals: killed, taliban",tehreek e taliban,arrest; attack; bombing; explosive; militan; topic:ARMEDCONFLICT
alert,QDe.132,TEHRIK-E TALIBAN PAKISTAN (TTP),Al-Qaida,0.70,,2026-10-03,khaama.com,Pakistan Airstrikes in Afghanistan: Civilian Casualties and the Mecca Pact,https://www.khaama.com/pakistan-airstrikes-afghanistan-civilian-casualties-mecca-pact/,"Matched: tehreek e taliban | signals: killed, taliban",tehreek e taliban,arrest; attack; bombing; detain; topic:ARMEDCONFLICT; topic:KILL
alert,QDe.132,TEHRIK-E TALIBAN PAKISTAN (TTP),Al-Qaida,0.60,,2026-10-01,wn.com,Afghanistan's TTP sanctuary is becoming harder to deny,https://article.wn.com/view/2026/10/01/afghanistan_8217s_ttp_sanctuary_is_becoming_harder_to_deny/,Matched: tehreek e taliban | signals: taliban,tehreek e taliban,attack; killed; killing; militan; topic:ARMEDCONFLICT; topic:TERROR
alert,QDe.132,TEHRIK-E TALIBAN PAKISTAN (TTP),Al-Qaida,0.60,,2026-10-01,rferl.org,Pakistan Targets Afghan Border Regions With Another Round Of Air Strikes,https://www.rferl.org/a/pakistan-afghanistan-air-strikes-taliban/33867970.html,Matched: tehrik e taliban pakistan ttp | signals: taliban,tehrik e taliban pakistan ttp,al qaeda; arrest; attack; bomb; topic:ARMEDCONFLICT; topic:ARREST
alert,QDe.132,TEHRIK-E TALIBAN PAKISTAN (TTP),Al-Qaida,0.60,,2026-10-01,rferl.org,Afghan Witnesses Say Children Among Victims Of Pakistani Air Strikes,https://www.rferl.org/a/afghanistan-pakistani-air-strikes-civilians/33868592.html,"Matched: pakistani taliban, tehrik e taliban pakistan ttp | signals: taliban",pakistani taliban; tehrik e taliban pakistan ttp,militan; taliban; topic:ARMEDCONFLICT; topic:KILL; topic:TAX_TERROR_GROUP; ttp
alert,QDe.132,TEHRIK-E TALIBAN PAKISTAN (TTP),Al-Qaida,0.60,,2026-10-02,newstodaynet.com,Pak airstrikes kill 10 civilians in Afghan - News Today,https://newstodaynet.com/2026/10/02/pak-airstrikes-kill-10-civilians-in-afghan/,Matched: tehrik e taliban | signals: taliban,tehrik e taliban,attack; houthi; kill; killed; topic:ARMEDCONFLICT; topic:KILL
alert,QDe.132,TEHRIK-E TALIBAN PAKISTAN (TTP),Al-Qaida,0.60,,2026-10-03,dw.com,Pakistan vs. Afghanistan: From allies and neighbors to war,https://www.dw.com/en/pakistan-vs-afghanistan-from-allies-and-neighbors-to-war/a-79532115,"Matched: pakistani taliban, tehreek e taliban | signals: taliban",pakistani taliban; tehreek e taliban,armed group; attack; captur; extremis; topic:ARMEDCONFLICT; topic:EXTREMISM
alert,QDe.138,JAMA'ATU AHLIS SUNNA LIDDA'AWATI WAL-JIHAD,Al-Qaida,0.90,,2026-10-03,nigerianeye.com,"Troops foil attempt by terrorists to plant explosives along Borno highway - Latest News In Nigeria, Nigeria News Today, Your Online Nigerian Newspaper",https://www.nigerianeye.com/2026/10/troops-foil-attempt-by-terrorists-to.html,"Matched: boko haram | signals: insurgent, nigeria, terror, terrorist",boko haram,attack; boko haram; explosive; insurg; terror; topic:ARMEDCONFLICT
alert,QDe.138,JAMA'ATU AHLIS SUNNA LIDDA'AWATI WAL-JIHAD,Al-Qaida,0.80,,2026-10-01,dailypost.ng,"Boko Haram insurgents attack Adamawa military base, kill three soldiers, forest guard",https://dailypost.ng/2026/10/01/boko-haram-insurgents-attack-adamawa-military-base-kill-three-soldiers-forest-guard/,"Matched: boko haram | signals: insurgent, killed, nigeria",boko haram,arrest; attack; boko haram; insurg; kill; topic:ARMEDCONFLICT
alert,QDe.138,JAMA'ATU AHLIS SUNNA LIDDA'AWATI WAL-JIHAD,Al-Qaida,0.80,,2026-10-02,allafrica.com,Nigeria: Boko Haram Fighters Gun Down Farmers in Borno,https://allafrica.com/stories/202610020388.html,"Matched: boko haram | signals: insurgent, killed, nigeria",boko haram,armed group; arms; attack; boko haram; topic:ARMEDCONFLICT; topic:INSURGENCY
alert,QDe.138,JAMA'ATU AHLIS SUNNA LIDDA'AWATI WAL-JIHAD,Al-Qaida,0.80,,2026-10-02,english.news.cn,At least 15 bodies recovered after suspected Boko Haram attack in NE Nigeria-Xinhua,https://english.news.cn/africa/20261003/416b7bc884f2480b83478b673bce3e05/c.html,"Matched: boko haram | signals: nigeria, terror, terrorist",boko haram,attack; boko haram; terror; topic:ARMEDCONFLICT; topic:KILL; topic:SECURITY_SERVICES
alert,QDe.138,JAMA'ATU AHLIS SUNNA LIDDA'AWATI WAL-JIHAD,Al-Qaida,0.80,,2026-10-03,azernews.az,Boko Haram militants kill 20 farmers in Nigeria's Borno state,https://www.azernews.az/region/264904.html,"Matched: boko haram | signals: nigeria, terror, terrorist",boko haram,armed group; arrest; assassinat; attack; boko haram; kill
alert,QDe.138,JAMA'ATU AHLIS SUNNA LIDDA'AWATI WAL-JIHAD,Al-Qaida,0.80,,2026-09-30,dailypost.ng,"We will block financial networks funding terrorism - Army, ICPC",https://dailypost.ng/2026/09/30/we-will-block-financial-networks-funding-terrorism-army-icpc/,"Matched: boko haram | signals: commander, nigeria, terror",boko haram,boko haram; financ; insurg; islamic state; terror; topic:ARMEDCONFLICT
alert,QDe.138,JAMA'ATU AHLIS SUNNA LIDDA'AWATI WAL-JIHAD,Al-Qaida,0.80,,2026-10-02,punchng.com,JUST IN: Suspected terrorists kill 15 farmers in Borno,https://punchng.com/just-in-suspected-terrorists-kill-15-farmers-in-borno/,"Matched: boko haram | signals: killed, terror, terrorist",boko haram,attack; boko haram; kill; killed; terror; topic:ARMEDCONFLICT
alert,QDe.138,JAMA'ATU AHLIS SUNNA LIDDA'AWATI WAL-JIHAD,Al-Qaida,0.80,,2026-10-02,vanguardngr.com,15 farmers killed by terrorists in Borno laid to rest,https://www.vanguardngr.com/2026/10/15-farmers-killed-by-terrorists-in-borno-laid-to-rest/,"Matched: boko haram | signals: killed, terror, terrorist",boko haram,arms; arrest; attack; boko haram; killed; terror
alert,QDe.138,JAMA'ATU AHLIS SUNNA LIDDA'AWATI WAL-JIHAD,Al-Qaida,0.80,,2026-10-02,whbl.com,Suspected Islamists kill Nigerian villagers collecting firewood,https://whbl.com/2026/10/02/suspected-islamists-kill-nigerian-villagers-collecting-firewood/,"Matched: boko haram | signals: armed group, killed, nigeria",boko haram,armed group; attack; boko haram; insurg; kill; topic:ARMEDCONFLICT
alert,QDe.138,JAMA'ATU AHLIS SUNNA LIDDA'AWATI WAL-JIHAD,Al-Qaida,0.80,,2026-10-02,promptnewsonline.com,"15 farmers killed, three missing after Borno terrorist attack",https://promptnewsonline.com/15-farmers-killed-three-missing-after-borno-terrorist-attack/,"Matched: boko haram | signals: killed, terror, terrorist",boko haram,arrest; attack; boko haram; killed; terror; topic:ARMEDCONFLICT
alert,QDe.138,JAMA'ATU AHLIS SUNNA LIDDA'AWATI WAL-JIHAD,Al-Qaida,0.80,,2026-10-03,punchng.com,Terrorists kill 15 farmers in Borno,https://punchng.com/terrorists-kill-15-farmers-in-borno/,"Matched: boko haram | signals: killed, terror, terrorist",boko haram,attack; boko haram; kill; killed; terror; topic:ARMEDCONFLICT
alert,QDe.138,JAMA'ATU AHLIS SUNNA LIDDA'AWATI WAL-JIHAD,Al-Qaida,0.70,,2026-10-02,dailytrust.com,Boko Haram fighters gun down Farmers in Borno,https://dailytrust.com/boko-haram-fighters-gun-down-farmers-in-borno/,"Matched: boko haram | signals: insurgent, killed",boko haram,armed group; attack; boko haram; insurg; topic:ARMEDCONFLICT; topic:INSURGENCY
alert,QDe.138,JAMA'ATU AHLIS SUNNA LIDDA'AWATI WAL-JIHAD,Al-Qaida,0.70,,2026-10-03,dailytrust.com,"Boko Haram kills 15 farmers, abduct 3 in Borno",https://dailytrust.com/boko-haram-kills-15-farmers-abduct-3-in-borno/,"Matched: boko haram | signals: insurgent, killed",boko haram,armed group; arms; attack; boko haram; topic:ARMEDCONFLICT; topic:INSURGENCY
alert,QDe.138,JAMA'ATU AHLIS SUNNA LIDDA'AWATI WAL-JIHAD,Al-Qaida,0.70,,2026-10-04,dailypost.ng,"Boko Haram weakened, not defeated &#x2013; Northern governors chairman",https://dailypost.ng/2026/10/04/boko-haram-weakened-not-defeated-northern-governors-chairman/,"Matched: boko haram | signals: insurgent, nigeria",boko haram,attack; boko haram; insurg; interpol; topic:ARMEDCONFLICT; topic:INSURGENCY
alert,QDe.138,JAMA'ATU AHLIS SUNNA LIDDA'AWATI WAL-JIHAD,Al-Qaida,0.70,,2026-10-02,vanguardngr.com,I never ordered arrest of opposition supporters with Tinubu Must Go T-Shirts - Zulum,https://www.vanguardngr.com/2026/10/i-never-ordered-arrest-of-opposition-supporters-with-tinubu-must-go-t-shirts-zulum/,"Matched: boko haram | signals: arrest, arrested",boko haram,arrest; attack; boko haram; insurg; topic:ARREST; topic:INSURGENCY
alert,QDe.138,JAMA'ATU AHLIS SUNNA LIDDA'AWATI WAL-JIHAD,Al-Qaida,0.60,,2026-10-02,bignewsnetwork.com,At least 15 bodies recovered after suspected Boko Haram attack in NE Nigeria,http://www.bignewsnetwork.com/news/279348206/at-least-15-bodies-recovered-after-suspected-boko-haram-attack-in-ne-nigeria,Matched: boko haram | signals: nigeria,boko haram,attack; boko haram; topic:ARMEDCONFLICT; topic:KILL; topic:SECURITY_SERVICES
alert,QDe.138,JAMA'ATU AHLIS SUNNA LIDDA'AWATI WAL-JIHAD,Al-Qaida,0.60,,2026-10-02,saharareporters.com,"15 Residents Killed By Suspected Boko Haram While Gathering Firewood In Borno, Amnesty International Says",https://saharareporters.com/2026/10/02/15-residents-killed-suspected-boko-haram-while-gathering-firewood-borno-amnesty,Matched: boko haram | signals: killed,boko haram,attack; boko haram; killed; killing; topic:ARMEDCONFLICT; topic:KILL
alert,QDe.138,JAMA'ATU AHLIS SUNNA LIDDA'AWATI WAL-JIHAD,Al-Qaida,0.60,,2026-10-02,news.az,Suspected Boko Haram militants kill 18 villagers in Nigeria,https://news.az/news/suspected-boko-haram-militants-kill-18-villagers-in-nigeria,Matched: boko haram | signals: nigeria,boko haram,boko haram; kill; militan; topic:ARMEDCONFLICT; topic:INSURGENCY; topic:KILL
alert,QDe.138,JAMA'ATU AHLIS SUNNA LIDDA'AWATI WAL-JIHAD,Al-Qaida,0.60,,2026-10-02,winnipegfreepress.com,"Suspected Boko Haram militants kill at least 15 in Nigeria's Borno State, police say. 3 missing &#x2013; Winnipeg Free Press",https://www.winnipegfreepress.com/world/2026/10/02/suspected-boko-haram-militants-kill-at-least-15-in-nigerias-borno-state-police-say-3-missing,Matched: boko haram | signals: nigeria,boko haram,attack; boko haram; charged; financ; kill; militan
alert,QDe.138,JAMA'ATU AHLIS SUNNA LIDDA'AWATI WAL-JIHAD,Al-Qaida,0.60,,2026-10-02,therecord.com,"Suspected Boko Haram militants kill at least 15 in Nigeria's Borno State, police say. 3 missing",https://www.therecord.com/news/world/africa/suspected-boko-haram-militants-kill-at-least-15-in-nigeria-s-borno-state-police-say-3-missing/article_ea5e548d-507a-5967-a880-8fdfdc7eaab9.html,Matched: boko haram | signals: nigeria,boko haram,attack; boko haram; kill; killed; militan; topic:ARMEDCONFLICT
alert,QDe.138,JAMA'ATU AHLIS SUNNA LIDDA'AWATI WAL-JIHAD,Al-Qaida,0.60,,2026-10-04,vanguardngr.com,Boko Haram weakened but not defeated &#x2014; Gov Inuwa Yahaya,https://www.vanguardngr.com/2026/10/boko-haram-weakened-but-not-defeated-gov-inuwa-yahaya/,Matched: boko haram | signals: insurgent,boko haram,attack; boko haram; financ; insurg; topic:ARMEDCONFLICT; topic:INSURGENCY
alert,QDe.138,JAMA'ATU AHLIS SUNNA LIDDA'AWATI WAL-JIHAD,Al-Qaida,0.60,,2026-10-02,vanguardngr.com,I never ordered arrest of 'Tinubu Must Go' supporters &#x2014; Zulum,https://www.vanguardngr.com/2026/10/i-never-ordered-arrest-of-tinubu-must-go-supporters-zulum/,Matched: boko haram | signals: arrest,boko haram,arrest; boko haram; detain; insurg; topic:ARREST; topic:INSURGENCY
alert,QDe.150,MUJAHIDIN INDONESIAN TIMUR (MIT),Al-Qaida,1.00,,2026-10-05,straitstimes.com,Indonesia arrests 11 terrorism suspects in six provinces,https://www.straitstimes.com/asia/se-asia/indonesia-arrests-11-terrorism-suspects-in-raids-across-six-provinces,"Matched: east indonesia mujahideen | signals: arrest, arrested, indonesia, isis, terror",east indonesia mujahideen,arrest; attack; bombing; densus; terror; topic:ARMEDCONFLICT
alert,QDe.156,JUND AL AQSA,Al-Qaida,1.00,,2026-09-30,nltimes.nl,Dual national who joined Syria terror groups can lose Dutch citizenship: High Court,https://nltimes.nl/2026/09/30/dual-national-joined-syria-terror-groups-can-lose-dutch-citizenship-high-court,"Matched: jund al aqsa | signals: arrest, arrested, convicted, court, jihad",jund al aqsa,arrest; charged; convict; detain; terror; topic:ARMEDCONFLICT
alert,QDe.164,JAMAAH ANSHARUT DAULAH,Al-Qaida,0.90,,2026-10-05,channelnewsasia.com,Indonesia arrests 11 over suspected links to terrorist networks,https://www.channelnewsasia.com/asia/indonesia-arrests-11-suspected-terrorists-densus-88-6432196,"Matched: jamaah ansharut daulah | signals: arrest, arrested, terror, terrorist",jamaah ansharut daulah,arrest; densus; extremis; islamic state; terror; topic:ARMEDCONFLICT
alert,QDe.164,JAMAAH ANSHARUT DAULAH,Al-Qaida,0.70,,2026-10-02,thejakartapost.com,Indonesia's new terrorism challenge: The terrorist criminal continuum - Academia,http://www.thejakartapost.com/opinion/2026/10/02/indonesias-new-terrorism-challenge-the-terrorist-criminal-continuum,"Matched: jamaah ansharut daulah | signals: terror, terrorist",jamaah ansharut daulah,attack; densus; extremis; militan; terror; topic:ARMEDCONFLICT
alert,QDi.187,ARIS SUMARSONO,Al-Qaida,0.60,,2026-10-06,kontan.co.id,Prudential Perkuat Kemandirian Desa Lewat Program DMP,https://keuangan.kontan.co.id/news/prudential-perkuat-kemandirian-desa-lewat-program-dmp,Matched: zulkarnaen | signals: indonesia,zulkarnaen,financ; finans; sanksi; topic:KILL
alert,QDi.190,ABDELKADER LAAGOUB,Al-Qaida,0.70,,2026-10-01,israelnationalnews.com,Not learning from History,https://www.israelnationalnews.com/news/433937,"Matched: rachid | signals: terror, terrorist",rachid,al qaeda; arrest; attack; bombing; topic:ARMEDCONFLICT; topic:ARREST
alert,QDi.283,ANWAR NASSER ABDULLA AL-AULAQI,Al-Qaida,1.00,,2026-10-06,dailycaller.com,Trump Approves Firing Squad Execution For Jihadist Fort Hood Shooter,https://dailycaller.com/2026/10/06/trump-hegseth-approves-firing-squad-execution-jihadist-fort-hood-shooter/,"Matched: anwar al awlaki | signals: al qaeda, convicted, jihad, killed, terror",anwar al awlaki,al qaeda; attack; convict; jihad; topic:ARMEDCONFLICT; topic:JIHAD
alert,QDi.283,ANWAR NASSER ABDULLA AL-AULAQI,Al-Qaida,0.70,,2026-09-30,nhgazette.com,"Wed, Sept 30 - The New Hampshire Gazette",https://www.nhgazette.com/2026/09/30/wed-sept-30-2/,"Matched: anwar al awlaki | signals: trial, yemen",anwar al awlaki,topic:ARMEDCONFLICT; topic:KILL; topic:TRIAL; trial
alert,QDi.309,ABDUR REHMAN,Al-Qaida,0.70,,2026-10-04,ianslive.in,Over 30 serving or former Pakistani military personnel linked in terror cases since 2003: Report,https://ianslive.in/over-30-serving-or-former-pakistani-military-personnel-linked-in-terror-cases-since-2003-report--20261004173738,"Matched: abdur rehman | signals: pakistan, terror",abdur rehman,al qaeda; attack; convict; designat; terror; topic:ARMEDCONFLICT
alert,QDi.309,ABDUR REHMAN,Al-Qaida,0.70,,2026-10-05,idrw.org,"Report: More Than 30 Serving, Former Pakistan Military Personnel Linked to Terror Cases",https://idrw.org/report-more-than-30-serving-former-pakistan-military-personnel-linked-to-terror-cases/,"Matched: abdur rehman | signals: pakistan, terror",abdur rehman,al qaeda; attack; convict; designat; terror; topic:ARMEDCONFLICT
alert,QDi.316,IYAD AG GHALI,Al-Qaida,0.90,,2026-10-01,allafrica.com,Mali: Journalist Sentenced to Two Years in Prison Over TV Remarks,https://allafrica.com/stories/202610010446.html,"Matched: iyad ag ghali | signals: armed group, jihad, mali, trial",iyad ag ghali,armed group; charged; convict; jihad; sentenced; topic:ARMEDCONFLICT
alert,QDi.337,MAYSAR ALI MUSA ABDALLAH AL-JUBURI,Al-Qaida,0.80,,2026-09-30,irishtimes.com,"After two decades, US forces leave Iraq to an uncertain future",https://www.irishtimes.com/world/middle-east/2026/09/30/after-two-decades-us-forces-leave-iraq-to-an-uncertain-future/,"Matched: al shammari | signals: insurgent, iraq, jihad",al shammari,arms; attack; detain; hostage; topic:ARMEDCONFLICT; topic:INSURGENCY
alert,QDi.343,ASHRAF MUHAMMAD YUSUF 'UTHMAN 'ABD AL-SALAM,Al-Qaida,1.00,,2026-10-01,securitycouncilreport.org,"Syria, October 2026 Monthly Forecast : Security Council Report",https://www.securitycouncilreport.org/monthly-forecast/2026-10/syria-96.php,"Matched: khattab | signals: al qaida, isil, sanction, sanctions, security council",khattab,al qaeda; al qaida; attack; detain; security council; topic:ARMEDCONFLICT
alert,QDi.343,ASHRAF MUHAMMAD YUSUF 'UTHMAN 'ABD AL-SALAM,Al-Qaida,0.60,,2026-09-30,sana.sy,"Syria's interior minister meets Hama residents over services, local concerns",https://sana.sy/en/syria/2347038/,Matched: khattab | signals: commander,khattab,smuggl; topic:TAX_MILITARY_TITLE; topic:TAX_MILITARY_TITLE_COMMANDER; weapon
alert,QDi.426,Amir Muhammad Sa’id Abdal-Rahman al-Salbi,Al-Qaida,1.00,,2026-09-30,indiatimes.com,US man who tried to travel to Syria to join and fight for IS sentenced to over 7 years in prison,https://timesofindia.indiatimes.com/world/us/us-man-who-tried-to-travel-to-syria-to-join-and-fight-for-is-sentenced-to-over-7-years-in-prison/articleshow/134595911.cms,"Matched: abu ibrahim al hashimi al qurashi | signals: arrest, arrested, court, designated, isis",abu ibrahim al hashimi al qurashi,arrest; attack; bomb; convict; sentenced; topic:ARMEDCONFLICT
alert,SDi.007,GEDO HAMDAN AHMED,Sudan,0.70,,2026-10-05,allafrica.com,"Sudan: 'Sudan's Children Face Recruitment, Sexual Violence, and Lasting Trauma' - Amnesty Researcher",https://allafrica.com/stories/202610050066.html,"Matched: gedo hamdan ahmed | signals: commander, sudan",gedo hamdan ahmed,attack; captur; detain; killed; topic:ARMEDCONFLICT; topic:ARREST
alert,SDi.009,AL-FATEH ABDULLAH IDRIS,Sudan,0.80,,2026-10-05,allafrica.com,"Sudan: 'Sudan's Children Face Recruitment, Sexual Violence, and Lasting Trauma' - Amnesty Researcher",https://allafrica.com/stories/202610050066.html,"Matched: abu lulu | signals: commander, sudan, support",abu lulu,attack; captur; detain; killed; topic:ARMEDCONFLICT; topic:ARREST
alert,SOe.001,AL-SHABAAB,Somalia,0.90,,2026-10-02,capitalfm.africa,Kindiki Warns Illicit Alcohol Dealers of Arrests in Intensified Crackdown,https://capitalfm.africa/kindiki-warns-illicit-alcohol-dealers-of-arrests-in-intensified-crackdown/,"Matched: al shabaab | signals: al shabaab, arrest, terror, terrorist",al shabaab,arrest; attack; proces; shabaab; topic:ARREST; topic:TAX_TERROR_GROUP
alert,SOe.001,AL-SHABAAB,Somalia,0.70,,2026-09-30,bbc.com,Jinsi Wahouthi wanavyopanua ushawishi wao katika Pembe ya Afrika,https://www.bbc.com/swahili/articles/crn45kqpgdndo,"Matched: al shabaab | signals: al shabaab, houthi",al shabaab,al qaeda; armed group; hezbollah; houthi; topic:ARMEDCONFLICT; topic:MILITARY_COOPERATION
alert,SOe.001,AL-SHABAAB,Somalia,0.60,,2026-09-30,arabnews.com,Arab News | Analysis: Houthi and Al-Shabab ties raise alarm over widening threat to Red Sea shipping,https://www.arabnews.com/middle-east/analysis-houthi-and-al-shabab-ties-raise-alarm-over-widening-threat-to-red-sea-shipping-3003695,Matched: al shabab | signals: houthi,al shabab,houthi; topic:ARMEDCONFLICT; topic:EXTREMISM; topic:INSURGENCY
alert,SOe.001,AL-SHABAAB,Somalia,0.60,,2026-10-01,slguardian.org,Al Shabab Keeps Somalia Trapped in a Cycle of War and Humanitarian Crisis,https://slguardian.org/al-shabab-keeps-somalia-trapped-in-a-cycle-of-war-and-humanitarian-crisis/,Matched: al shabab | signals: isis,al shabab,topic:ARMEDCONFLICT; topic:KILL; topic:MILITARY
alert,SOe.001,AL-SHABAAB,Somalia,0.60,,2026-10-02,hellenicshippingnews.com,Houthi and Al-Shabab ties raise alarm over widening threat to Red Sea shipping | Hellenic Shipping News Worldwide,https://www.hellenicshippingnews.com/houthi-and-al-shabab-ties-raise-alarm-over-widening-threat-to-red-sea-shipping/,Matched: al shabab | signals: houthi,al shabab,al qaeda; armed group; arms; attack; houthi; topic:ARMEDCONFLICT
alert,SOe.001,AL-SHABAAB,Somalia,0.60,,2026-10-05,garoweonline.com,"Al-Shabaab Cannot Take Control of Somalia, Says President",https://www.garoweonline.com/en/news/somalia/al-shabaab-cannot-take-control-of-somalia-says-president,Matched: al shabaab | signals: al shabaab,al shabaab,al qaeda; attack; insurg; killed; shabaab; topic:ARMEDCONFLICT
alert,SOe.001,AL-SHABAAB,Somalia,0.60,,2026-10-01,theshillongtimes.com,"Nurse recruitment frozen, inquiry ordered in WKH",https://theshillongtimes.com/2026/10/01/nurse-recruitment-frozen-inquiry-ordered-in-wkh/,Matched: youth wing | signals: frozen,youth wing,proces; topic:SECURITY_SERVICES; topic:TAX_MILITARY_TITLE; topic:TAX_MILITARY_TITLE_SUPERINTENDENT
alert,SOi.023,ABDIKADIR MOHAMED ABDIKADIR,Somalia,0.60,,2026-09-30,garoweonline.com,"Turkey, now a major power in Somalia, dragged into internal conflicts",https://www.garoweonline.com/en/news/somalia/turkey-now-a-major-power-in-somalia-dragged-into-internal-conflicts,Matched: abdulkadir | signals: somalia,abdulkadir,al qaeda; attack; explosive; insurg; topic:ARMEDCONFLICT; topic:INSURGENCY
alert,SOi.023,ABDIKADIR MOHAMED ABDIKADIR,Somalia,0.60,,2026-10-01,twincities.com,St. Paul Feeding Our Future fraudster sentenced federal prison,https://www.twincities.com/2026/10/01/st-paul-man-feeding-our-future-sentence/,Matched: abdulkadir | signals: court,abdulkadir,charged; financ; indict; launder; sentenced; topic:ARREST
alert,SSi.003,JAMES KOANG CHUOL,SouthSudan,0.70,,2026-10-04,eyeradio.org,"Upper Nile caretaker governor returns to Malakal, puts elections and security at top of agenda",https://eyeradio.org/upper-nile-caretaker-governor-returns-to-malakal-puts-elections-and-security-at-top-of-agenda/,"Matched: james koang chuol | signals: court, south sudan",james koang chuol,killing; topic:SECURITY_SERVICES; topic:WB_2432_FRAGILITY_CONFLICT_AND_VIOLENCE
alert,TAi.020,MATIULLAH,Taliban,1.00,,2026-10-06,egyptindependent.com,"This city is on track to run out of water by 2030. For many residents, that day is already here",https://www.egyptindependent.com/this-city-is-on-track-to-run-out-of-water-by-2030-for-many-residents-that-day-is-already-here/,"Matched: matiullah | signals: afghanistan, house, isis, kabul, taliban",matiullah,killing; taliban; topic:KILL; topic:TAX_TERROR_GROUP; topic:TAX_TERROR_GROUP_TALIBAN
alert,TAi.021,ALLAH DAD MATIN,Taliban,0.70,,2026-10-02,winnipegfreepress.com,Kandahar governor denies hosting militant leaders' talks on attacks in Pakistan &#x2013; Winnipeg Free Press,https://www.winnipegfreepress.com/world/2026/10/02/kandahar-governor-denies-hosting-militant-leaders-talks-on-attacks-in-pakistan,"Matched: akhund | signals: afghan, afghanistan",akhund,al qaida; attack; charged; financ; militan; topic:ARMEDCONFLICT
alert,TAi.026,AMIR KHAN MOTAQI,Taliban,1.00,,2026-10-05,khaama.com,8th Moscow Format Meeting on Afghanistan Opens,https://www.khaama.com/8th-moscow-format-meeting-on-afghanistan-opens/,"Matched: khan muttaqi | signals: afghanistan, minister, taliban, terror, trafficking",khan muttaqi,arrest; attack; detain; financ; topic:ARMEDCONFLICT; topic:TAX_TERROR_GROUP
alert,TAi.026,AMIR KHAN MOTAQI,Taliban,1.00,,2026-10-06,newindianexpress.com,Moscow consultations end without joint statement because of differences between Pakistan and Afghanistan,https://www.newindianexpress.com/world/2026/Oct/06/moscow-consultations-end-without-joint-statement-because-of-differences-between-pakistan-and-afghanistan,"Matched: khan muttaqi | signals: afghanistan, minister, taliban, terror, terrorist",khan muttaqi,attack; bombing; kill; militan; topic:ARMEDCONFLICT; topic:TAX_TERROR_GROUP
alert,TAi.026,AMIR KHAN MOTAQI,Taliban,1.00,,2026-10-06,voanews.com,US cautions nations against supporting Taliban as Moscow hosts Afghanistan meeting,https://www.voanews.com/a/us-cautions-nations-against-supporting-taliban-as-moscow-hosts-afghanistan-meeting/8208361.html,"Matched: khan muttaqi | signals: afghanistan, designated, minister, taliban, terror",khan muttaqi,designat; taliban; terror; topic:ARMEDCONFLICT; topic:TAX_TERROR_GROUP; topic:TAX_TERROR_GROUP_TALIBAN
alert,TAi.026,AMIR KHAN MOTAQI,Taliban,0.90,,2026-10-05,netscape.com,"Russia hosts consultations on Afghanistan, including with a Taliban delegation",https://isp.netscape.com:443/news/world/story/0001/20261005/9e8457e61919802d50a5d2571e8afa76,"Matched: khan muttaqi | signals: afghanistan, minister, taliban, trafficking",khan muttaqi,arrest; attack; bombing; extremis; taliban; topic:ARMEDCONFLICT
alert,TAi.026,AMIR KHAN MOTAQI,Taliban,0.80,,2026-10-05,bdnews24.com,Afghan Taliban says problems with Pakistan can be resolved through diplomacy,https://bdnews24.com/world/south-asia/9mfyamwmla,"Matched: khan muttaqi | signals: afghanistan, minister, taliban",khan muttaqi,attack; captur; kill; killed; taliban; topic:TAX_TERROR_GROUP
alert,TAi.026,AMIR KHAN MOTAQI,Taliban,0.80,,2026-10-05,pajhwok.com,Lavrov says NATO military infrastructure in Afghanistan unacceptable,https://pajhwok.com/2026/10/05/lavrov-says-nato-military-infrastructure-in-afghanistan-unacceptable/,"Matched: khan muttaqi | signals: afghanistan, minister, security council",khan muttaqi,armed group; daesh; sanction; security council; topic:ARMEDCONFLICT; topic:SANCTIONS
alert,TAi.026,AMIR KHAN MOTAQI,Taliban,0.80,,2026-10-05,wral.com,"Russia hosts a Taliban delegation, others for consultations on Afghanistan",https://www.wral.com/news/ap/9e845-russia-hosts-consultations-on-afghanistan-including-with-a-taliban-delegation/,"Matched: khan muttaqi | signals: afghanistan, minister, taliban",khan muttaqi,attack; bombing; extremis; islamic state; taliban; topic:ARMEDCONFLICT
alert,TAi.026,AMIR KHAN MOTAQI,Taliban,0.80,,2026-10-05,winnipegfreepress.com,"Russia hosts consultations on Afghanistan, including with a Taliban delegation &#x2013; Winnipeg Free Press",https://www.winnipegfreepress.com/world/2026/10/05/russia-hosts-consultations-on-afghanistan-including-with-a-taliban-delegation,"Matched: khan muttaqi | signals: afghanistan, minister, taliban",khan muttaqi,attack; bombing; charged; extremis; taliban; topic:ARMEDCONFLICT
alert,TAi.026,AMIR KHAN MOTAQI,Taliban,0.80,,2026-10-05,thefrontierpost.com,Afghan Taliban say problems with Pakistan can be resolved through diplomacy,https://thefrontierpost.com/afghan-taliban-say-problems-with-pakistan-can-be-resolved-through-diplomacy/,"Matched: khan muttaqi | signals: afghanistan, minister, taliban",khan muttaqi,attack; militan; taliban; topic:ARMEDCONFLICT; topic:TAX_TERROR_GROUP; topic:TAX_TERROR_GROUP_TALIBAN
alert,TAi.026,AMIR KHAN MOTAQI,Taliban,0.80,,2026-10-05,dailypioneer.com,"Russia hosts Afghanistan talks with Taliban, India and other regional powers",https://dailypioneer.com/news/russia-hosts-afghanistan-talks-with-taliban-india-and-regional-powers,"Matched: khan muttaqi | signals: afghanistan, minister, taliban",khan muttaqi,attack; detain; extremis; islamic state; taliban; topic:ARMEDCONFLICT
alert,TAi.026,AMIR KHAN MOTAQI,Taliban,0.80,,2026-10-05,wsbradio.com,"Russia hosts a Taliban delegation, others for talks on Afghanistan",https://www.wsbradio.com/news/world/russia-hosts/LVBJ4NSMSI4VVHXC2S37SEMD34/,"Matched: khan muttaqi | signals: afghanistan, minister, taliban",khan muttaqi,attack; bombing; extremis; islamic state; taliban; topic:ARMEDCONFLICT
alert,TAi.026,AMIR KHAN MOTAQI,Taliban,0.80,,2026-10-06,juancole.com,The Taliban Wants US Recognition. What Do Afghans Want?,https://www.juancole.com/2026/10/taliban-recognition-afghans.html,"Matched: khan muttaqi | signals: afghanistan, minister, taliban",khan muttaqi,al qaida; arms; asset freeze; attack; taliban; topic:ARMEDCONFLICT
alert,TAi.026,AMIR KHAN MOTAQI,Taliban,0.70,,2026-10-05,pajhwok.com,"Pakistan launches new project to undermine Afghanistan, regional security: Muttaqi",https://pajhwok.com/2026/10/05/pakistan-launches-new-project-to-undermine-afghanistan-regional-security-muttaqi/,"Matched: khan muttaqi | signals: afghanistan, minister",khan muttaqi,attack; bombing; daesh; killed; topic:ARMEDCONFLICT; topic:KILL
alert,TAi.165,MOHAMMED QASIM MIR WALI KHUDAI RAHIM,Taliban,0.60,,2026-10-05,dominicanrepublicpost.com,"Pakistan installs fishing nets at security outposts to block drone attacks&#xA0; - Dominican Republic Post &#x2013; Caribbean News, Business, Travel & Culture",https://dominicanrepublicpost.com/pakistan-installs-fishing-nets-at-security-outposts-to-block-drone-attacks/,Matched: abdul salam | signals: trial,abdul salam,armed group; attack; bombing; explosive; topic:ARMEDCONFLICT; topic:KILL
alert,TAi.165,MOHAMMED QASIM MIR WALI KHUDAI RAHIM,Taliban,0.60,,2026-10-05,aljazeera.com,Pakistan installs fishing nets at security outposts to block drone attacks,https://www.aljazeera.com/news/2026/10/5/pakistan-installs-fishing-nets-at-security-outposts-to-block-drone-attacks,Matched: abdul salam | signals: trial,abdul salam,armed group; attack; bombing; explosive; topic:ARMEDCONFLICT; topic:KILL
alert,TAi.168,QARI SAIFULLAH TOKHI,Taliban,0.90,,2026-10-03,thekashmirwalla.com,Cleric working as 'Pak agent' arrested in Chenab Valley,https://thekashmirwalla.com/man-working-as-pak-agent-arrested-in-kishtwar/,"Matched: qari sahab | signals: arrest, arrested, pakistan, terror",qari sahab,arms; arrest; attack; killed; topic:ARMEDCONFLICT; topic:ARREST
alert,YEe.001,THE HOUTHIS,Yemen,1.00,,2026-10-02,indiatimes.com,"US govt official arrested on charges of supporting Iran-backed Houthis, buying bomb-making materials",https://timesofindia.indiatimes.com/world/us/us-govt-official-arrested-on-charges-of-supporting-iran-backed-houthis-buying-bomb-making-materials/articleshow/134639800.cms,"Matched: the houthis | signals: arrest, arrested, court, houthi, rebel",the houthis,arms; arrest; attack; bomb; houthi; topic:ARMEDCONFLICT
alert,YEe.001,THE HOUTHIS,Yemen,1.00,,2026-10-03,oann.com,Feds arrest U.S. Energy Dept. employee accused of attempting to aid Iran-backed Houthis,https://www.oann.com/newsroom/feds-arrest-u-s-energy-dept-employee-accused-of-attempting-to-aid-iran-backed-houthis/,"Matched: ansar allah, the houthis | signals: arrest, arrested, houthi, terror, terrorist",ansar allah; the houthis,arrest; convict; designat; explosive; houthi; topic:ARMEDCONFLICT
alert,YEe.001,THE HOUTHIS,Yemen,1.00,,2026-10-04,internazionale.it,Yemeni government launches offensive to seize all areas from Iran-backed Houthis,https://www.internazionale.it/ultime-notizie-reuters/2026/10/04/head-of-yemen-s-presidential-council-announces-military-operations-to-retake-territory,"Matched: ansar allah, the houthis | signals: houthi, militia, terror, terrorist, weapons",ansar allah; the houthis,armed group; attack; captur; houthi; topic:ARMEDCONFLICT; topic:MILITARY_COOPERATION
alert,YEe.001,THE HOUTHIS,Yemen,1.00,,2026-10-04,bordermail.com.au,Yemeni leader announces major operation against Houthis,https://www.bordermail.com.au/story/9362341/yemeni-leader-announces-major-operation-against-houthis/,"Matched: ansar allah | signals: houthi, militia, rebel, terror, terrorist",ansar allah,attack; financ; houthi; militia; topic:ARMEDCONFLICT; topic:REBELLION
alert,YEe.001,THE HOUTHIS,Yemen,1.00,,2026-10-04,theglobeandmail.com,Yemeni government launches offensive to retake territory from Iran-backed Houthis,https://www.theglobeandmail.com/world/article-houthis-yemen-government-offensive/,"Matched: ansar allah, the houthis | signals: houthi, militia, terror, terrorist, weapons",ansar allah; the houthis,armed group; attack; captur; houthi; topic:ARMEDCONFLICT; topic:MILITARY_COOPERATION
alert,YEe.001,THE HOUTHIS,Yemen,1.00,,2026-10-04,yalibnan.com,Yemeni government launches offensive to seize all areas from Iran-backed Houthis &#x2013; Ya Libnan,https://yalibnan.com/2026/10/04/yemeni-government-launches-offensive-to-seize-all-areas-from-iran-backed-houthis/,"Matched: ansar allah, the houthis | signals: houthi, militia, terror, terrorist, weapons",ansar allah; the houthis,armed group; attack; captur; houthi; topic:ARMEDCONFLICT; topic:MILITARY_COOPERATION
alert,YEe.001,THE HOUTHIS,Yemen,1.00,,2026-10-05,dunyanews.tv,Yemeni govt launches offensive to reclaim all areas from Houthis,https://dunyanews.tv/en/World/976129-yemeni-govt-launches-offensive-to-reclaim-all-areas-from-houthis,"Matched: ansar allah, the houthis | signals: houthi, militia, rebel, terror, terrorist",ansar allah; the houthis,armed group; attack; captur; houthi; topic:ARMEDCONFLICT; topic:MILITARY_COOPERATION
alert,YEe.001,THE HOUTHIS,Yemen,1.00,,2026-10-05,wn.com,US backs major offensive as Yemen slides back toward all-out war,https://article.wn.com/view/2026/10/05/US_backs_major_offensive_as_Yemen_slides_back_toward_allout_/,"Matched: ansar allah, the houthis | signals: houthi, militia, terror, terrorist, yemen",ansar allah; the houthis,captur; houthi; militia; rebel; topic:ARMEDCONFLICT; topic:TAX_TERROR_GROUP
alert,YEe.001,THE HOUTHIS,Yemen,1.00,,2026-10-05,israelnationalnews.com,Yemen announces major offensive to retake Houthi-controlled areas,https://www.israelnationalnews.com/news/434111,"Matched: ansar allah, the houthis | signals: houthi, militia, terror, terrorist, weapons",ansar allah; the houthis,attack; hamas; houthi; militia; topic:ARMEDCONFLICT; topic:REBELLION
alert,YEe.001,THE HOUTHIS,Yemen,1.00,,2026-10-05,ariananews.af,Yemeni government launches offensive to seize all areas from Iran-backed Houthis | Ariana News,https://www.ariananews.af/yemeni-government-launches-offensive-to-seize-all-areas-from-iran-backed-houthis/,"Matched: ansar allah, the houthis | signals: houthi, militia, terror, terrorist, weapons",ansar allah; the houthis,armed group; attack; captur; houthi; topic:ARMEDCONFLICT; topic:MILITARY_COOPERATION
alert,YEe.001,THE HOUTHIS,Yemen,1.00,,2026-10-05,thenationonlineng.net,Yemeni govt launches offensive to seize areas from Iran-backed Houthis,https://thenationonlineng.net/yemeni-govt-launches-offensive-to-seize-areas-from-iran-backed-houthis/,"Matched: ansar allah, the houthis | signals: houthi, militia, terror, terrorist, weapons",ansar allah; the houthis,armed group; attack; captur; houthi; topic:ARMEDCONFLICT; topic:MILITARY_COOPERATION
alert,YEe.001,THE HOUTHIS,Yemen,1.00,,2026-10-05,middle-east-online.com,Yemen government declares major offensive against Houthis,https://www.middle-east-online.com/en/yemen-government-declares-major-offensive-against-houthis,"Matched: ansar allah, the houthis | signals: houthi, missile, terror, terrorist, yemen",ansar allah; the houthis,armed group; attack; captur; houthi; topic:ARMEDCONFLICT; topic:MILITARY_COOPERATION
alert,YEe.001,THE HOUTHIS,Yemen,1.00,,2026-10-05,en.apa.az,T&#xFC;rkiye and Pakistan intend to deploy troops to Saudi Arabia,https://en.apa.az/asia/turkiye-and-pakistan-intend-to-deploy-troops-to-saudi-arabia-528278,"Matched: ansar allah, the houthis | signals: houthi, rebel, terror, terrorist, yemen",ansar allah; the houthis,arrest; attack; detain; financ; topic:ARMEDCONFLICT; topic:TAX_TERROR_GROUP
alert,YEe.001,THE HOUTHIS,Yemen,0.90,,2026-10-01,indiatimes.com,Iran's 'village' is cracking. How Tehran is keeping its Axis of Resistance alive,https://timesofindia.indiatimes.com/world/middle-east/irans-village-is-cracking-how-tehran-is-keeping-its-axis-of-resistance-alive/articleshow/134622991.cms,"Matched: ansar allah, the houthis | signals: armed group, houthi, militia, yemen",ansar allah; the houthis,armed group; attack; bombing; financ; topic:ARMEDCONFLICT; topic:INSURGENCY
alert,YEe.001,THE HOUTHIS,Yemen,0.90,,2026-10-05,dominicanrepublicpost.com,"Yemen forces claim to seize Dhubab, sites near Bab al-Mandeb from Houthis&#xA0; - Dominican Republic Post &#x2013; Caribbean News, Business, Travel & Culture",https://dominicanrepublicpost.com/yemen-forces-claim-to-seize-dhubab-sites-near-bab-al-mandeb-from-houthis/,"Matched: ansar allah, supporters of god, the houthis | signals: armed group, houthi, militia, yemen",ansar allah; supporters of god; the houthis,armed group; attack; houthi; kill; topic:ARMEDCONFLICT; topic:KILL
alert,YEe.001,THE HOUTHIS,Yemen,0.90,,2026-10-06,middleeasteye.net,"More than 130,000 displaced inside Yemen amid renewed fighting: UNHCR",https://www.middleeasteye.net/live-blog/live-blog-update/more-130000-displaced-inside-yemen-amid-renewed-fighting-unhcr,"Matched: ansar allah | signals: houthi, killed, missile, yemen",ansar allah,houthi; killed; missile; topic:ARMEDCONFLICT; topic:KILL; topic:TAX_TERROR_GROUP
alert,YEe.001,THE HOUTHIS,Yemen,0.80,,2026-10-05,indiatimes.com,Oil prices ease slightly as G7 and Middle East crude supplies set to hit market,https://timesofindia.indiatimes.com/business/international-business/oil-prices-ease-slightly-as-g7-and-middle-east-crude-supplies-set-to-hit-market/articleshow/134683679.cms,"Matched: the houthis | signals: houthi, missile, yemen",the houthis,attack; charged; convict; financ; topic:ARMEDCONFLICT; topic:WB_2432_FRAGILITY_CONFLICT_AND_VIOLENCE
alert,YEe.001,THE HOUTHIS,Yemen,0.80,,2026-10-05,abc.net.au,Yemen's government declares major military campaign against Houthis,https://www.abc.net.au/news/2026-10-05/yemeni-government-launches-offensive-to-seize-all-areas-from-ira/107228550,"Matched: ansar allah, the houthis | signals: houthi, rebel, yemen",ansar allah; the houthis,armed group; attack; captur; houthi; topic:ARMEDCONFLICT; topic:MILITARY
alert,YEe.001,THE HOUTHIS,Yemen,0.80,,2026-10-05,aljazeera.com,"Yemen war: What's the latest, as government forces claim advances? | Houthis News",https://www.aljazeera.com/news/2026/10/5/yemen-war-escalates-whats-the-latest-on-the-battlefield,"Matched: ansar allah, supporters of god, the houthis | signals: frozen, houthi, yemen",ansar allah; supporters of god; the houthis,armed group; arms; attack; captur; houthi; topic:ARMEDCONFLICT
alert,YEe.001,THE HOUTHIS,Yemen,0.80,,2026-10-05,zerohedge.com,"Massive Fires Along Saudi Oil Export Pipeline, Regional Outlet Says",http://www.zerohedge.com/energy/saudi-east-west-pipeline-hit-new-attack-still-flowing-normal,"Matched: ansar allah, ansarallah | signals: houthi, missile, yemen",ansar allah; ansarallah,ansarallah; attack; captur; financ; topic:ARMEDCONFLICT; topic:TAX_TERROR_GROUP
alert,YEe.001,THE HOUTHIS,Yemen,0.80,,2026-10-06,dunyanews.tv,"Yemen forces retake Mocha, key positions from Houthis",https://dunyanews.tv/en/World/976381-yemen-forces-retake-mocha-key-positions-from-houthis,"Matched: ansar allah, the houthis | signals: houthi, killed, yemen",ansar allah; the houthis,captur; houthi; killed; killing; topic:ARMEDCONFLICT; topic:KILL
alert,YEe.001,THE HOUTHIS,Yemen,0.80,,2026-10-06,dominicanrepublicpost.com,"Saudi Arabia says three wounded in attacks on airports near Yemen border&#xA0; - Dominican Republic Post &#x2013; Caribbean News, Business, Travel & Culture",https://dominicanrepublicpost.com/saudi-arabia-says-three-wounded-in-attacks-on-airports-near-yemen-border/,"Matched: ansar allah, supporters of god, the houthis | signals: armed group, houthi, yemen",ansar allah; supporters of god; the houthis,armed group; attack; captur; houthi; topic:ARMEDCONFLICT; topic:TAX_TERROR_GROUP
alert,YEe.001,THE HOUTHIS,Yemen,0.80,,2026-10-06,aljazeera.com,Saudi Arabia says three wounded in attacks on airports near Yemen border,https://www.aljazeera.com/news/2026/10/6/saudi-arabia-says-three-wounded-in-attacks-on-airports-near-yemen-border,"Matched: ansar allah, supporters of god, the houthis | signals: armed group, houthi, yemen",ansar allah; supporters of god; the houthis,armed group; attack; captur; houthi; topic:ARMEDCONFLICT; topic:TAX_TERROR_GROUP
alert,YEe.001,THE HOUTHIS,Yemen,0.80,,2026-10-06,aljazeera.com,Yemen forces claim key gains near Bab al-Mandeb: What's the latest? | Explainer News,https://www.aljazeera.com/news/2026/10/6/yemen-war-whats-the-latest-on-the-battlefield,"Matched: ansar allah, supporters of god, the houthis | signals: armed group, houthi, yemen",ansar allah; supporters of god; the houthis,armed group; attack; captur; explosive; topic:ARMEDCONFLICT; topic:KILL
alert,YEe.001,THE HOUTHIS,Yemen,0.80,,2026-10-06,al-monitor.com,"From Amaliqa to Houthis, here are main armed groups fighting in Yemen",https://www.al-monitor.com/originals/2026/10/amaliqa-houthis-here-are-main-armed-groups-fighting-yemen,"Matched: the houthis | signals: armed group, houthi, yemen",the houthis,armed group; designat; houthi; militan; topic:ARMEDCONFLICT; topic:MILITARY
alert,YEe.001,THE HOUTHIS,Yemen,0.70,,2026-10-06,aljazeera.com,Yemen's government is on the attack against the Houthis. What has changed? | Conflict News,https://www.aljazeera.com/news-analysis/2026/10/6/yemen-government-is-on-the-attack-against-the-houthis-what-has-changed,"Matched: ansar allah, supporters of god, the houthis | signals: houthi, yemen",ansar allah; supporters of god; the houthis,attack; bombing; houthi; missile; topic:ARMEDCONFLICT; topic:MILITARY
alert,YEe.001,THE HOUTHIS,Yemen,0.70,,2026-10-03,azernews.az,Saudi Arabia plans large-scale offensive against Houthis,https://www.azernews.az/region/264906.html,"Matched: ansar allah, the houthis | signals: houthi, yemen",ansar allah; the houthis,arrest; assassinat; attack; houthi; topic:ARMEDCONFLICT; topic:TAX_TERROR_GROUP
alert,YEe.001,THE HOUTHIS,Yemen,0.70,,2026-10-03,omanobserver.om,Loud explosions heard in Yemen capital,https://www.omanobserver.om/article/1197152/world/region/loud-explosions-heard-in-yemen-capital,"Matched: ansar allah, the houthis | signals: missile, yemen",ansar allah; the houthis,attack; houthi; killed; missile; topic:ARMEDCONFLICT; topic:KILL
alert,YEe.001,THE HOUTHIS,Yemen,0.70,,2026-10-03,bankingnews.gr,Saudi Aramco ablaze after strikes as Riyadh plans major ground assault in Yemen,https://www.bankingnews.gr/diethni/articles/903121/saudi-aramco-ablaze-after-strikes-as-riyadh-plans-yemen-assault,"Matched: ansar allah, the houthis | signals: houthi, yemen",ansar allah; the houthis,attack; houthi; missile; topic:ARMEDCONFLICT; topic:MARITIME_PIRACY; topic:REBELLION
alert,YEe.001,THE HOUTHIS,Yemen,0.70,,2026-10-04,washingtonexaminer.com,"As Yemen's civil war enters a new phase, what's next for the embattled country?",http://www.washingtonexaminer.com/news/world/4753011/yemen-troops-civil-war-new-phase-could-shift-toward-sanaa-houthis/,"Matched: the houthis | signals: houthi, yemen",the houthis,financ; houthi; topic:ARMEDCONFLICT; topic:EXTREMISM; topic:MARITIME_PIRACY
alert,YEe.001,THE HOUTHIS,Yemen,0.70,,2026-10-04,nakedcapitalism.com,"Iran War: Trump at Camp David, Iran Flexes, Riyadh Hit",https://www.nakedcapitalism.com/2026/10/iran-war-trump-camp-david-iran-missile-test-ansar-allah-riyadh-hit.html,"Matched: ansar allah, ansarallah, the houthis | signals: missile, treasury",ansar allah; ansarallah; the houthis,ansarallah; arms; attack; blacklist; topic:ARMEDCONFLICT; topic:EXTREMISM
alert,YEe.001,THE HOUTHIS,Yemen,0.70,,2026-10-05,jpost.com,"Yemeni forces launch massive new offensive against Houthis, will it succeed?",http://www.jpost.com/middle-east/article-910654,"Matched: ansar allah, the houthis | signals: houthi, yemen",ansar allah; the houthis,attack; captur; houthi; killed; topic:ARMEDCONFLICT; topic:KILL
alert,YEe.001,THE HOUTHIS,Yemen,0.70,,2026-10-05,aljazeera.com,"Yemeni forces reclaim Dhubab, key positions near Bab al-Mandeb from Houthis",https://www.aljazeera.com/news/2026/10/5/yemen-forces-claim-to-seize-dhubab-sites-near-bab-al-mandeb-from-houthis,"Matched: ansar allah, the houthis | signals: houthi, yemen",ansar allah; the houthis,armed group; attack; houthi; kill; topic:ARMEDCONFLICT; topic:MILITARY
alert,YEe.001,THE HOUTHIS,Yemen,0.70,,2026-10-05,omanobserver.om,Yemen and Saudi launch drive to retake territory,https://www.omanobserver.om/article/1197307/world/region/yemen-and-saudi-launch-drive-to-retake-territory,"Matched: ansar allah | signals: killed, yemen",ansar allah,attack; killed; topic:ARMEDCONFLICT; topic:KILL; topic:REBELLION
alert,YEe.001,THE HOUTHIS,Yemen,0.70,,2026-10-05,peoplesworld.org,Saudi Arabia bombs Yemen with Trump administration's help &#x2013; People's World,https://peoplesworld.org/article/saudi-arabia-bombs-yemen-with-trump-administrations-help/,"Matched: ansarallah, the houthis | signals: houthi, yemen",ansarallah; the houthis,ansarallah; arms; attack; bombing; topic:ARMEDCONFLICT; topic:MIL_SELF_IDENTIFIED_ARMS_DEAL
alert,YEe.001,THE HOUTHIS,Yemen,0.70,,2026-10-06,euronews.com,Yemen government forces advance on Bab el-Mandeb in offensive against Houthis,https://www.euronews.com/2026/10/06/yemen-government-forces-advance-on-bab-el-mandeb-in-offensive-against-houthis,"Matched: ansar allah, the houthis | signals: houthi, yemen",ansar allah; the houthis,attack; captur; hamas; hezbollah; houthi; topic:ARMEDCONFLICT
alert,YEe.001,THE HOUTHIS,Yemen,0.70,,2026-10-06,zerohedge.com,"Houthis Attack Multiple Saudi Airports, Wounding Bystanders - Warn Civilian Infrastructure Now In Crosshairs",http://www.zerohedge.com/geopolitical/houthis-attack-multiple-saudi-airports-wounding-bystanders-warn-civilian,"Matched: ansar allah, the houthis | signals: houthi, yemen",ansar allah; the houthis,attack; bombing; financ; houthi
alert,YEe.001,THE HOUTHIS,Yemen,0.70,,2026-10-06,azernews.az,"Yemen fighting forces over 184,000 people to flee their homes since August",https://www.azernews.az/region/265065.html,"Matched: ansar allah, the houthis | signals: houthi, yemen",ansar allah; the houthis,arrest; assassinat; attack; houthi; topic:ARMEDCONFLICT; topic:SEIGE
alert,YEe.001,THE HOUTHIS,Yemen,0.60,,2026-10-02,fair.org,"Corporate Media Don't Understand the Houthis&#x2014;and Don't Want You to, Either &#x2014; FAIR",https://fair.org/home/corporate-media-dont-understand-the-houthis-and-dont-want-you-to-either/,"Matched: ansar allah, supporters of god, the houthis | signals: houthi",ansar allah; supporters of god; the houthis,arms; attack; bomb; bombing; houthi; topic:ARMEDCONFLICT
alert,YEe.001,THE HOUTHIS,Yemen,0.60,,2026-10-04,antiwar.com,Riyadh-Based Yemeni Leader Announces Offensive Against Ansar Allah as Saudi Arabia Escalates Airstrikes,https://news.antiwar.com/2026/10/04/riyadh-based-yemeni-leader-announces-offensive-against-ansar-allah-as-saudi-arabia-escalates-airstrikes/,Matched: ansar allah | signals: yemen,ansar allah,topic:ARMEDCONFLICT; topic:KILL; topic:TAX_TERROR_GROUP
alert,YEe.001,THE HOUTHIS,Yemen,0.60,,2026-10-05,omanobserver.om,Saudi-led coalition says joined Yemen govt offensive against Ansar Allah,https://www.omanobserver.om/article/1197276/world/region/saudi-led-coalition-says-joined-yemen-govt-offensive-against-ansar-allah,"Matched: ansar allah, the houthis | signals: yemen",ansar allah; the houthis,attack; captur; houthi; killed; topic:ARMEDCONFLICT; topic:KILL
alert,YEe.001,THE HOUTHIS,Yemen,0.60,,2026-09-30,omanobserver.om,"Saudi crown prince, UAE vice president meet in Riyadh",https://www.omanobserver.om/article/1197021/world/region/saudi-crown-prince-uae-vice-president-meet-in-riyadh,"Matched: ansar allah, the houthis | signals: yemen",ansar allah; the houthis,attack; houthi; topic:ARMEDCONFLICT; topic:MARITIME_PIRACY; topic:REBELLION
alert,YEe.001,THE HOUTHIS,Yemen,0.60,,2026-10-01,nakedcapitalism.com,Iran War: The Narrative War Continues to Confuse and Confuddle,https://www.nakedcapitalism.com/2026/10/iran-war-the-narrative-war-continues-amidst-false-flags-and-big-explosions.html,"Matched: ansar allah, ansarallah | signals: missile",ansar allah; ansarallah,ansarallah; arrest; attack; bomb; topic:ARMEDCONFLICT
alert,YEe.001,THE HOUTHIS,Yemen,0.60,,2026-10-02,omanobserver.om,Saudi plans assault to end Red Sea chokehold,https://www.omanobserver.om/article/1197144/world/region/saudi-plans-assault-to-end-red-sea-chokehold,Matched: ansar allah | signals: yemen,ansar allah,attack; houthi; missile; topic:ARMEDCONFLICT; topic:MILITARY_COOPERATION; topic:REBELLION
alert,YEe.001,THE HOUTHIS,Yemen,0.60,,2026-10-05,nakedcapitalism.com,Iran War: Saudi-Backed Forces Launch Major Yemen Campaign; More on Oil Transits and Economic Conditions,https://www.nakedcapitalism.com/2026/10/iran-war-saudi-backed-forces-launch-major-yemen-campaign-more-on-oil-transits-and-economic-conditions.html,"Matched: ansar allah, ansarallah, the houthis | signals: yemen",ansar allah; ansarallah; the houthis,ansarallah; attack; bomb; bombing; topic:ARMEDCONFLICT; topic:KILL
alert,YEe.001,THE HOUTHIS,Yemen,0.60,,2026-10-06,countercurrents.org,Pakistan's Mecca Pact: The Guns Gaza Never Got,https://countercurrents.org/2026/10/pakistans-mecca-pact-the-guns-gaza-never-got/,Matched: ansar allah | signals: yemen,ansar allah,attack; bombing; kill; killed; topic:ARMEDCONFLICT; topic:KILL
borderline,CDi.007,THOMAS LUBANGA,DRC,0.30,,2026-10-05,radiookapi.net,Des leaders communautaires appellent &#xE0; relancer le dialogue autour de l'accord d'Aru 2 en Ituri,https://www.radiookapi.net/2026/10/05/actualite/securite/des-leaders-communautaires-appellent-relancer-le-dialogue-autour-de,Name appears but nothing in the text corroborates it: thomas lubanga,thomas lubanga,adf; assassinat; attaque; proces; topic:ARMEDCONFLICT; topic:MILITARY
borderline,CDi.007,THOMAS LUBANGA,DRC,0.30,,2026-10-05,allafrica.com,Congo-Kinshasa: Des leaders communautaires appellent &#xE0; relancer le dialogue autour de l'accord d'Aru 2 en Ituri,https://fr.allafrica.com/stories/202610050687.html,Name appears but nothing in the text corroborates it: thomas lubanga,thomas lubanga,attaque; proces; topic:ARMEDCONFLICT; topic:MILITARY; topic:WB_2432_FRAGILITY_CONFLICT_AND_VIOLENCE
borderline,HTe.001,GRAN GRIF,Haiti,0.30,,2026-10-01,pjmedia.com,Shield of the Americas in Action: 45 Tons of Drugs Headed for the United States,https://pjmedia.com/sarah-anderson/2026/09/30/45-tons-of-drugs-headed-for-the-united-states-n4957830,Name appears but nothing in the text corroborates it: gran grif,gran grif,financ; terror; topic:ARMEDCONFLICT; topic:MILITARY; topic:TAX_FNCACT_KILLERS; traffick
borderline,HTe.002,VIV ANSANM,Haiti,0.30,,2026-10-06,chronicle.lu,"Luxembourg Expands Training for Adapto, Mobibus Drivers",https://www.chronicle.lu/category/living-in-luxembourg/63822-luxembourg-expands-training-for-adapto-mobibus-drivers,Name appears but nothing in the text corroborates it: living together,living together,topic:WB_1484_EDUCATION_SKILLS_DEVELOPMENT_AND_LABOR_MARKET; topic:WB_2131_EMPLOYABILITY_SKILLS_AND_JOBS
borderline,HTi.001,JIMMY CHERIZIER,Haiti,0.30,,2026-10-05,wral.com,Are your taste buds ready for the ride? Liquid cotton candy and 80+ new foods at NC State Fair,https://www.wral.com/news/local/new-state-fair-foods-october-2026/,Name appears but nothing in the text corroborates it: barbeque,barbeque,topic:TAX_WEAPONS; topic:TAX_WEAPONS_BOMBS
borderline,KPe.030,OFFICE 39,DPRK,0.30,,2026-09-30,manilatimes.net,Smart Placement Inc. Announces Proposal for Hunter Safety Course Incentive for Middle and High School Students,https://www.manilatimes.net/2026/10/01/tmt-newswire/globenewswire/smart-placement-inc-announces-proposal-for-hunter-safety-course-incentive-for-middle-and-high-school-students/2436528,Name appears but nothing in the text corroborates it: third floor,third floor,reward; topic:TAX_WEAPONS; topic:TAX_WEAPONS_FIREARM; topic:WB_2432_FRAGILITY_CONFLICT_AND_VIOLENCE
borderline,KPe.030,OFFICE 39,DPRK,0.30,,2026-10-05,lawyersweekly.com.au,Remembering Elysha: Barrister puts pen to paper to navigate wife's death,https://www.lawyersweekly.com.au/biglaw/45141-remembering-elysha-barrister-puts-pen-to-paper-to-navigate-wife-s-death,Name appears but nothing in the text corroborates it: third floor,third floor,proces; topic:TRIAL
borderline,QDe.004,AL-QAIDA,Al-Qaida,0.30,,2026-10-06,wnd.com,"'A different posture': As bombers leave U.K., Hegseth eyes shifting more troops * WorldNetDaily * by Ron Strom",https://www.wnd.com/2026/10/different-posture-as-bombers-leave-u-k-hegseth/,"Name appears but nothing in the text corroborates it: al qaeda, the base",al qaeda; the base,al qaeda; arrest; attack; designat; topic:ARMEDCONFLICT; topic:ARREST
borderline,QDe.004,AL-QAIDA,Al-Qaida,0.30,,2026-10-06,worthynews.com,"As Bombers Leave UK, Hegseth Eyes Shifting More Troops From Europe",https://www.worthynews.com/118008-as-bombers-leave-uk-hegseth-eyes-shifting-more-troops-from-europe,"Name appears but nothing in the text corroborates it: al qaeda, the base",al qaeda; the base,al qaeda; arrest; attack; designat; topic:ARMEDCONFLICT; topic:ARREST
borderline,QDe.008,HARAKAT UL-MUJAHIDIN / HUM,Al-Qaida,0.30,,2026-10-01,artforum.com,Bronner Family of Collectors Awarded Art Cologne Prize,https://www.artforum.com/news/bronner-family-collectors-awarded-art-cologne-prize-1234760585/,Name appears but nothing in the text corroborates it: al hadid,al hadid,financ; proces; topic:KILL
borderline,QDe.008,HARAKAT UL-MUJAHIDIN / HUM,Al-Qaida,0.30,,2026-10-01,riotimesonline.com,"Asia Intelligence Brief &#x2014; Thursday, October 1, 2026",https://www.riotimesonline.com/asia-intelligence-brief-thursday-october-1-2026/,Name appears but nothing in the text corroborates it: hua,hua,financ; killed; missile; nuclear; topic:ARMEDCONFLICT; topic:ARREST
borderline,QDe.107,AL FURQAN,Al-Qaida,0.30,,2026-10-02,liputan6.com,"Arti Surat Al-Baqarah Ayat 186, Menyelami Makna Allah Dekat dengan Hamba-Nya",https://www.liputan6.com/islami/read/8302618/arti-surat-al-baqarah-ayat-186-menyelami-makna-allah-dekat-dengan-hamba-nya,Name appears but nothing in the text corroborates it: al furqan,al furqan,topic:SECURITY_SERVICES
borderline,QDe.138,JAMA'ATU AHLIS SUNNA LIDDA'AWATI WAL-JIHAD,Al-Qaida,0.30,,2026-10-02,leadership.ng,Boko Haram Reportedly Kills 15 Farmers In Borno,https://leadership.ng/boko-haram-reportedly-kills-15-farmers-in-borno/,Name appears but nothing in the text corroborates it: boko haram,boko haram,boko haram; topic:ARMEDCONFLICT; topic:KILL; topic:TAX_TERROR_GROUP
borderline,QDe.138,JAMA'ATU AHLIS SUNNA LIDDA'AWATI WAL-JIHAD,Al-Qaida,0.30,,2026-10-04,dailytrust.com,"Gov Inuwa: Boko Haram weakened, not defeated",https://dailytrust.com/gov-inuwa-boko-haram-weakened-not-defeated/,Name appears but nothing in the text corroborates it: boko haram,boko haram,arrest; attack; boko haram; insurg; topic:ARMEDCONFLICT; topic:INSURGENCY
borderline,QDe.138,JAMA'ATU AHLIS SUNNA LIDDA'AWATI WAL-JIHAD,Al-Qaida,0.30,,2026-10-04,theeagleonline.com.ng,"Boko Haram weakened, not defeated, Gombe governor declares",https://theeagleonline.com.ng/boko-haram-weakened-not-defeated-gombe-governor-declares/,Name appears but nothing in the text corroborates it: boko haram,boko haram,boko haram; topic:ARMEDCONFLICT; topic:INSURGENCY; topic:TAX_TERROR_GROUP
borderline,QDe.138,JAMA'ATU AHLIS SUNNA LIDDA'AWATI WAL-JIHAD,Al-Qaida,0.30,,2026-10-04,thesun.ng,Boko Haram weakened but not defeated,https://thesun.ng/boko-haram-weakened-but-not-defeated-gombe-gov/,Name appears but nothing in the text corroborates it: boko haram,boko haram,attack; boko haram; charged; insurg; topic:ARMEDCONFLICT; topic:INSURGENCY
borderline,QDe.138,JAMA'ATU AHLIS SUNNA LIDDA'AWATI WAL-JIHAD,Al-Qaida,0.30,,2026-10-04,riotimesonline.com,"Gombe Governor Says Boko Haram Weakened, Not Defeated",https://www.riotimesonline.com/boko-haram-weakened-not-defeated-2026/,"Name appears but nothing in the text corroborates it: boko haram, jama atu ahlis sunna lidda awati wal jihad",boko haram; jama atu ahlis sunna lidda awati wal jihad,armed group; attack; boko haram; financ; topic:ARMEDCONFLICT; topic:INSURGENCY
borderline,QDe.138,JAMA'ATU AHLIS SUNNA LIDDA'AWATI WAL-JIHAD,Al-Qaida,0.30,,2026-10-01,malawi24.com,"Deputy Director, Programs, International Rescue Committee",https://malawi24.com/marketplace/listing/deputy-director-programs-international-rescue-committee/,Name appears but nothing in the text corroborates it: boko haram,boko haram,boko haram; topic:TAX_TERROR_GROUP; topic:TAX_TERROR_GROUP_BOKO_HARAM; topic:WB_1484_EDUCATION_SKILLS_DEVELOPMENT_AND_LABOR_MARKET
borderline,QDi.087,NURJAMAN RIDUAN ISAMUDDIN,Al-Qaida,0.30,,2026-10-05,viva.co.id,Pertengkaran Rumah Tangga Berujung Maut! Pasutri di Gowa Ditemukan Tewas,https://www.viva.co.id/berita/nasional/1933404-pertengkaran-rumah-tangga-berujung-maut-pasutri-di-gowa-ditemukan-tewas,Name appears but nothing in the text corroborates it: hambali,hambali,ditangkap; senjata; serangan; topic:KILL; topic:SECURITY_SERVICES; topic:TAX_MILITARY_TITLE
borderline,QDi.123,YASSIN SYAWAL,Al-Qaida,0.30,,2026-10-06,viva.co.id,"Asap Kebakaran Lahan Picu Tabrakan Beruntun 10 Kendaraan di Jalintim Tulang Bawang, 2 Tewas dan 5 Luka",https://lampung.viva.co.id/berita/10324-asap-kebakaran-lahan-picu-tabrakan-beruntun-10-kendaraan-di-jalintim-tulang-bawang-2-tewas-dan-5-luka,Name appears but nothing in the text corroborates it: mubarok,mubarok,topic:KILL; topic:SECURITY_SERVICES; topic:TAX_MILITARY_TITLE
borderline,QDi.187,ARIS SUMARSONO,Al-Qaida,0.30,,2026-10-01,viva.co.id,"Berikut Susunan Kepengurusan PBNU Era Gus Kikin 2026-2031, Ada Nama JK dan Ma'ruf Amin",https://www.viva.co.id/berita/nasional/1932197-berikut-susunan-kepengurusan-pbnu-era-gus-kikin-2026-2031-ada-nama-jk-dan-maruf-amin,Name appears but nothing in the text corroborates it: zulkarnaen,zulkarnaen,ditangkap; topic:TRIAL
borderline,QDi.187,ARIS SUMARSONO,Al-Qaida,0.30,,2026-10-04,sumutpos.co,"HA IPB Karo Gelar Muscab, Dorong Penguatan Sektor Pertanian dan Peluang Anak Karo Kuliah di IPB",https://sumutpos.co/pendidikan/04/10/2026/ha-ipb-karo-gelar-muscab-dorong-penguatan-sektor-pertanian-dan-peluang-anak-karo-kuliah-di-ipb/,Name appears but nothing in the text corroborates it: zulkarnain,zulkarnain,topic:KILL
borderline,QDi.343,ASHRAF MUHAMMAD YUSUF 'UTHMAN 'ABD AL-SALAM,Al-Qaida,0.30,,2026-10-04,sana.sy,Syria's interior minister opens renovated training facility in Damascus,https://sana.sy/en/syria/2347987/,Name appears but nothing in the text corroborates it: khattab,khattab,attack; topic:WB_1484_EDUCATION_SKILLS_DEVELOPMENT_AND_LABOR_MARKET; topic:WB_2131_EMPLOYABILITY_SKILLS_AND_JOBS
borderline,SOe.001,AL-SHABAAB,Somalia,0.30,,2026-09-30,indiatimes.com,Meghalaya warns law will take its course after VPP MDC 'disrupts' nurse interviews | Guwahati News,https://timesofindia.indiatimes.com/city/guwahati/meghalaya-warns-law-will-take-its-course-after-vpp-mdc-disrupts-nurse-interviews/articleshow/134599913.cms,Name appears but nothing in the text corroborates it: youth wing,youth wing,arrest; attack; bomb; convict; topic:SECURITY_SERVICES
borderline,SOe.001,AL-SHABAAB,Somalia,0.30,,2026-10-01,theshillongtimes.com,"VPP seeks stronger safeguards, market access for farmers",https://theshillongtimes.com/2026/10/01/vpp-seeks-stronger-safeguards-market-access-for-farmers/,Name appears but nothing in the text corroborates it: youth wing,youth wing,arrest; detain; financ; proces; topic:WB_1484_EDUCATION_SKILLS_DEVELOPMENT_AND_LABOR_MARKET; topic:WB_2131_EMPLOYABILITY_SKILLS_AND_JOBS
borderline,SOe.001,AL-SHABAAB,Somalia,0.30,,2026-10-03,punchng.com,Labour Party youth leaders propose backing Tinubu for 2027,https://punchng.com/breaking-labour-party-youth-leaders-propose-backing-tinubu-for-2027/,"Name appears but nothing in the text corroborates it: the youth, youth wing",the youth; youth wing,topic:WB_1484_EDUCATION_SKILLS_DEVELOPMENT_AND_LABOR_MARKET; topic:WB_2131_EMPLOYABILITY_SKILLS_AND_JOBS
borderline,SOe.001,AL-SHABAAB,Somalia,0.30,,2026-10-04,thisdaylive.com,2027: Labour Party Youth Leaders Move to Back Tinubu's Reelection &#x2013; THISDAYLIVE,https://www.thisdaylive.com/2026/10/04/2027-labour-party-youth-leaders-move-to-back-tinubus-reelection/,Name appears but nothing in the text corroborates it: the youth,the youth,topic:WB_1484_EDUCATION_SKILLS_DEVELOPMENT_AND_LABOR_MARKET; topic:WB_2131_EMPLOYABILITY_SKILLS_AND_JOBS
borderline,SOe.001,AL-SHABAAB,Somalia,0.30,,2026-10-06,miragenews.com,"Grant Funding, Local Pride Bring Mural to Belgrave",https://www.miragenews.com/grant-funding-local-pride-bring-mural-to-1755551/,Name appears but nothing in the text corroborates it: the youth,the youth,nuclear; proces; topic:WB_1484_EDUCATION_SKILLS_DEVELOPMENT_AND_LABOR_MARKET; topic:WB_2131_EMPLOYABILITY_SKILLS_AND_JOBS
borderline,SOi.023,ABDIKADIR MOHAMED ABDIKADIR,Somalia,0.30,,2026-10-03,wardheernews.com,"Justice with Civic Virtue: ""I saw him walking today like a dhidir""",https://wardheernews.com/justice-with-civic-virtue-i-saw-him-walking-today-like-a-dhidir/,Name appears but nothing in the text corroborates it: abdulkadir,abdulkadir,evade; financ; militia; rebel; topic:ARMEDCONFLICT; topic:ARREST
borderline,TAi.026,AMIR KHAN MOTAQI,Taliban,0.30,,2026-10-03,afghanislamicpress.com,"Amir Khan Muttaqi, UNAMA deputy head discuss Pakistani airstrikes",https://www.afghanislamicpress.com/en/index.php/news/107768,Name appears but nothing in the text corroborates it: khan muttaqi,khan muttaqi,topic:ARMEDCONFLICT
borderline,TAi.078,MOHAMMAD WALI MOHAMMAD EWAZ,Taliban,0.30,,2026-10-05,english.news.cn,Afghan authorities launch major road asphalting project in Farah province-Xinhua,https://english.news.cn/20261005/a1e3f7ee1535470ab9faf8a3d32422d0/c.html,Name appears but nothing in the text corroborates it: mohammad wali,mohammad wali,topic:WB_2432_FRAGILITY_CONFLICT_AND_VIOLENCE; topic:WB_2433_CONFLICT_AND_VIOLENCE
borderline,YEe.001,THE HOUTHIS,Yemen,0.30,,2026-10-06,omanobserver.om,"Ansar Allah claim striking Riyadh airport, other Saudi sites",https://www.omanobserver.om/article/1197322/world/region/ansar-allah-claim-striking-riyadh-airport-other-saudi-sites,Name appears but nothing in the text corroborates it: ansar allah,ansar allah,attack; topic:ARMEDCONFLICT; topic:REBELLION; topic:SEIGE; weapon
official,QDe.004,AL-QAIDA,Al-Qaida,1.00,official,,UN Security Council sanctions committee press releases,Security Council ISIL (Da’esh) and Al-Qaida Sanctions Committee Amends One Entr…,https://press.un.org/en/2026/sc16465.doc.htm,security council isil da esh and al qaida sanctions committee amends one entr a required part of this site couldn t load this may be due to a browser extension network issues or browser settings please check your connection disable any ad blockers or try using a different browser,al qaida,
official,QDe.004,AL-QAIDA,Al-Qaida,1.00,official,,UN Security Council sanctions committee press releases,Security Council ISIL (Da’esh) and Al-Qaida Sanctions Committee Amends Two Entr…,https://press.un.org/en/2026/sc16446.doc.htm,security council isil da esh and al qaida sanctions committee amends two entr a required part of this site couldn t load this may be due to a browser extension network issues or browser settings please check your connection disable any ad blockers or try using a different browser,al qaida,
official,QDe.004,AL-QAIDA,Al-Qaida,1.00,official,,UN Security Council sanctions committee press releases,Security Council ISIL (Da’esh) and Al-Qaida Sanctions Committee Amends 21 Entri…,https://press.un.org/en/2026/sc16435.doc.htm,security council isil da esh and al qaida sanctions committee amends 21 entri a required part of this site couldn t load this may be due to a browser extension network issues or browser settings please check your connection disable any ad blockers or try using a different browser,al qaida,
official,QDe.004,AL-QAIDA,Al-Qaida,1.00,official,,UN Security Council sanctions committee press releases,Security Council ISIL (Da’esh) and Al-Qaida Sanctions Committee Amends Four Ent…,https://press.un.org/en/2026/sc16433.doc.htm,security council isil da esh and al qaida sanctions committee amends four ent a required part of this site couldn t load this may be due to a browser extension network issues or browser settings please check your connection disable any ad blockers or try using a different browser,al qaida,
official,QDe.004,AL-QAIDA,Al-Qaida,1.00,official,,UN Security Council sanctions committee press releases,Security Council ISIL (Da’esh) and Al-Qaida Sanctions Committee Amends Four Ent…,https://press.un.org/en/2026/sc16432.doc.htm,security council isil da esh and al qaida sanctions committee amends four ent a required part of this site couldn t load this may be due to a browser extension network issues or browser settings please check your connection disable any ad blockers or try using a different browser,al qaida,
official,QDe.004,AL-QAIDA,Al-Qaida,1.00,official,,UN Security Council sanctions committee press releases,Security Council ISIL (Da’esh) and Al-Qaida Sanctions Committee Amends One Entr…,https://press.un.org/en/2026/sc16407.doc.htm,security council isil da esh and al qaida sanctions committee amends one entr a required part of this site couldn t load this may be due to a browser extension network issues or browser settings please check your connection disable any ad blockers or try using a different browser,al qaida,
official,QDe.004,AL-QAIDA,Al-Qaida,1.00,official,,UN Security Council sanctions committee press releases,Security Council ISIL (Da’esh) and Al-Qaida Sanctions Committee Removes Seven E…,https://press.un.org/en/2026/sc16365.doc.htm,security council isil da esh and al qaida sanctions committee removes seven e a required part of this site couldn t load this may be due to a browser extension network issues or browser settings please check your connection disable any ad blockers or try using a different browser,al qaida,
official,QDe.004,AL-QAIDA,Al-Qaida,1.00,official,,UN Security Council sanctions committee press releases,Security Council ISIL (Da’esh) and Al-Qaida Sanctions Committee Adds One Entry …,https://press.un.org/en/2026/sc16323.doc.htm,security council isil da esh and al qaida sanctions committee adds one entry a required part of this site couldn t load this may be due to a browser extension network issues or browser settings please check your connection disable any ad blockers or try using a different browser,al qaida,
official,QDe.004,AL-QAIDA,Al-Qaida,1.00,official,,UN Security Council sanctions committee press releases,Security Council ISIL (Da’esh) and Al-Qaida Sanctions Committee Adds One Entry …,https://press.un.org/en/2026/sc16324.doc.htm,security council isil da esh and al qaida sanctions committee adds one entry a required part of this site couldn t load this may be due to a browser extension network issues or browser settings please check your connection disable any ad blockers or try using a different browser,al qaida,
official,QDe.004,AL-QAIDA,Al-Qaida,1.00,official,,UN Security Council sanctions committee press releases,SC/16306 27 February 2026 Security Council ISIL (Da’esh) and Al-Qaida Sanction…,https://press.un.org/en/2026/sc16306.doc.htm,sc 16306 27 february 2026 security council isil da esh and al qaida sanction a required part of this site couldn t load this may be due to a browser extension network issues or browser settings please check your connection disable any ad blockers or try using a different browser,al qaida,
official,QDe.004,AL-QAIDA,Al-Qaida,1.00,official,,UN Security Council sanctions committee press releases,Security Council ISIL (Da’esh) and Al-Qaida Sanctions Committee Amends One Entr…,https://press.un.org/en/2025/sc16197.doc.htm,security council isil da esh and al qaida sanctions committee amends one entr a required part of this site couldn t load this may be due to a browser extension network issues or browser settings please check your connection disable any ad blockers or try using a different browser,al qaida,
official,QDe.004,AL-QAIDA,Al-Qaida,1.00,official,,UN Security Council sanctions committee press releases,Security Council ISIL (Da’esh) and Al-Qaida Sanctions Committee Amends One Entr…,https://press.un.org/en/2025/sc16193.doc.htm,security council isil da esh and al qaida sanctions committee amends one entr a required part of this site couldn t load this may be due to a browser extension network issues or browser settings please check your connection disable any ad blockers or try using a different browser,al qaida,
official,QDe.004,AL-QAIDA,Al-Qaida,1.00,official,,UN Security Council sanctions committee press releases,Security Council ISIL (Da’esh) and Al-Qaida Sanctions Committee Amends Two Entr…,https://press.un.org/en/2025/sc16188.doc.htm,security council isil da esh and al qaida sanctions committee amends two entr a required part of this site couldn t load this may be due to a browser extension network issues or browser settings please check your connection disable any ad blockers or try using a different browser,al qaida,
official,QDe.004,AL-QAIDA,Al-Qaida,1.00,official,,UN Security Council sanctions committee press releases,Security Council ISIL (Da’esh) and Al-Qaida Sanctions Committee Amends Five Ent…,https://press.un.org/en/2025/sc16155.doc.htm,security council isil da esh and al qaida sanctions committee amends five ent a required part of this site couldn t load this may be due to a browser extension network issues or browser settings please check your connection disable any ad blockers or try using a different browser,al qaida,
