status,ref,name,regime,confidence,category,date,source,title,url,summary,matched,context
alert,CDe.001,ADF,DRC,1.00,,2026-08-07,redpepper.co.ug,WAR ON TERROR! Ex-Guantanamo Bay Prisoner Jailed 6 Years for Supporting ADF,https://redpepper.co.ug/war-on-terror-ex-guantanamo-bay-prisoner-jailed-6-years-for-supporting-adf/150208/,"Matched: adf, allied democratic forces | signals: adf, court, designated, terror, terrorist",adf; allied democratic forces,adf; arrest; charged; convict; terror; topic:ARMEDCONFLICT
alert,CDe.001,ADF,DRC,1.00,,2026-07-16,miragenews.com,"UNSC Sanctions Committee Adds 6 Individuals, 2 Entities",https://www.miragenews.com/unsc-sanctions-committee-adds-6-individuals-2-1711601/,"Matched: adf, allied democratic forces | signals: adf, commander, democratic republic of the congo, designation, interpol",adf; allied democratic forces,adf; armed group; designat; fdlr; sanction; topic:ARMEDCONFLICT
alert,CDe.001,ADF,DRC,0.90,,2026-07-23,english.news.cn,At least 16 killed in suspected ADF attack in eastern DR Congo-Xinhua,https://english.news.cn/20260723/a261bc3b24fc4499aabb590bd09c73da/c.html,"Matched: adf, allied democratic forces | signals: adf, democratic republic of the congo, killed, rebel",adf; allied democratic forces,adf; attack; islamic state; killed; topic:ARMEDCONFLICT; topic:KILL
alert,CDe.001,ADF,DRC,0.90,,2026-07-20,friendsofthecongo.org,Security in North Kivu: military governor regains full control of the front line,https://friendsofthecongo.org/security-in-north-kivu-military-governor-regains-full-control-of-the-front-line/,"Matched: adf, allied democratic forces | signals: adf, commander, terror, terrorist",adf; allied democratic forces,adf; terror; topic:ARMEDCONFLICT; topic:SEIGE; topic:TAX_FNCACT_MILITARY_GOVERNOR
alert,CDe.001,ADF,DRC,0.80,,2026-10-06,ntv.co.ug,Two former ADF recruits convicted over bomb attacks,https://ntv.co.ug/news/two-former-adf-recruits-convicted-over-bomb-attacks,"Matched: adf, allied democratic forces | signals: adf, convicted, court",adf; allied democratic forces,adf; attack; bomb; charged; convict; topic:ARMEDCONFLICT
alert,CDe.001,ADF,DRC,0.80,,28 Jul 2026,Le Monde.fr,At least 31 civilians killed by ADF jihadists in northeast DRC - Le Monde.fr,https://news.google.com/rss/articles/CBMi0gFBVV95cUxPQ2JHa29GcEJDUG5CcGZwUVVqZWVSOE5Sd0k2NTZvNGRheDBJZVk5cm8zbHJDeUtfeEZjX05qVlgtLWlobkRKVl9CYmZRTnE5UUJNY1NxdHlUNnoxZFlSR0ZtcjV6cjNaLXVnWjd2U2tWcnhMTnJfZUVheGlLcllBenJzRWo4OUNvMXZydWZ2Y1RFRzJmdEtfcHJCSlVsSTdTMTVGWEI0UmRmZzZFY01KX1VkWnEydXhHZVBELVZacTc1MkIzUEkzTE9SRmRaOXY3MXc?oc=5,"Matched: adf | signals: adf, jihad, killed",adf,adf; jihad; killed
alert,CDe.001,ADF,DRC,0.80,,2026-07-13,modernghana.com,Conflict In North Kivu: When The M23 Uses Chinese Weapons,https://www.modernghana.com/news/1510366/conflict-in-north-kivu-when-the-m23-uses-chinese.html,"Matched: adf, allied democratic forces | signals: m23, rebel, weapons",adf; allied democratic forces,adf; armed group; arms; captur; m23; topic:ARMEDCONFLICT
alert,CDe.001,ADF,DRC,0.80,,2026-07-17,gatestoneinstitute.org,"'All Christians Must Die': The Extremist Persecution of Christians, April 2026",https://www.gatestoneinstitute.org/22694/persecution-of-christians-april,"Matched: adf, allied democratic forces | signals: jihad, terror, terrorist",adf; allied democratic forces,adf; al qaeda; arrest; attack; extremis; topic:ARMEDCONFLICT
alert,CDe.001,ADF,DRC,0.70,,2026-07-27,hindustantimes.com,"ADF kills at least 31 killed in DR Congo: locals, security sources",https://www.hindustantimes.com/world-news/us-news/adf-kills-at-least-31-killed-in-dr-congo-locals-security-sources-101785178840601.html,"Matched: adf, allied democratic forces | signals: adf, killed",adf; allied democratic forces,adf; armed group; attack; islamic state; killed; topic:ARMEDCONFLICT
alert,CDe.001,ADF,DRC,0.70,,27 Jul 2026,La Presse,République démocratique du Congo | Au moins 31 civils tués dans des attaques des rebelles ADF - La Presse,https://news.google.com/rss/articles/CBMi5wFBVV95cUxOTnpTWno3aHJLQXhUbmJMa2MyUFQ2STZfd2JidHhRNGZ5cE9lYkJtb0w4blctRVJOV0k1c09FQ09FckYtRkpENXpZUUt5Q3NvYjVhOFEwbC1TSWcydk5mOFpxZGVqemNFeEw0VjdZN3ZMVHpBWnYtaHRTTHQ2ZDlFakhuRktWLUFqUG9FdWlzb3FpZEk4Tk1zeTBPSE4tWjh4OEExNl9MRFVXM3JEc3hlNXdzc2hmeFJnZ3VxZUswSVFRV29DX1JtUDNyczRmWVdKMmdxdmxOU3FNVTBLbkxqOWcwckZPRFE?oc=5,"Matched: adf | signals: adf, rebel",adf,adf; attaque; rebel
alert,CDe.001,ADF,DRC,0.70,,2026-07-09,jpost.com,"Protesters burn Ebola treatment centers, attack healthcare workers",http://www.jpost.com/international/article-902042,"Matched: allied democratic forces | signals: m23, rebel",allied democratic forces,attack; financ; islamic state; killed; topic:ARMEDCONFLICT; topic:KILL
alert,CDe.001,ADF,DRC,0.60,,2026-08-09,dailypioneer.com,Islamic State-Linked ADF Militants Kill 13 in Congo Village Near Uganda Border,https://dailypioneer.com/news/is-linked-group-kills-13-in-congo,"Matched: adf, allied democratic forces | signals: adf",adf; allied democratic forces,adf; attack; houthi; islamic state; kill; militan
alert,CDe.001,ADF,DRC,0.60,,17 Sep 2026,Free Press Kashmir,"At least eight ADF hostages released in DR Congo’s Ituri, 30 still missing - Free Press Kashmir",https://news.google.com/rss/articles/CBMitAFBVV95cUxNYWlaSFBpZmszaTNFaENlTWlfMWZXOTNJbjVXU19sN3lvMS1GRnJDZzNYb0QxcDN5R1lrTWZBSWI5N1BpSFdIWWVMeWxLQWlwZmk2cjZrYVUtZ0QzUVNmNVZydmdzMjdaV0lQZDhCeGNsSFJiWlJkRm9qZXpDUzNER0ZhTWFqRnB4MGYyS1g0WFg2emZnRl8wbFFzS1o0M0FORUhUNFE1T25nZHljOUhmQjk1b1TSAboBQVVfeXFMTTZOZ1FUVmhIb2EtQldUZS15TGY0LUhxUVJlaFExTU9PMlI5aEtHLURlbjI4RDVFb1RRSU1ZdWtPc01VS0xVT1hlaktNVHNRWDlyT3RuejhUd3dnVTAtZjFSM19MN3hEZnc0bjU2X3B6U2VIejlCWTh3OHlBTmlRcUg2RjV3X18xUmgyWHlYcG53Wnl1aFR1X2oteEVhY1R6R0hhdlNJZlJ0NDlaOUhwczJXcVlNLTVMNUZR?oc=5,Matched: adf | signals: adf,adf,adf; hostage
alert,CDe.001,ADF,DRC,0.60,,08 Aug 2026,The Eastleigh Voice,Suspected ADF attack leaves 13 dead in eastern DRC - The Eastleigh Voice,https://news.google.com/rss/articles/CBMitgFBVV95cUxPeUowbHJQc2s1NXFFUFQxeUZCRmJRN0VJVjBBMmUzY3lNMGVwSmdiTTE3QWsyWXR1d2VjTjhidlpmRHFOTEhKZjZtNzFicXdvWlVocGpCSFFwZW5tSC1Mem80SzhzLTc3TG54MUVCa2l4X3dObnJjblZNclRmX3QwS0FQeHU2R2l3eUE4d1ptMW0wdmZTbVhIdEwzWUU5SldGM28wSWpSM0sxczBoeDZJYWhJZnlfUQ?oc=5,Matched: adf | signals: adf,adf,adf; attack
alert,CDe.001,ADF,DRC,0.60,,21 Aug 2026,Benin Web TV,DRC: the ADF accused of killing at least 114 civilians in July - Benin Web TV,https://news.google.com/rss/articles/CBMikAFBVV95cUxQZUs5RmdTV2dQZnY2Vjc5Y2Y2blhaNk9JZW1pUkdfMzYzYmRjc0FjTGtzOVZiTUdPYnNkV2xlMURueVlsU2NHR3dJY01RMTB1RlpHUUZMUmxMcldjUFhFNFJfTC1QbC04QU5IdnNRdWNzT2xOUl9VZ2E5WHhtaUxYOTRIdTVQeE03WW5WNjNqdnQ?oc=5,Matched: adf | signals: adf,adf,adf; killing
alert,CDe.001,ADF,DRC,0.60,,18 Aug 2026,Benin Web TV,DRC: about fifty people kidnapped during an ADF incursion in Mambasa - Benin Web TV,https://news.google.com/rss/articles/CBMimAFBVV95cUxON1RkcVVKczJFTFRuRy1FZlByS3BHZFQ0VmxjQ3M4RHdvWjNYb0g3cGgxbjNSVVJUdE9zSXZlRjYxSGxGSWppY1c3U2dwcENYM19DYXBHVmFQNXd3RGRwNkVZOG9hR0pvS244Tjg3ZFUzUVBSaFZSR3EtcUM0Q0VDbmN4TTZ4ZERpRkNjSmVhaFpiNndOaW54Tg?oc=5,Matched: adf | signals: adf,adf,adf; kidnap
alert,CDe.001,ADF,DRC,0.60,,21 Aug 2026,beninwebtv.com,DRC: the ADF accused of killing at least 114 civilians in July - beninwebtv.com,https://news.google.com/rss/articles/CBMikgFBVV95cUxOTXl0eGZwQzZlM0hQaVF3aUlfdDRlejhMYU9lSnhSeHJpajdXOFdScW1UQ2FENUJCNHNTaUhncjZEY0UxVTU2NFRISjdDVWt6QjVmdnFqM0szX3RjUzA3dTZ3RkI5TFpnSjB0dGV3bnFXOURrdURTc054akJDbVVndFh0TUd5b3U4elZPU3lvNWFUQQ?oc=5,Matched: adf | signals: adf,adf,adf; killing
alert,CDe.001,ADF,DRC,0.60,,18 Aug 2026,beninwebtv.com,DRC: about fifty people kidnapped during an ADF incursion in Mambasa - beninwebtv.com,https://news.google.com/rss/articles/CBMimgFBVV95cUxNd3ByS0xqS0JoaUVDWkV4aDRLUFd3eGpIY0xnbmx1S0JnazY5VDRGYlNSOUNkbVZKVmdneVpySE1xUTB6Yl9YREthSU0xdHpSNGtKRWFndDdnQlRSY0MwVjZJVXdjNWk4R3pZODhRQWppQmEtZktMLWlCOFZ4Q2w1dmVQcklKUks1OElJSldaNGFNRWc5Q3E5UVl3?oc=5,Matched: adf | signals: adf,adf,adf; kidnap
alert,CDe.001,ADF,DRC,0.60,,03 Aug 2026,beninwebtv.com,"DRC: After new attacks by the ADF, civil society toughens its opposition. - beninwebtv.com",https://news.google.com/rss/articles/CBMingFBVV95cUxOZUh5blNRdjhYazJaWW9IZTkzd0h3T3dZSE94TkhoNklqcUw2eW4zY09CenphN0VfWWtlSVM2V0dMcFZkd2piajVwSGRfXzVHbkxPNW9HMGVFbDlqc1g4ekVJZmVrWHBMa1hQaHpDelZPZkR0dW10LXhLdDAzM2JrNVhtVUY2VVRKa2N0N0dmNmk0VDBqVUVKTFl3VU5HQQ?oc=5,Matched: adf | signals: adf,adf,adf; attack
alert,CDe.001,ADF,DRC,0.60,,25 Jul 2026,France 24,RD Congo : une vingtaine de morts dans une attaque des ADF à Mambasa et à Béni - France 24,https://news.google.com/rss/articles/CBMi1gFBVV95cUxQNEFHeUFhdjJ3WGxiVE43QUVZWWFBU3hxaGRlX0FELXRZT3VWbEhueDRsWXBqc0dBZ1cyckJkRTl5Sm9mMHNId0N4dXRHVDVZQVlFMGwwaS1fMlpxeWk0cGhiMGU1YXZCbVhjVlgzdjRTNGEweXdqb3JBUjY1MXloSHNUZUhBOWNjaHVmUFRMWHE4NnpVckhhZkdMWktmMWxYOWY0NmhDeHlQVnAyNHJWck9MY1NQN0JoWjJQNVhpRElQaG04c1V2RURBMG54czRidktCZ1FR?oc=5,Matched: adf | signals: adf,adf,adf; attaque
alert,CDe.001,ADF,DRC,0.60,,09 Aug 2026,RFI,Ƙungiyar ADF ta kashe fararen hula 13 a arewacin DR Congo - RFI,https://news.google.com/rss/articles/CBMiogFBVV95cUxNb2pBTllGczk3VDdHOXF0MnBOak81SVY1bWdzNzdxUHAzd0hocm1QX3VMcUNCRFpuYVJ0VHdWQ2MtTXowdUNfc29xTGFJc25IVllic2JLcTN6YmRoLVNPSmpQOFp0MVBTc2JlaVNBSHo2alljV1R4Y3NodGVQeTdkVVpNc3J4bUhMWFdua1g5bWhLVVRmblB4ekwwY2RsVGxWYUE?oc=5,Matched: adf | signals: adf,adf,adf
alert,CDe.001,ADF,DRC,0.50,,2026-07-09,ibtimes.co.uk,Is Trump Lying? POTUS Claims He Ended a 14-Year African War Where '15 Million Had Their Heads Chopped Off',https://www.ibtimes.co.uk/fact-checking-trump-rwanda-drc-conflict-claims-1807930,Matched: allied democratic forces,allied democratic forces,attack; killing; m23; proces; topic:ARMEDCONFLICT; topic:KILL
alert,CDe.001,ADF,DRC,0.50,,2026-07-15,observer.ug,Uganda's Gaza mandate: Why the proposed deployment risks country's credibility,https://observer.ug/viewpoint/ugandas-gaza-mandate-why-the-proposed-deployment-risks-countrys-credibility/,Matched: allied democratic forces,allied democratic forces,attack; convict; killed; proces; topic:KILL; topic:MILITARY
alert,CDe.005,FORCES DEMOCRATIQUES DE LIBERATION DU RWANDA (FDLR),DRC,0.70,,16 Aug 2026,Wansom AI,Rwanda High Court: FDLR Rebranding Efforts Constitute Genocide Denial - Wansom AI,https://news.google.com/rss/articles/CBMiyAFBVV95cUxNaVZldU9WTVdLampuYm83T3VsR3ZYZ2hzcFVqSDdrM2RrZ3RxWE5yNGlnR1lYQ1pOOV8waEFzZ0NSbVl5dmhxNmJyVzZCZmlNR1ZHbnZ2SHluUE5Xc0p4cWRFU2RFUEVwV3JhWkVLU1hLQV9QaHFFTzN5aWpHLTRIbUNfbWpMSjhoU2oxbVJOakx5b2tuWWFBdVdpX2Y2MEpJSzZpeTZoSkY1NG50b3Z2cTR5WkkxWE5tTUYzUTRrT0xrWGhheko1bw?oc=5,"Matched: fdlr | signals: court, fdlr",fdlr,fdlr
alert,CDe.005,FORCES DEMOCRATIQUES DE LIBERATION DU RWANDA (FDLR),DRC,0.70,,12 Aug 2026,Wansom AI,Kinshasa Court: No FDLR Relocation Plan Without Rwanda's Consent - Wansom AI,https://news.google.com/rss/articles/CBMi4wFBVV95cUxOXzhFTWpsR0VDTll3MVZIcGNWNjdEMmMydExyMGpKdXVDUFlwbU5JeklFbzl2cUdsckgzZDlHdldsQzVPeGN2Q0hOU2xORlF0bUt4ZG1qTzVFMVlIa2otdzlVbnE3R1VETE83T21IT1RaejR2ZElXYmpSWkk4MVhnZGQycTM1VU95eUJiZ09mTU0xOWNvQk1ycl8teTNIUDZCZnhEWnVmUFptV0pvZHpMbkFkNzVERm9icjN6ZnhLRkJYZjUwazc1Zmd0RHp3WElIMnF1LVlyT2h5REpSZFFoaS05NA?oc=5,"Matched: fdlr | signals: court, fdlr",fdlr,fdlr
alert,CDe.005,FORCES DEMOCRATIQUES DE LIBERATION DU RWANDA (FDLR),DRC,0.70,,24 Jul 2026,Wansom AI,FDLR and the Security Council - Rwanda's UN Resolutions Become a Substitute for Action - Wansom AI,https://news.google.com/rss/articles/CBMi-wFBVV95cUxPVHh2Z2N4S1ZSZjZaVU13ZWZyUUtfcWNoVDhhY2s2LVQwZzJ2MTBLWnlkYjFZNF9ERUFTQnVWbG5hNGxaWTBOTkk4dGM2YnVxY2F5OGJteWNYcTFoZXBMWnhGR203M0lreVQ1NExMaGJ6ZE1MU1hVVkpjUkFEMDYyQnVwalRla2REaTREd0pwUW8wdmxTM3B3WkRDajlycWZLRGZOMWRLNHY1Q1kwNXhLZ3VuX2RvLWY0VWdvZUtNM3ZjWUdrWk5vRFlsRTQ4Z2xjQ3FZR3NUOXp1d1p6dkw3Q1JlSTE2dTFQR0pPb3V1WTU2cUZtMmo3SHpNcw?oc=5,"Matched: fdlr | signals: fdlr, security council",fdlr,fdlr; security council
alert,CDe.005,FORCES DEMOCRATIQUES DE LIBERATION DU RWANDA (FDLR),DRC,0.70,,31 Jul 2026,KT PRESS -,MONUSCO Caught Smuggling Ghost FDLR Combatants to Rwanda - KT PRESS -,https://news.google.com/rss/articles/CBMikgFBVV95cUxNWW56bTI1Ym51Z0NLYmZ5a0dNOGozbTA3NXdjS0J3Tm9YdzdzbFZJTGI0YlU0RWJBMkJ6M2VMbHBjTzdpV096Vmt3RWRxT2JmOUhWWVdqZ2FTbi1Zc1kxNVlkaUtUR1NvS2JFY0FFNkljeFNnOHNKSFAyM0NLMnlKekd5amhKN0d6YWRKSGJobjQwZw?oc=5,"Matched: fdlr | signals: fdlr, smuggl",fdlr,fdlr; smuggl
alert,CDe.005,FORCES DEMOCRATIQUES DE LIBERATION DU RWANDA (FDLR),DRC,0.70,,16 Aug 2026,France 24,RD Congo : un protocole pour démobiliser les rebelles rwandais des FDLR - France 24,https://news.google.com/rss/articles/CBMivwFBVV95cUxPNFJuVGp4UmpFLUlCN1NReTEzQmtvcDZxUG9obmlMSnZMYlFuZ3ViN3ZGV0tQNmkwSmF3Yk9EVEkyZXV0UjBfTVVNbUZnU3BWVWZ4RlhROUVqemVOYmYzMVRSdVRLUXNPU3FtQmVVS0k3RFF2UFdZRTZPYm9nODRJOE1odlc5Wi1kQi1adjZGRWdGbE00Slo2VXkwLS1HaWktNUtYamkwOXBCcnFac3VTOXVLcWdzWmJTaTRaTmI4UQ?oc=5,"Matched: fdlr | signals: fdlr, rebel",fdlr,fdlr; rebel
alert,CDe.005,FORCES DEMOCRATIQUES DE LIBERATION DU RWANDA (FDLR),DRC,0.60,,25 Aug 2026,Africanews,Rwanda’s Kagame Calls FDLR Disarmament Efforts ‘Superficial’ - Africanews,https://news.google.com/rss/articles/CBMinAFBVV95cUxNNS1nRTR4eEhXaHM3Z1JxNWxxRll2WXJyUGtwRUkzZG9NMXVOaE1BMDNBTmc2MFRqUng0MjhMVW1KYW5Cc3Bob3BmaG1IRlBUS0hhU3VLVjh4cWtGMzdWU29qUVI2NkpjajBxN200N3c0NWljLTNXWDJrQ2MwWThsQ1R5cHY1NzRLMXBqaEQxRkZHMHNKTkdPQUtaLVDSAaIBQVVfeXFMTmN2Q3B5cUFPNy1WcXpKdFJYeWo1OVBRR2Z2cTlZemdNcU1hN3NRM3ZRM243cVRuSUc0bkhjWU00cXhHUU91elRxdWFHNlpHd1U0LTVOd2txTHdpUzhLUGp5aWZ4MXBoc19HZUtvMjVuV2dEMUZtMG9lTzM4OTZ1cGpDQWNZSnhvSWlzbld6dHRrV3JfTGlpUGp3MVRvRTV4cDF3?oc=5,Matched: fdlr | signals: fdlr,fdlr,fdlr
alert,CDe.005,FORCES DEMOCRATIQUES DE LIBERATION DU RWANDA (FDLR),DRC,0.60,,24 Jul 2026,Agenzia Fides,AFRICA/DR CONGO - Neutralizing the FDLR remains the key obstacle to peace in the East: Kinshasa focuses on diplomacy - Agenzia Fides,https://news.google.com/rss/articles/CBMi4wFBVV95cUxNU211MTVhTXFQLUl3ZVJ4b0hLMUl6UmpyNUxVUklYLUVOLVFNMEdxZVBVSWdTTy1vZkYyMl81dkhGMkpJakFWbWlzRVRHNnhGWVhDdGs4MEQtTEtmM2hRUjZnYXhUNkFGS3FRN0hKWkdLODdwRnpzd3J1blFfU1dtVGtSeGw0N25VaG5MZUxFQ3ItYndzeFJKa2RnU19YNEJ0b0l1V1o3SmlsNlhwd0dLUG1fWFAtd1hPSnJQM0dFdHNYclRQZG16NGw2c29jMEJFT2JvRC03M1Q3YWd2Njk5YW1ySQ?oc=5,Matched: fdlr | signals: fdlr,fdlr,fdlr
alert,CDe.005,FORCES DEMOCRATIQUES DE LIBERATION DU RWANDA (FDLR),DRC,0.60,,31 Jul 2026,The Africa Report,DRC-Rwanda: What we know about the FDLR demobilisation plan - The Africa Report,https://news.google.com/rss/articles/CBMinwFBVV95cUxOY2pCX3BQMy1vNUFwS0R4bDFmcm12cEVsSk1xWVVqSjViOEVfcm5LM0ttTHNYQmR3VnZ4ODN0d1BWclFhUHdwYmI4SlRMSGV3RG00UTRJM0VwWXJpSF9JZ0ZBNkd5eHNJUGZDQVkzdThFYmlGYVpOYVZiZjFLRXE5b0hTUzJUazdGQkdHa0VMbXJIeWtvV1RoSE9JVDZpVVk?oc=5,Matched: fdlr | signals: fdlr,fdlr,fdlr
alert,CDe.005,FORCES DEMOCRATIQUES DE LIBERATION DU RWANDA (FDLR),DRC,0.60,,25 Aug 2026,UA.NEWS,Rwandan President Kagame says DR Congo supports FDLR - UA.NEWS,https://news.google.com/rss/articles/CBMilgFBVV95cUxNY2drYWVzenNqZngyNll4bXJWeEVNV1VqSnl0WFExaVpzMS13cFBjcWpDVEJyYk5VV2phM3l3ZjNNcFg3SDc2VTlSRXFaSUJ6RlVNZk9fV3VLbEpFY3gwbnlFUy1sb0hpZFlTX3RNVzVVcG5DOWdqajRmYlY2aUlzd3drbW9oRDRnTUZFWkFrYUlTT1hEUkE?oc=5,Matched: fdlr | signals: fdlr,fdlr,fdlr
alert,CDe.005,FORCES DEMOCRATIQUES DE LIBERATION DU RWANDA (FDLR),DRC,0.60,,21 Sep 2026,Trendsnafrica,Rwanda–DR Congo Geneva Talks Conclude With Focus On Security Commitments And FDLR - Trendsnafrica,https://news.google.com/rss/articles/CBMirAFBVV95cUxQeXdrRmJUeUVSbWpSSHlYRWdIZ3hReF9vdmFmaGJvd29ZalFFVlg3QjBNXzFmd3NMb0JIQktrNS12WVJ5MWozMUptRTlkcG5JSjZtZnVpRVpEOE5HQnRfbE1GdkZHUl84NWpveG14VXZiY0tkZFp5VkUwS0k2amNzWXZibkFlcDRLTnNYNEQtdG5KM1dOYjBhNFRaMW14cWd4aXNvNGs4ZlFyVXJq0gG0AUFVX3lxTE1mdTZPZlhhTnhjdjZKcUVxQmtwaHVWZUFaMVp6ZDBKdnhWVVVYN2RBWEhJRHlFM212N0h1YUtZVWVQaUtoSU9wMFI4ZjJqS2tCRFJSV0J1SUNNV054MDQ3WG1yc3NjRzExT1BvVExNSWM2VDVRVG1vRThnUFRaa0Z3cElvNXNmZ0pKVDBlZE1JT29DTW9rWmg4dk44QW5yVU1aUXNvLU83T3ZOMjRIVnRjX1hzSg?oc=5,Matched: fdlr | signals: fdlr,fdlr,fdlr
alert,CDe.005,FORCES DEMOCRATIQUES DE LIBERATION DU RWANDA (FDLR),DRC,0.60,,25 Aug 2026,Wansom AI,Kagame Rejects DR Congo FDLR Cantonment Deal as Collaboration Evidence - Wansom AI,https://news.google.com/rss/articles/CBMiuAFBVV95cUxQSktrajI5YVRORHNjMFY2QXhHV2lLYWxWM1JYVEV4X2ZMa3A2bWxmSUVLdXhIOWNOUWVkQjl4b1FOcFQ2dlFlSlRJUVdQNlhtTlFGOEdURW5SdnpOakJ4TmJIOHE5d0FRa0hKWmYyVC1Ec1FzOXVZVnVwN3FkMFdVd2duTGZtclNvaDF1ODBqTVIxREpLT2xsWXZ4d21xYVc2b3RUQ0RCNFdoNWtNclhTRGFYTUUtTk9a?oc=5,Matched: fdlr | signals: fdlr,fdlr,fdlr
alert,CDe.005,FORCES DEMOCRATIQUES DE LIBERATION DU RWANDA (FDLR),DRC,0.60,,24 Jul 2026,KT PRESS -,DR Congo Announces FDLR ‘Surrender’ To Rwanda - KT PRESS -,https://news.google.com/rss/articles/CBMigAFBVV95cUxNZmlHSUFPOS0tWXRkSVJfNXNEcl9HaUZLd1hieFVIVXZwUkl0REF4RE50enVYRFdkWEh3dVYtSHZYWVFJaWFaUFNGTlh3c1FxWjdoUGhhVmQzRjNNRjNpaC04ckhBb0xFSF9oWFNmUHh0VlhJT0ZVbzBxR3pCeWlHeQ?oc=5,Matched: fdlr | signals: fdlr,fdlr,fdlr
alert,CDe.005,FORCES DEMOCRATIQUES DE LIBERATION DU RWANDA (FDLR),DRC,0.60,,27 Aug 2026,The Africa Report,DRC-Rwanda: 5 questions to understand the standoff over the future of the FDLR - The Africa Report,https://news.google.com/rss/articles/CBMiuAFBVV95cUxNNnc0cVZzNlJ5QlFHS0pYdURZc2dQNzZEZXoyZ1VVeXJ6MXdvVWpMX3VXZE5CaThfb1pJRFhkYjl2T1lkejh4UHAzSnRRZnlib0NiV1Jyc1YybWh4eXl6S1hPQkZvTWtmSWRDOVVZR0xndk5VMnhyX0lZNWljb3dJZy1ELVY4QUwyZ2RmZWJHTnRteTUwQThOZVFiM1dGRXBjZUZoOGVmWmdmTmVtekdxU0lNTjhUQkhh?oc=5,Matched: fdlr | signals: fdlr,fdlr,fdlr
alert,CDe.005,FORCES DEMOCRATIQUES DE LIBERATION DU RWANDA (FDLR),DRC,0.60,,30 Jul 2026,ChimpReports,DRC Says FDLR Agrees to Disarm as Rwanda Rejects Deal - ChimpReports,https://news.google.com/rss/articles/CBMihgFBVV95cUxOVno4dXVDNmhIcE9TRFFhUDl0bGszTDZkM1dTYWUyS0kxbTFjc1NGYkJHcEg4X2ROMjVkcEktTEF3X0FPQ2IxZDV6OVFlSERWc2w5NXVLcDRoLU5LOWRlYy1sY1REdkJ4VVY5TmZSUjdVSnFhSmZFRVozX1c4bDJnbjFydnZMZw?oc=5,Matched: fdlr | signals: fdlr,fdlr,fdlr
alert,CDe.005,FORCES DEMOCRATIQUES DE LIBERATION DU RWANDA (FDLR),DRC,0.60,,03 Oct 2026,The New Times,"FDLR continues killings, forced disappearances in eastern DR Congo, UN says| The New Times - The New Times",https://news.google.com/rss/articles/CBMixAFBVV95cUxOQUJSMWxRNUR1Yi1SNGVWVk95NHIxQWtfWWRyazBISlRwQ2hKa3l3OEdORWo4MkRldTNVWHc5WC14dzl0VFY0X3NCMFVCU0FLVmpYN3duVGdaZ3Q5eThFZ3M3VGpLOHUxT0hoQzNiRjlxRkJjSXdSQ2dQX3NDR1VfTjhRdjZ0Vm1fRGtRSDJoRi1nWlFhTXhfc0lWUkowTXhmTnZZY2xyVnNRN3kzUGVMY29Jdnc4cEsyU3M3UC1qaXhKWnZh0gHKAUFVX3lxTE1hbkN4MmtQekdGamFwam5CQTZja2ctSnJXeUxXeWFsNlJ5cHI5V1Nlc1VtOTRmQm96ejVIZkdCUTlfSUR4V1hGblVsUDUtc0YwVXR4aUdoMkxDbW1mUGU3LUVPQ1VMcW9RbW9kd0dSeS11RU5VTXNOOWd1ZU5ROHh1RWpCM3VHM3Z5VTRBQmxXcl9oY3lFZ2hjbTB0bFBUek9RN2lVQnV2WHFWRUlUU2Vua1hZVldKSVA2WmZudnIxOGxBNG0yRnlmblE?oc=5,Matched: fdlr | signals: fdlr,fdlr,fdlr; killing
alert,CDe.005,FORCES DEMOCRATIQUES DE LIBERATION DU RWANDA (FDLR),DRC,0.60,,17 Jul 2026,ChimpReports,"Kagame: Rwanda Will Act If Congo, U.N. Don’t Deal With FDLR - ChimpReports",https://news.google.com/rss/articles/CBMiiAFBVV95cUxPZnhacWZyRFBLOV9NSXZveWtsRWs0TElGUC03UEc4UXk1ZENWdy1DUEotM3VFWDFac1p3clZSbkZoel9lZU82UnNJMVdZZ2lhSDRBcXpSRFFfNmVuWTdLTWJmaGdrUHM1aFE5c1dwejJHYVp6a0hSNEFTS1F6UWF6SGlEbEk3a2VW?oc=5,Matched: fdlr | signals: fdlr,fdlr,fdlr
alert,CDe.005,FORCES DEMOCRATIQUES DE LIBERATION DU RWANDA (FDLR),DRC,0.60,,29 Jul 2026,Wansom AI,FDLR disarmament protocol signed in Democratic Republic of Congo - Wansom AI,https://news.google.com/rss/articles/CBMitwFBVV95cUxOWGhaMGFiWmZ6OHhEbl9YSURfQ0MxRUlxMjNtV0ZKT3dFR2ZrWGI5ZlZjRzFJanpJcWtqQWRuVUpKc2FPRmpZVU1tZWVCQzZDX2x6aFRxVVJUMXBRa25OUlJXbDZpelE3RW4yTGpfcHlwT2VGT0hodjROSFRVdnBPbEpvbC0ySlFORjRUNDN4WHlYYzFKUjBlcnRzdERJTDdkS1l6Yl9DTGdzZnQ3NDlfR0VTZFhiRVU?oc=5,Matched: fdlr | signals: fdlr,fdlr,fdlr
alert,CDe.005,FORCES DEMOCRATIQUES DE LIBERATION DU RWANDA (FDLR),DRC,0.60,,24 Aug 2026,ChimpReports,Kagame: Rwanda Will Remain Involved in DR Congo Until FDLR Threat Is Eliminated - ChimpReports,https://news.google.com/rss/articles/CBMipwFBVV95cUxObW9hVnE2Q0Y4MllLSUVOQ29ncXdRWGs5ODE0YlRNNjU5VmJhcno5YTNhNGZhbHJfSnJ6aDlDU3JnbkpFU2tkTHhPbWpqdXpvRnh2cVBkc1Y0TTFnZE13OExkQ3VsZG1UXzl3OWRYdUZpa0JSY0V1NkVIY29NM3VXUElwblVWaTd3UzRRaS1aMWNVSWFiUHBtSUVleC1LWklpbmhvNTZwVQ?oc=5,Matched: fdlr | signals: fdlr,fdlr,fdlr
alert,CDe.005,FORCES DEMOCRATIQUES DE LIBERATION DU RWANDA (FDLR),DRC,0.60,,30 Jul 2026,The New Times,Rwanda repatriates 39 Congolese 'falsely claiming' to be former FDLR combatants| The New Times - The New Times,https://news.google.com/rss/articles/CBMiygFBVV95cUxQNF9EaXRSRTEzek1OYjh4SzR4NnQwQ1NpRUpPNHNiN1QxcHo5ekVCNklMcC1tdFVxVjJJZ29PdXMwdUlnNkk0ZkhWeVRxbjZ5Zld2ZHhtZXI5Vmx0WFcxUDNMdlQxMWN5UTlwVmFPOGhwcERKZ0N5M1RQTXRGa0FiOFFrblFEN2Iwd3l4RmZLWlUyYW5WejIyR243MmpodkxKTWY3SlI1aTlSYzFKcnJ2NTdWaWgwN1BCQy1FU3p5R2xNM0Q2eEFRTkpn0gHPAUFVX3lxTE5WUnNSN2djNmhIRncteGt0Z0U1djJLNHZCeUM4VHB5cEJNVElaUFpZR1pxZW05V0FHVnVKTk4zOGhRSUFmZFF0QTgxYmFXcVV4bV9tOE94UFNwRUlGZkRSZWpTSHFpQ2xJQXhGYm5vQm11NnZSZ2t1SzhMdVloZlAtZE1BYXdMNmVDYllIZE5FcGgzQlNzNm54Umd3cF9ISE5zY2FoWkI0ajI5X09rd002eVpTQjhUTFFnSGh0WVNXcjktUkRjMjlaSFpqNVdpaw?oc=5,Matched: fdlr | signals: fdlr,fdlr,fdlr
alert,CDe.005,FORCES DEMOCRATIQUES DE LIBERATION DU RWANDA (FDLR),DRC,0.60,,04 Aug 2026,Wansom AI,Rwanda: Kinshasa-Backed FDLR Submits Conditional Surrender Proposal - Wansom AI,https://news.google.com/rss/articles/CBMitAFBVV95cUxOdHM1QUVoX3FnX21Wc0Z2VGFGaG9hbkpWZlNjTDIwUl9uTUYzU1Q4UkJPOHBuM18wY2JycldtQk9aTVhpOTUtMm0yOWpnQ0R4cUJWS1NJTWUwVjhjbGxCSHJ5ZmRyMjVhZ2FwQVVrSTVBOUdYdWhzaGprRFd6emptWk9QUWpDT2lTZDI1NlBhbWFTUVR0bXAza25IT1h1ckhYN2xZcFQzTnp4dVR1SWMzb1dEalY?oc=5,Matched: fdlr | signals: fdlr,fdlr,fdlr
alert,CDe.005,FORCES DEMOCRATIQUES DE LIBERATION DU RWANDA (FDLR),DRC,0.60,,29 Jul 2026,ChimpReports,"DRC, Rwanda Clash Over FDLR Disarmament - ChimpReports",https://news.google.com/rss/articles/CBMickFVX3lxTFBzdy0xR0lKcHZJd0sxUF9kTF9wbXJXV2JXMHpyU1ZBVEpMa3FXbU5jMlVlampfa2JYMnRsS3d2bnBCRU9uTkZxdlZ6ODZZeENNbHVDLWhQMHMweXlCWFhiaE0yN0E1Q3BLdUFzVHVFMzgtUQ?oc=5,Matched: fdlr | signals: fdlr,fdlr,fdlr
alert,CDe.005,FORCES DEMOCRATIQUES DE LIBERATION DU RWANDA (FDLR),DRC,0.60,,29 Sep 2026,Wansom AI,Rwanda: Proposes Tripartite Verification for DR Congo FDLR - Wansom AI,https://news.google.com/rss/articles/CBMiwwFBVV95cUxONElCMWhZeVNvb2FiWV84UjBnRURpZnpmLXI5dFNfUjYwenZ0RXhYb2FzRUg4QmRjeW1vd3JFNThHYW1WaEN4N2pxWHViRHBzLThRYndyNnlCX3hkQkdWd2ZWR2paN2lGN1ZabTFseWpmXzdQang2LW9pWWtDdUU3TUFQQzZScEJuZ0V4RXlISU90elF6SG9tOUZBTFB2Mk9DYWYxQ2FVTlJvT29QTnlSTENOT3ZqZnBjclcyV3kzeUVkbVU?oc=5,Matched: fdlr | signals: fdlr,fdlr,fdlr
alert,CDe.005,FORCES DEMOCRATIQUES DE LIBERATION DU RWANDA (FDLR),DRC,0.60,,14 Aug 2026,Wansom AI,"Rwanda: ICG Welcomes FDLR Disarmament Protocol Signing, Urges Prompt Implementation - Wansom AI",https://news.google.com/rss/articles/CBMixwFBVV95cUxPMVhIWHdpRlZ2U2ZVYUZSeVRJRkUyODlEaVF1WVNLSVduWVpITjRHM3ZKa0xsYkUwLTJKVG5ESHNHZkVBZzhDb09Jb19sRjVOQXkxajRwemYyRFBzX1Ewb0RmSUxZRkZCMFVRaDVMX2ZaRjdFTGVGZzBnRFZ4ODY2bWFwdWdRMElCNlFUbk9MN3hMUG9MQjFic3NtbVVZTTMzNG1DRGpDMlVsSVhydDlJSDJvQUhPc3JlSWJCWjB4Qk1PVER4N1hj?oc=5,Matched: fdlr | signals: fdlr,fdlr,fdlr
alert,CDe.005,FORCES DEMOCRATIQUES DE LIBERATION DU RWANDA (FDLR),DRC,0.60,,13 Sep 2026,Wansom AI,MONUSCO FDLR Repatriation Rwanda: 120 Members Transferred - Wansom AI,https://news.google.com/rss/articles/CBMiuAFBVV95cUxOWUhJTVdMd2paU3EtUVFsU3U2YUVFNTVaa29ILWI4Sy0wdGRrV1VqdnZJdHJRYlF3RTZqYTZUUVdGSjBZa21WaHh4ZlJBWWhndEpQU2cyTnI5bTk2NFR2X3BPOS00RmVZM1NuaWlrXzZ1VTdBMXpXY1E2c28zTkdZbVFVcFVscHFSRXZzaVBiRWw0Z0F1bWFaZnd4OXplRUdLTlFUeGZOUEZRUGJjMzJ5M05rMFVua3Fh?oc=5,Matched: fdlr | signals: fdlr,fdlr,fdlr
alert,CDe.005,FORCES DEMOCRATIQUES DE LIBERATION DU RWANDA (FDLR),DRC,0.60,,28 Sep 2026,KT PRESS -,Outsiders Cannot Dictate Rwanda’s Response to the FDLR Threat - KT PRESS -,https://news.google.com/rss/articles/CBMilwFBVV95cUxQQjFLX2NacUt0TnJsQkhiei1FQktMM2FLVEpSZU16LUdWaG9ZanBPVUVkWHgzdXNlb3JBaklyU1FyYVFQS2lzV3FaV083cFNGVmN5ZVhjNktDTE1wOHhtN25Ddmh2dDJYWFNtWnhRM1B6ZGEyeVBIUkpmWUc4YzFnbHJ0ZDJzdDg4ZWdXQi1JU25Ec3V5OXRV?oc=5,Matched: fdlr | signals: fdlr,fdlr,fdlr
alert,CDe.005,FORCES DEMOCRATIQUES DE LIBERATION DU RWANDA (FDLR),DRC,0.60,,06 Aug 2026,The New Times,"Makolo: DR Congo must disarm FDLR, repatriate its members| The New Times - The New Times",https://news.google.com/rss/articles/CBMirAFBVV95cUxOc21VRi1VR084YmhqVnJZVzRGOGx1U2R2Nm9Ya1Y0ME9mTFZweEJiWnVTUG1td0hzMUFvcFpPbi1rOGZ2QUxuLTFick1uMmNESkdMQ3JXNmIzb1FJUS1CamJBYTRCYV9Jel91MHhBTnYtTnh1YjRvNUQyTFVsTUU0RXd3S1hSZ0NxWTVISElUTG8xX2lPRzg0QW9JS1VJMHlMMWRkdE4tYVhCN1NL0gGyAUFVX3lxTFBpN08wTWRmaTJoUV9fc3N6a1dyTjg5TWRTV0o1bVhsNFpTcVpCQ3FhZnBiRnBXNk9aUE5VOGlPU19LNnNlTjRxNnl1UVZ1THlDUUk1R3QzMm5YT0xZNlBjWVJiajBHaElUNnpSZGlSMWlEZTJqZElxYVJsSlpVS0hQTDJtRnpPWkpZRFRVNUFwR1BVek1nU2NNU2dLcVUxQmZFSXJha2FIMFM4NXZ2RzZ4aFE?oc=5,Matched: fdlr | signals: fdlr,fdlr,fdlr
alert,CDe.005,FORCES DEMOCRATIQUES DE LIBERATION DU RWANDA (FDLR),DRC,0.60,,24 Aug 2026,KT PRESS -,Kagame: Rwanda Will Remain Involved in Congo Until FDLR Threat Is Resolved - KT PRESS -,https://news.google.com/rss/articles/CBMiqAFBVV95cUxNQzEzc1UyXzhYeFppeGc3WmFTeFdPM3Jmencwel9lVXBtbnlqQV9DVVhsNjZmY0JKM3ROVmFMT0NIeTZGOE9CWEhNeUxpTmFKb2pGLVE3S2Z1ZXVzaUotZDFibTJ3Q1Z6cW9IeUhuQk4xd1FncjJOYktmcWs4eDNNVnBPZGUwcUdZOXVjYU9RaER5UFpRcldnRDdZemlYdV90QTk2cEo4THc?oc=5,Matched: fdlr | signals: fdlr,fdlr,fdlr
alert,CDe.005,FORCES DEMOCRATIQUES DE LIBERATION DU RWANDA (FDLR),DRC,0.60,,30 Sep 2026,The New Times,Rwanda demands accountability for DR Congo failure to neutralise FDLR| The New Times - The New Times,https://news.google.com/rss/articles/CBMivwFBVV95cUxOUl9ncEdJT0RyMWIzbjIzQUVIR0hjdzhEZmk0SlhZSXkyR3VJa0dnWV9NNWhob2VYQWJqVDZ0SGJNNWNaVnoxazhoOURiRHdBdGpkMFhKRUhqQjZKTEJCaTJpU2ZKeXc3WEVONThveHNTWUN1WGM4U2NKdkJKVDRmYWczQmdrdTJHSVdrTEt3UkNoZXg0Y1Z5OVBjZzNuTExpbTZVT0hsbG9fdEc1RUxJTDdMbjl2MDAwX0RkSG5kb9IBxAFBVV95cUxQOG1hZVRqYU1LQUp3NFZRdlFBLXNqZTlfVDIyM2lwYThvc2liUW9XNzkxMDVBX2Z1SlVkcHNPUVNjaWhlZUZBc1g4VlJ2T1djRm9WajdCcWFwYUFTcmM2bUtvU3NfdkpjeGFSbFlQVGkyd21rWmw5anh1U25QLWNhZ2xMR1h1c2pyTUhTZkhmaF9Bd3Y0MGRHTV82OVdIOHlwM0FxTFBfOTdzOGgtX2JpZW5zZWI1Ul9qZXJKemVGenBLX2Y0?oc=5,Matched: fdlr | signals: fdlr,fdlr,fdlr
alert,CDe.005,FORCES DEMOCRATIQUES DE LIBERATION DU RWANDA (FDLR),DRC,0.60,,23 Jul 2026,Wansom AI,Rwanda FDLR surrender deal sparks questions on cross-border disputes - Wansom AI,https://news.google.com/rss/articles/CBMixAFBVV95cUxPU0FzWnVrakNITFZLU1ZpYnF2QS1SODFOZS12dVhMS0xPZ1hwb00yTjI1aHdJSHVSMm9hM2VVSjc4RTZldjk3elFveHhSdU5NdWlFaFplU3VJUEQzaG50eWhXcE5kV2RhVDhDdEluVVRWWUtQQ0I1a1phX0NOcXk0ZDYxcVVwRkJNUjJrSExTZm9qWWNCT2FZZ0NyVk5pYVdGemg3aUY5eUF2RFlsSnRqRU1lWUpWTU9PbnNGLTdiY2J0VlNF?oc=5,Matched: fdlr | signals: fdlr,fdlr,fdlr
alert,CDe.005,FORCES DEMOCRATIQUES DE LIBERATION DU RWANDA (FDLR),DRC,0.60,,04 Aug 2026,The New Times,Rwanda and FDLR: The cost of negotiating with a genocidal legacy| The New Times - The New Times,https://news.google.com/rss/articles/CBMiswFBVV95cUxQQnNOdUx3NEV0d0YyREZoa2pTZC1NVjQwT2loYU5jLWdBZkF2eTlDb1NPTHZMY2RUcVE2YmpnVERYd3Jzc2R2Z0VZRmd5ZlZPLUR0M19CTFVLTnB4bnRUd3hmaVV2UUt4MDFPTTU0ZU1RcVNHU2RlaFdFay1fdWY4TE9oMFhhVXAtNVBJSUxXWjh5N0ZBRmRzeU1lTktrUDRtVGNfVFZiNG9WQ1Y0Y0JISjlDTdIBuAFBVV95cUxQOWRWR2tEbWF3dDFONWh0c09QWG5fQ3RIRHJXUFZaclpuYjIwY1Y4Y3ZSUWJPd2NaWTNKZnRoc21wOWVNRXVoczZlU1hkUG03Z3dYUkpvNzY4MFRtb0lFV3RLQXItUVRhWmpJRnIzV3JIX0Fjc1FwalM4cFZhUEY2bElSLTliUm9WVHpVNDAyWUZNMk02blNYTnJvT3NzbV8tT2dmNUhVQVQzak42NEM5YmU2M0dvblVo?oc=5,Matched: fdlr | signals: fdlr,fdlr,fdlr
alert,CDe.005,FORCES DEMOCRATIQUES DE LIBERATION DU RWANDA (FDLR),DRC,0.60,,08 Aug 2026,The New Times,"Rwanda demands action, not promises, on FDLR disarmament – Nduhungirehe| The New Times - The New Times",https://news.google.com/rss/articles/CBMivAFBVV95cUxPLXd0ZlY5TlNTZFNoeWVsNHFnN2VGSlBrc19xcVNKQkQ1OUN1UVZKN3pPT3d6TkUxZkF0S0RXLUJsVUk4dEFkQnJXTWV2YTA5T3RYaEFaVnBMWDctZUljSmNPcXJSLU44NmxQM2Q0SE8wOW1yalJxaVkwUnNFMmFmYkpkQ0YydnJEUHB3SjNpenNfSDVaNmVRQjN5dldaZHRydkJaU0F3bFdfY2xURXF3NHpPUGpfSjZ5bm5xNNIBwgFBVV95cUxOQkpKQ2ZwbjlJcWdLZVdHVUt0Z2hFNWl0Q3llUlNia1FoajZYSTRrQVdXSXFiVGRIZk5YX0RmeGR2cXN0amFtTmF0SlNQNGlXb2tYRWZiU2RQQjczeDVQT3hmZ2NHN0FaUWxHQktSYzUyZWRzV3RYWG1qb3dBTWZ3QUNtWmJzblZ5MEFRYlJ5alQzZU1HbHlncmphS3Bvb2hZZXFkcjFoMmdINjdxOUlhbGo0ZGFxRXNHb1B5cF80Wi1KQQ?oc=5,Matched: fdlr | signals: fdlr,fdlr,fdlr
alert,CDe.005,FORCES DEMOCRATIQUES DE LIBERATION DU RWANDA (FDLR),DRC,0.60,,03 Sep 2026,The New Times,There can be no lasting peace in DR Congo while FDLR remains| The New Times - The New Times,https://news.google.com/rss/articles/CBMivAFBVV95cUxNVEhuZElMZXM0QjhLNGNxcFBSM1NzaHYtU2JGMXRfbGNyY3dGN0tGbUw0UFN4R0M1d0MzUl9naTdHZFVfSjBsMTgwcmNsRUJOVWJvNXVrb05UZGREbUFfSE4takRaVUcxcnhndVpvSF9USl9vZkhQcTVycFM4WmFTU29oRWhkX3dHN2x5NU9iTFlzamVCT210c2FhUFRQQ2p1eG9oVGduZTk3aDk2VWk4RDJUZnAwUkVybGtnRtIBwgFBVV95cUxQMzhFYW9GdGlqSlBwOXlNTndRazVQcjdlcjJ5ellra2xQNWpvMlBPLTZBVUhiVDBnekxDWE1KZzFPRHJTWGNueUZrSFlRdFllc2hHNGZ2SFJJczlLOFhFLV84OTZnTW1CanZWdWRwMnM0R2tReEhlUEp2bVJJZEZ4czUtSlVhcHpYQ0NISVNSalkyMl9JdndpWkRDUjR4MUdTTC1BMUpaTmNXQWJEd2xWV0pVUmctUmhHTmNfUXRZT2U5dw?oc=5,Matched: fdlr | signals: fdlr,fdlr,fdlr
alert,CDe.005,FORCES DEMOCRATIQUES DE LIBERATION DU RWANDA (FDLR),DRC,0.60,,20 Aug 2026,KT PRESS -,FDLR Said to Have Representatives in DR Congo Parliament - KT PRESS -,https://news.google.com/rss/articles/CBMikgFBVV95cUxNWEE4Y0M0ZVlPR3ZEdTZkWkNSb1JiWkZyUDdxQkNwbWx5RGFMbVdCMWtwRVZiQlN2U29rN1E2bW1vRXBwb2pjbXdNYnZyS0lkUUR2WUFGWXFLcmJ1SDhKUjhjSjM4YXFIRTlXcHZ5b1kwUW4xMFd0V2szMERodk0yZldQREhHeExjck52cERlVHUyZw?oc=5,Matched: fdlr | signals: fdlr,fdlr,fdlr
alert,CDe.005,FORCES DEMOCRATIQUES DE LIBERATION DU RWANDA (FDLR),DRC,0.60,,01 Oct 2026,The Eastleigh Voice,Rwanda demands accountability for DR Congo failure to neutralise FDLR - The Eastleigh Voice,https://news.google.com/rss/articles/CBMitAFBVV95cUxNMXlBRXlJdFc2eDVMa1V1dFIzb21wYXJpcFVtdWtpMnMwcXh5aExUU0V5aXQtWlZ5cGp6c214czdOUXkwT1ZsZUJoZ1hndDI5QkFtcGd5WWNDZlhTWDFWN2pnVkJhajVNbnRTUzJYcHV3WTVER19feGZYT0hfRGpidEMwcGZWRjJDWm1vYzdqUXpUWDVQY0VxUDRsTndTYkEwRk9XZFBwYlg2WW9oS0dUOHZUNlk?oc=5,Matched: fdlr | signals: fdlr,fdlr,fdlr
alert,CDe.005,FORCES DEMOCRATIQUES DE LIBERATION DU RWANDA (FDLR),DRC,0.60,,07 Aug 2026,The Eastleigh Voice,Rwanda repatriates 39 Congolese 'falsely claiming' to be former FDLR combatants - The Eastleigh Voice,https://news.google.com/rss/articles/CBMivwFBVV95cUxPMjJsdHVKbWtuNHc0dW9PQWtydmJncHRnelM0cFNGbF9VOEd5eVpqS3VrMGc5c1gwTHBIeks5a1VBTVFtcFktMjN3N1ZPUFM2X0F0djhhZ0t4aFBBTW8wY2M3eklrbEhrQnZwVXlNS2FDV1lvZDdsc1NQTmNING1zSlhHZW9YX25rMVM4UUhFWkd4WDBPczVFTkcydEpqY3BsemhySVdIbERHQWNKVmd4MUR2QkVWSy14SmNjMUxSMA?oc=5,Matched: fdlr | signals: fdlr,fdlr,fdlr
alert,CDe.005,FORCES DEMOCRATIQUES DE LIBERATION DU RWANDA (FDLR),DRC,0.60,,13 Sep 2026,Taarifa Rwanda,"Burundi’s Foreign Affairs Minister Claims FDLR Doesn’t Exist, Rwanda’s Nduhungirehe Responds - Taarifa Rwanda",https://news.google.com/rss/articles/CBMiuwFBVV95cUxQa0xKWE1GVU5EWGVTWGdld2dyR20wT2ZQT3ZPUlRLRDhhYzAxaExBR2RWUnJ5UDJPLURGbTAzYk5zM2swT2tOQU15eXk4dENSdWU0QmRJbTNnQmtKS3NMVGNOZG1wUjZ3NjNPU19OSmJTNjdvMEt1RUt5d05EMjVwdkRPNW1ieWpSVnZ6MzdnLVp2Zm5uM2pvdWIxMmlEczl2d1lwM05fWlFkT3JfZ0U1RzBpc2xnUzhsb1o40gG7AUFVX3lxTFBrTEpYTUZVTkRYZVNYZ2V3Z3JHbTBPZlBPdk9SVEtEOGFjMDFoTEFHZFZScnlQMk8tREZtMDNiTnMzazBPa05BTXl5eTh0Q1J1ZTRCZEltM2dCa0pLc0xUY05kbXBSNnc2M09TX05KYlM2N28wS3VFS3l3TkQyNXB2RE81bWJ5alJWdnozN2ctWnZmbm4zam91YjEyaURzOXZ3WXAzTl9aUWRPcl9nRTVHMGlzbGdTOGxvWjg?oc=5,Matched: fdlr | signals: fdlr,fdlr,fdlr
alert,CDe.005,FORCES DEMOCRATIQUES DE LIBERATION DU RWANDA (FDLR),DRC,0.60,,21 Aug 2026,KigaliToday,"Congo, igihugu cya mbere ku isi kirimo Perezidansi ebyiri: Iya FDLR n'iya Tshisekedi - KigaliToday",https://news.google.com/rss/articles/CBMi3gFBVV95cUxOZUh0YXRGdDA1bXpETjdhVldGQm5hMmh4Q2tJdTYzdnNtM0dUSmYwcnV6bkxuMnJtbGFnSEJLbGFiUTRmQTR1aFB3S2k2SEREU3p4ZmNFSW0ybDdhaEJlWFJTWURmaS11RG8zbEVVVmM2Q001TlN5emlqWGV6cDRZLTlzeDR5U3U3dUZ5SnZaZGh0U0N1Tm15dzBDa1g4THloVHZqdThQSFZNbnM2NEMxcmJoUC1XVDBuemI1OGc5LTNqUktQN3NkUDRPVTRSaGh6WEZYZGVaeEd1bl91OEE?oc=5,Matched: fdlr | signals: fdlr,fdlr,fdlr
alert,CDe.005,FORCES DEMOCRATIQUES DE LIBERATION DU RWANDA (FDLR),DRC,0.60,,19 Aug 2026,KigaliToday,Dore bamwe mu Bavugizi ba FDLR mu Nteko Ishinga Amategeko ya Congo - KigaliToday,https://news.google.com/rss/articles/CBMivgFBVV95cUxOMmdTdnRiT3RvVWg0ZlI4ak5LWmtWYXhQVmVzLUEtdS1uMm9hc1FhZTFGV21kYmR5aDZBMm80eWlrSkpNbjdZaGhaR3VwSld0M0ViX0lwaUh5RmdmWWw0b0RaeXk1bEJxQVI2UjZqSlFQYk1XamhwTVQ1NnBpR1FqZkRfOGtoYV9xcU9XOHJQQWM3SkxnVmMxbV9IcktnM09rYjVMVk41ckxPaEIySWRGblc3MHNMcldPT0gtYWRn?oc=5,Matched: fdlr | signals: fdlr,fdlr,fdlr
alert,CDe.005,FORCES DEMOCRATIQUES DE LIBERATION DU RWANDA (FDLR),DRC,0.60,,29 Sep 2026,KigaliToday,U Rwanda rufata FDLR nk'ikibazo kibangamiye umutekano - Ambasaderi Ngoga - KigaliToday,https://news.google.com/rss/articles/CBMiwwFBVV95cUxPX28yS09VSmw2eklWOFFfYUpZQ0sxWUgwdm9DY3FvRFBLYU1KYUdKcWdLMWF2WUtYOVUzeDhYYmtwa3FjbVpoY2RNXzNFY1hfeE5TNkFsbnBjVFVtOWFCMzFVYm9Tdy1JNS1OdWJyc2V2T0RmR1pGM3FjYmowMEVjNkhPN3lsWklXcGZKSV9yckdzZktuWmZWWXp2ZU5XeUFBTURIMW45QXdUSGFwSHlnekwyYUlLdFhlRXBiZnR0a0UyRDg?oc=5,Matched: fdlr | signals: fdlr,fdlr,fdlr
alert,CDe.005,FORCES DEMOCRATIQUES DE LIBERATION DU RWANDA (FDLR),DRC,0.60,,07 Aug 2026,Taarifa Rwanda,Rwanda Says Former FDLR Fighters Can Return Through Demobilisation and Reintegration Programme - Taarifa Rwanda,https://news.google.com/rss/articles/CBMiwwFBVV95cUxOdjd6elhnM21YR05vSV9adXhLS2NFRW9vLURFMV9LT1NHOU4yRU9TMzVobGdjb3ZUclRiNkhMc25SYWNSMFpSVXZFMDhOYzZ4MHZ0bHo1aGE2Q0REaVdvLUhab0IyMTRidHFzNkJZOXMyTDQzal9ucEVOdkItUDBkQXpvMW9nSGw4RXhxb1JRa3loeEpMZl9ZSmc0VHVFeW1ndTlHUnpGb0hQQjVPSE5DNWtHQndYZlFWVFQ1S0ZuTS1tTVnSAcMBQVVfeXFMTnY3enpYZzNtWEdOb0lfWnV4S0tjRUVvby1ERTFfS09TRzlOMkVPUzM1aGxnY292VHJUYjZITHNuUmFjUjBaUlV2RTA4TmM2eDB2dGx6NWhhNkNERGlXby1IWm9CMjE0YnRxczZCWTlzMkw0M2pfbnBFTnZCLVAwZEF6bzFvZ0hsOEV4cW9SUWt5aHhKTGZfWUpnNFR1RXltZ3U5R1J6Rm9IUEI1T0hOQzVrR0J3WGZRVlRUNUtGbk0tbU1Z?oc=5,Matched: fdlr | signals: fdlr,fdlr,fdlr
alert,CDe.005,FORCES DEMOCRATIQUES DE LIBERATION DU RWANDA (FDLR),DRC,0.60,,31 Jul 2026,YouTube,MONUSCO YIGARAMYE ABAKONGOMANI 39 BAVUYE MU RWANDA || KONGOLO YAVUZE KO FDLR IKORESHWA NK'URWITWAZO - YouTube,https://news.google.com/rss/articles/CBMiXEFVX3lxTE05aTU0OXRBdmN1Z3hmenZlbGNFQUlhTHZVejU1ZHN6ZklBRl9ocVFobkRVd09jRE40WGFhTjBJS3JtV29FWGZzdE95RFlxaFg2RTVRRTg0V1hmdmlD?oc=5,Matched: fdlr | signals: fdlr,fdlr,fdlr
alert,CDe.005,FORCES DEMOCRATIQUES DE LIBERATION DU RWANDA (FDLR),DRC,0.60,,29 Jul 2026,The Tanzania Times,Rwanda sends back to Kinshasa 40 DR Congo nationals who were wrongly labeled as FDLR fighters - The Tanzania Times,https://news.google.com/rss/articles/CBMivAFBVV95cUxQZG9Na0t4Y2VFMkczZWlTbDNhc19HLUxpYVhfWEpBbkFzOGl1Tk1lVFo2VXpGOXAwUUdwaWFpcGw1QlRaMm5JZGYyaXZ5RUx4bGt2dC04aFJkUmVhM0VIQlpOcVM2R0NnUlQ2SkZMbFNkT2hWdHdKTHFORDhfV0tfc2t5Y1ZqRnQyZy1vclFkTU9tRHZZMF9pc3psV0p0Z3JvSUFHMnJaaUlnemRWbnYxTmcwbUlPdklWSXhIaw?oc=5,Matched: fdlr | signals: fdlr,fdlr,fdlr
alert,CDe.005,FORCES DEMOCRATIQUES DE LIBERATION DU RWANDA (FDLR),DRC,0.60,,28 Sep 2026,https://streamlinefeed.co.ke/,Opinion: Outsiders Cannot Dictate Rwanda’s Response to the FDLR Threat - https://streamlinefeed.co.ke/,https://news.google.com/rss/articles/CBMipAFBVV95cUxNOHgtNUpXajVpbjFvN2R0UjdIV0JlY2xsNzZGeE1mLVVhUUtxRlFkY1JVdDYzV3VpWklDTzZDSzVuNlhVM2tpd3RxODQ3TDFsOFdrcV9WRy05WWIwR05UYlU4M0ZoQndMNTVpTXlKd2VDYkZPNVV3RTMwTXAzUTUyeFh1bFpWQV95LUh5NmtNZzFiQUJIU1U2UG5qeU11QW5mLXhjYg?oc=5,Matched: fdlr | signals: fdlr,fdlr,fdlr
alert,CDe.005,FORCES DEMOCRATIQUES DE LIBERATION DU RWANDA (FDLR),DRC,0.60,,31 Jul 2026,Le Monde.fr,"La RDC annonce avoir négocié la reddition des FDLR dans l’Est, point d’achoppement du processus de paix avec le Rwanda - Le Monde.fr",https://news.google.com/rss/articles/CBMikwJBVV95cUxQRVFaVERONENrQzFsRTBfMXpYSzRiY3dIUVNBRnBmcUtLc0hVOHE1OVM3T1puSTZzYUMybm9qMHpQSUk5bEJhQ2Z6SXdnR212Wm9ibGF5cUx2aENudUg4V3duUEo3eWgzT2dvQXJ0M0NnVV9FNnB3RnNGbjI3SlVLaXM1QldtdFkyajBlUmlIQ1V6Tmo4TGxFdUZZNExvZjJqT1FlZ3BCcV9UUndnUDBja1g5QUtBeUwyU3J1dXF4eFp1eUNzWkI0LVNuc0RNcUZFQjVGU295a05sVTNMUlpLUDQ4NFM2WHVERzkzWERJRVEtdHI5clUxcnl5d2NUdnhuN1RGY1VGTUw5ZWRXT0JjczhyTQ?oc=5,Matched: fdlr | signals: fdlr,fdlr,fdlr; proces
alert,CDe.005,FORCES DEMOCRATIQUES DE LIBERATION DU RWANDA (FDLR),DRC,0.60,,20 Aug 2026,RFI,RDC-Rwanda: la délicate mise en œuvre du désarmement des FDLR - RFI,https://news.google.com/rss/articles/CBMitAFBVV95cUxNb3lsOTBXV1dWRi15Q1VBU1Nab2MweDVXbzZqQ09qalFHa09FYnAxNHBaREJycFBuM0diYWpHQS1jNS1SNW1vd1hfeXdyWGFhaU9HWUszYjU3RTZsR0ZWVEJseWl3TG1WTUlMcTJVZ0JqWkM2SWlGRnphUmpOSGl2TnRuMDhOeXJGeW9oUW5ZUWp6QTV2QXJsRlBTTXVxWkFvUFdaNzRuOC1BaWhZblFacHNuSTY?oc=5,Matched: fdlr | signals: fdlr,fdlr,fdlr
alert,CDe.005,FORCES DEMOCRATIQUES DE LIBERATION DU RWANDA (FDLR),DRC,0.60,,25 Aug 2026,Africanews,RDC-Rwanda : Kagame juge insuffisant l’accord sur la démobilisation des FDLR - Africanews,https://news.google.com/rss/articles/CBMisAFBVV95cUxOR2xxU0Jyc2FCdDhjV3BjV1BWSFdKYVlMMUgyV29maWdmR3JHZzJLVnNEc3JZYTluYm1BN2dBb3k0LTI1U3JXWkNkODhBbWJhYjI1SkNISmVXd3VMMkQydTFsQTdlZGVGY0l3X3FRSzRCc21iRFRVUW5lNU1wWkFDUXVPc0NoTnlIMm1RUFNsS0k3Qmc3WHluNTN0cFVvSmtzQ3Rmai1GQjB2UnUta2NCNNIBtgFBVV95cUxPc3NBaHcyTzVDUHRBREJDcXF2UFY1UV9CeXN6WEk3cWFHLWZBVDRkS2FyVEd3YnhjdkRIdmhRdHBvWEU4NVVqYTVPVEZtUFZadWFicUV4VGRFQldFbHFUSW5fTUlmbXJBXzItTW9FQUdFVkJFMWZfZFpIZUx4TUVvTjBHenJGUng1NVg5SUc0QU56T3JHaDZPSE9GWnFtX0UwSVAtaVNYVUM1NWpBUkRiX2YxTU1rZw?oc=5,Matched: fdlr | signals: fdlr,fdlr,fdlr
alert,CDe.005,FORCES DEMOCRATIQUES DE LIBERATION DU RWANDA (FDLR),DRC,0.60,,25 Aug 2026,Jeune Afrique,RDC-Rwanda : 5 questions pour comprendre le bras de fer sur l’avenir des FDLR - Jeune Afrique,https://news.google.com/rss/articles/CBMiwwFBVV95cUxOMHJhdVJKaDVQY2NGd05WX0FkX3ptcEszbmF1YlkwajEyc20xMUxoNy1TY0hVWkh2OE40YXVaRmZEVEtNT1lZYlZZWDg5emlwcnZQOUhxVlRBMjc1SEt0UjNPMEc3WjE2NDFyQzF2TFVrWG53NUM1V0VSbjNZaG44ZmZnLUJZYjB6c3VieGFmWGwxTjJPelhvUjJEa2gwNGpvOUhCcGZORXpXX3NSWmMyZDJWV1owSHQtM3dsdkxqb0cxVjg?oc=5,Matched: fdlr | signals: fdlr,fdlr,fdlr
alert,CDe.005,FORCES DEMOCRATIQUES DE LIBERATION DU RWANDA (FDLR),DRC,0.60,,16 Aug 2026,Yahoo Actualités,RDC-Rwanda: la mise en oeuvre de l'accord de paix passe par une solution concernant les FDLR - Yahoo Actualités,https://news.google.com/rss/articles/CBMie0FVX3lxTFBKV0xFalRvRDJrbEpqa0hPQjl6dXgzbDhDTmdNb2MtRjJfRFBaUy1jNDZXeldWZ2VPeWlNUGdlMjZnNDVpZVc1UUJMYkYwendzNVpXakIyenRzNW5sajlDTEFkV3hBekVBdloyWExPdy1EcEl0Y29tcVRVTQ?oc=5,Matched: fdlr | signals: fdlr,fdlr,fdlr
alert,CDe.005,FORCES DEMOCRATIQUES DE LIBERATION DU RWANDA (FDLR),DRC,0.60,,31 Jul 2026,Jeune Afrique,RDC-Rwanda : ce que l’on sait du projet controversé de démobilisation des FDLR - Jeune Afrique,https://news.google.com/rss/articles/CBMiwAFBVV95cUxPbTJsNmswNEY3UGp4a21SdEdtZ0xOd2FNVTNJLTB2NFk3R1V3OGRLU1ROOW1wNkRORVR3NmhtVVdiWkZRMlBrNUh6QlFYMUczbGgzbUR0cTQxeVFfN3JKZktHSEoxZ0hFVlZlMWVKV0ViRGFLMzdDUzVDdDF4TnFXcHN1V1p2SkNucjJoN1JmNWRPN2RYc3JISk5JR1JqMWFtZi12dUdiQ3UtdXlmY0NUQVBZYmIxVzNvUnkzbl9YdHo?oc=5,Matched: fdlr | signals: fdlr,fdlr,fdlr
alert,CDe.005,FORCES DEMOCRATIQUES DE LIBERATION DU RWANDA (FDLR),DRC,0.60,,24 Aug 2026,RFI,RDC-Rwanda: Paul Kagame qualifie de «superficielles» les initiatives visant à désarmer des FDLR - RFI,https://news.google.com/rss/articles/CBMi2AFBVV95cUxQR0s1MEFZR3BOZEJ5VmdLdlBueGwwTllwR2ZWMS05R3NDWFdkMFVjbkdUeXBNT3BfWlFnbkE5RzFDaTQ3azVvVXpZNkZEaDVBT1NLSDQtaGZ3QzZDUzBXQ2lranUyMHAwU3JxZkY1WFYxVWtqZ3A2T0llcnBrMVR6UXEzanMwTGZmMWtzNlNqTVpRdzZJVEhITXc0eXNIblJwdHV5a2lPTFhfaUV0S3pGU3BjMEdjUjNPdVZjeHZhTGJHb0pwWktkbEZiTXpyTzRkMWo2akNSNmw?oc=5,Matched: fdlr | signals: fdlr,fdlr,fdlr
alert,CDe.010,ALLIANCE FLEUVE CONGO (AFC),DRC,1.00,,2026-07-16,miragenews.com,"UNSC Sanctions Committee Adds 6 Individuals, 2 Entities",https://www.miragenews.com/unsc-sanctions-committee-adds-6-individuals-2-1711601/,"Matched: alliance fleuve congo afc | signals: democratic republic of the congo, designation, sanction, sanctions, security council",alliance fleuve congo afc,adf; armed group; designat; fdlr; sanction; topic:ARMEDCONFLICT
alert,CDe.011,TWIRWANEHO,DRC,1.00,,2026-07-16,miragenews.com,"UNSC Sanctions Committee Adds 6 Individuals, 2 Entities",https://www.miragenews.com/unsc-sanctions-committee-adds-6-individuals-2-1711601/,"Matched: twirwaneho | signals: adf, commander, democratic republic of the congo, designation, interpol",twirwaneho,adf; armed group; designat; fdlr; sanction; topic:ARMEDCONFLICT
alert,CDe.011,TWIRWANEHO,DRC,0.70,,02 Sep 2026,Ouragan.cd,Des rebelles M23-Twirwaneho neutralisés dans les hauts plateaux - Ouragan.cd,https://news.google.com/rss/articles/CBMilAFBVV95cUxNdmVMVE1NeXlUTC1RUkhJNFNUV2J1U3hSaFhqQ0pVTVdjNE1Ed1pvb3U1RVE3UEhPMngzUFN0OWZyNlVuZGUyLUJwX1haNWZlVUpPTlZKaG0tazAwWjQyOUZZcnp2RTd2UDFjZS1sMnlaU3Z3SHpzUUFtLTZxZDdXOFFicXNIUjJPUVN1VmNlWTZycWFn?oc=5,"Matched: twirwaneho | signals: m23, rebel",twirwaneho,m23; rebel
alert,CDe.011,TWIRWANEHO,DRC,0.60,,12 Jul 2026,RFI,Est de la RDC: importants combats entre l'armée et l'AFC/M23 allié au groupe Twirwaneho - RFI,https://news.google.com/rss/articles/CBMi0AFBVV95cUxOTVBXd2FXdmgzRnFxVVpfRUhlcHpGRnd5dDVEblRERlJ6eUVpOVRranN1SzRfeFFQS2FNMXBOVWMtVUtzemo4eVE0ZHlQQWZZZnc4VmsxdUJoM2lTYlI5TVJmRDdWTjdwLUtTSGhhRThCODFEdmcxVjNfS1hCSFczazVBZ1dLT3pKY0JWSWZ2emRzVkpSemJ4bW9jYXB0RW1Cby1QYUduS0VkWjlMQWgxbGNOQWpYQldGNUtSM05uX0VLTkdvR1lFanhRX3dUYkZh?oc=5,Matched: twirwaneho | signals: m23,twirwaneho,m23
alert,CDe.011,TWIRWANEHO,DRC,0.60,,25 Aug 2026,SOS Médias Burundi,"Sud-Kivu : offensive du M23 et de Twirwaneho, plusieurs positions FARDC-Wazalendo tombent à Bijombo - SOS Médias Burundi",https://news.google.com/rss/articles/CBMi2AFBVV95cUxPdmpSRXFpR2h1bXExMFVQZExPeFI5b1hMYlVJYW5reTVUNC1hendvWkV1WUFfa1V2TnFKaUtabi1jZWZNNDBSMGRaS3NOYmtQRExEUWhiQTZXbjF1TW94cEIyMmpRT0o0QUU0eFdMNTQ1Q3Y5YnR3SGxoWDZ6ZlBrdWpXUXVFLUtZVHVtNE16dGdoZ2lGUmNVSTFkQWdSazdxLUw3YnNBdy1Icmx5N2s0UzZ1YXNTeDRpVFNhYnVmLUw4eTljQjJzZVlGNndmX1Y2VElZN1BRazA?oc=5,Matched: twirwaneho | signals: m23,twirwaneho,m23
alert,CDe.011,TWIRWANEHO,DRC,0.60,,26 Aug 2026,ACP | Agence Congolaise de Presse,Sud-Kivu : 13 combattants de la coalition ‘’M23/Twirwaneho–Red Tabara’’ se rendent à l’armée nationale - ACP | Agence Congolaise de Presse,https://news.google.com/rss/articles/CBMiugFBVV95cUxPcGxtelhRN0E0WmtCd3lYWU8zRFMwMzRtOGstV2M3TE44TTV0a24xSk9XNXVkdVJycWJwOUNSYU9CUlozeFJGZ3NvTU5ZNkkydXhWWHdfeGJwSXg0bU9aa1Q5UUdsMHFwWWt6ZWtHdDFBZlN2RE9ScGY5bjBENUtqT3laV3FTUVY2elI0WWdHLUI2dDNOUG1iS0dnUFFNbXU1Z1FuREIwVVUzQkZhVi1lc1lhWjNJdmFjaEE?oc=5,Matched: twirwaneho | signals: m23,twirwaneho,m23
alert,CDe.011,TWIRWANEHO,DRC,0.60,,10 Jul 2026,mediacongo.net,Actualité | Sud-Kivu : le gouverneur intérimaire dénonce la présence de mercenaires français aux côtés du Twirwaneho/AFC-M23 après une attaque repoussée à Kitutu - mediacongo.net,https://news.google.com/rss/articles/CBMirAJBVV95cUxORWRibWlST3dGbXlyRkNyOHdRNVk2bEhPQ1pNNUp6bnMxSjFiNjZaZ0dOSnAzeG0yS0x0bzlQZTJQaUU3OS1BRndDT0V1QlpjZGtjVWpWb3JTY1QxVXRXTi1pN0JaMjRaQ1BCMmpNTnhMa255UmN4NDJnTW13bjZCNGRMdFFBX0IweGRZYzdsT0Q0T3VwamNSSGEtWFZtNDJBUDRWcERya3VUVVF5bDM0V1dOczl6anpFV1pkaTB5R2lHcTM3WlFtWndrMU1GekN2TlRpSzBvbnBicjREM3R4M3NXVXowNVhBUlB6T2s2ZlRyN2stVTZ3RFZON1FXLWdWa2Z3QkdSZzJ0Y1dvaU9GZ0ZLNUhEU1VvMnY5V2J3NlEyQjlRVXVYS3BmX0k?oc=5,Matched: twirwaneho | signals: m23,twirwaneho,attaque; m23
alert,CDe.011,TWIRWANEHO,DRC,0.60,,09 Jul 2026,Radio Okapi |,Poursuite des affrontements à Fizi entre FARDC et rebelles Twirwaneho - Radio Okapi |,https://news.google.com/rss/articles/CBMiwgFBVV95cUxPSGp6cC1uZG0tWUJwSm5mdTFESW1DRTdOWGt3T004NmdpVmVhVGtwX19seWNGZEt4ZHZBOFNGUS1KbGJEbDh2Vy1YOUtBOXJVa3dMUlZpdEp1TUh6dTFkbzJNeFpESG00RFlpWWtnbURmTE51VVk0TW5hZXRNWmVKWi1XOUtxdWZpYV91WjE3dGEybDNXam1aT1dSVzVkU0VDU3htbHpXYjZXc1ZOVmluSXltNk5BRnlzT0xpRkhMNmNNdw?oc=5,Matched: twirwaneho | signals: rebel,twirwaneho,rebel
alert,CDe.011,TWIRWANEHO,DRC,0.60,,31 Aug 2026,SOS Médias Burundi,"Sud-Kivu : le front s’embrase, violents combats entre FARDC, militaires burundais et Wazalendo contre l’AFC/M23-Twirwaneho - SOS Médias Burundi",https://news.google.com/rss/articles/CBMi8wFBVV95cUxOTkFFR0JueDBfU2xzYWx5a3hqRVBlUUE2WThNVzg0YTdrWVl3R3hxT19Qd2JZLWlkLVJ5TFJfdXZ0VW9SMzNoOFhLT1B6cUd2bzF5dDRGNllyX3RTeG9kZGp2N0hmNC1iblNDQ2NHclRNWWF1YVR0QVh5Z0V1d1hhZ0xoaFNDYVdUN1ljWG1Vd2FDWUEyaXFNcTdNaGZnZlpsV3Z0V1I1VTRqaDZXTVhrbEh1Y3IxS2FSZkdYTzZRZnF3NlRUUFdHNEN6SjY5ZTZ2dERwc3V5aG0ydmFuTjFVLTlDNXo4YUR4a05ISWRmZWdaczQ?oc=5,Matched: twirwaneho | signals: m23,twirwaneho,m23
alert,CDe.011,TWIRWANEHO,DRC,0.60,,26 Aug 2026,mediacongo.net,Actualité | Hauts Plateaux de Fizi : 13 combattants de l’AFC-M23/Twirwaneho-Red Tabara se rendent aux FARDC - mediacongo.net,https://news.google.com/rss/articles/CBMi5AFBVV95cUxQZUkxeEx4NWU0RUhnMGpuQVZwNXJyUTRaNVlBS21KckJnRTRldVNJMG9hekE1MlNodTEtRkN2VmdyNlNRTmhKYWtfOUx5dWt4V3ZTR0tWM1BIWkRuamRMR2poMWtua2VxanJCR3BBb0dTT21ia01vai1xS19abDNRNjJxQndiSjMxU1VqUDczS0Z1bkdRQmt1RGNmcVlWSFRkbW90WXRHd2lmMmtwaXhvekhFNnpzVEt1UjdCV0RZTlUzWGNJOVJuVjllc01jYklHcGhtUEN4LW9DVTZybzBCSGg3dXc?oc=5,Matched: twirwaneho | signals: m23,twirwaneho,m23
alert,CDi.003,GASTON IYAMUREMYE,DRC,0.80,,2026-07-28,standardmedia.co.ke,Why dialogue with the FDLR isn't an option for Rwanda,https://www.standardmedia.co.ke/opinion/article/2001553936/why-dialogue-with-the-fdlr-isnt-an-option-for-rwanda,"Matched: gaston iyamuremye | signals: fdlr, militia, rwanda",gaston iyamuremye,extradi; fdlr; financ; insurg; topic:ARMEDCONFLICT; topic:INSURGENCY
alert,CDi.006,GERMAIN KATANGA,DRC,0.70,,2026-09-18,socialistsanddemocrats.eu,S&D Times &#x2013; Weekly Update. This week's highlights and what's coming up,https://www.socialistsanddemocrats.eu/newsroom/sd-times-weekly-update-weeks-highlights-and-whats-coming-177,"Matched: germain katanga | signals: arrest, court",germain katanga,arrest; convict; financ; hamas; topic:ARMEDCONFLICT; topic:ARREST
alert,CDi.007,THOMAS LUBANGA,DRC,0.90,,2026-07-25,newsweek.com,Ebola Thrives in DR Congo's Chaos. The World May Soon Pay the Price,https://www.newsweek.com/ebola-thrives-in-dr-congos-chaos-the-world-may-soon-pay-the-price-12237111,"Matched: thomas lubanga | signals: arrest, arrested, court, rebel",thomas lubanga,adf; armed group; arrest; attack; topic:ARMEDCONFLICT; topic:ARREST
alert,CDi.007,THOMAS LUBANGA,DRC,0.90,,2026-08-12,theepochtimes.com,US Federal Government Sued by Human Rights Watch Over ICC Sanctions,https://www.theepochtimes.com/world/us-federal-government-sued-by-human-rights-watch-over-icc-sanctions-6074241,"Matched: thomas lubanga | signals: court, sanction, sanctions, trial",thomas lubanga,arrest; attack; convict; hamas; sanction; topic:ARMEDCONFLICT
alert,CDi.007,THOMAS LUBANGA,DRC,0.70,,2026-09-18,socialistsanddemocrats.eu,S&D Times &#x2013; Weekly Update. This week's highlights and what's coming up,https://www.socialistsanddemocrats.eu/newsroom/sd-times-weekly-update-weeks-highlights-and-whats-coming-177,"Matched: thomas lubanga | signals: arrest, court",thomas lubanga,arrest; convict; financ; hamas; topic:ARMEDCONFLICT; topic:ARREST
alert,CDi.007,THOMAS LUBANGA,DRC,0.60,,11 Jul 2026,Actualite.cd,"RDC : aucune coopération officielle jusque-là entre l'AFC/M23 et la CRP/FRP de Thomas Lubanga, le mouvement ne parvient toujours pas à rallier un large soutien des groupes armés et des communautés de l'Ituri - Actualite.cd",https://news.google.com/rss/articles/CBMiygFBVV95cUxNUDN0bDNpVjNWUlJjY0p6SktzTEh1WGwwNC1NdC0yN2xUUWtGUUxiY0NkN1d6WkZhSHU3bkxtNy04SXpYeWhwQmM5cy0yX1ZmNURwQjkxcWxjaEt0M1pnb1R3azNqejJBM2t4YXZCMlVkLThqLWM3NU42TVROSnBPNGFSZHNEZTRJS0c5SkJHaDZDZzVNNFdrTnR0UFA1cWdaalExd2Z1Z0VzNTJSMHR3OURVSnZLV0MxanI1UFZmN296b0paeUpTTkZ3?oc=5,Matched: thomas lubanga | signals: m23,thomas lubanga,m23
alert,CDi.007,THOMAS LUBANGA,DRC,0.60,,2026-08-18,allafrica.com,Congo-Kinshasa: Rentr&#xE9;e scolaire 2026 - Judith Suminwa mobilise le Gouvernement !,https://fr.allafrica.com/stories/202608180675.html,Matched: thomas lubanga | signals: adf,thomas lubanga,adf; arrete; attaque; conseil de securite; topic:ARMEDCONFLICT; topic:ARREST
alert,CDi.007,THOMAS LUBANGA,DRC,0.60,,2026-09-10,lepays.bf,CONDAMNATION D'ABDOULAYE MISKINE AU TCHAD &#xA0;: Les autres apprentis rebelles en prendront-ils de la graine ?,https://lepays.bf/condamnation-dabdoulaye-miskine-au-tchad-les-autres-apprentis-rebelles-en-prendront-ils-de-la-graine/,Matched: thomas lubanga | signals: rebel,thomas lubanga,arrete; assassinat; attaque; condamn; rebel; topic:ARMEDCONFLICT
alert,CDi.007,THOMAS LUBANGA,DRC,0.60,,2026-09-11,allafrica.com,Tchad: Condamnation d'Abdoulaye Miskine - Les autres apprentis rebelles en prendront-ils de la graine ?,https://fr.allafrica.com/stories/202609110105.html,Matched: thomas lubanga | signals: rebel,thomas lubanga,arrete; assassinat; attaque; condamn; rebel; topic:ARMEDCONFLICT
alert,CDi.008,SULTANI MAKENGA,DRC,0.60,,11 Jul 2026,Congoquotidien.com,"RDC : Sultani Makenga toujours à la tête de l’AFC/M23, selon un rapport de l’ONU - Congoquotidien.com",https://news.google.com/rss/articles/CBMibkFVX3lxTE1CTnVQZjlZY0RJYzZOYnY0NEQyZHl1RlJsR0s1MVdsRWxpUXFHeGFva29fUWVwT3pySHdWWUVMMmdUQ1VZLTQySWtfM2hpQUt2MUF1NVBnQ1JHY0FOMngxSXZmeWdQX3kzS1dneVBn?oc=5,Matched: sultani makenga | signals: m23,sultani makenga,m23
alert,CDi.022,LAURENT NKUNDA,DRC,1.00,,2026-08-18,globalvoices.org,Who are the M23 Rebels in eastern DRC?,https://globalvoices.org/2026/08/18/who-are-the-m23-rebels-in-eastern-drc/,"Matched: laurent nkunda | signals: armed group, democratic republic of the congo, m23, militia, rebel",laurent nkunda,adf; armed group; arms; attack; m23; rebel
alert,CDi.022,LAURENT NKUNDA,DRC,0.70,,2026-09-12,nakedcapitalism.com,Africa's Great Lakes: The Perpetual Violence Machine,https://www.nakedcapitalism.com/2026/09/africas-great-lakes-the-perpetual-violence-machine.html,"Matched: laurent nkunda | signals: militia, rebel",laurent nkunda,armed group; arms; arrest; assassinat; topic:ARMEDCONFLICT; topic:KILL
alert,CDi.030,BOSCO TAGANDA,DRC,0.90,,2026-08-12,theepochtimes.com,US Federal Government Sued by Human Rights Watch Over ICC Sanctions,https://www.theepochtimes.com/world/us-federal-government-sued-by-human-rights-watch-over-icc-sanctions-6074241,"Matched: bosco ntaganda | signals: court, sanction, sanctions, trial",bosco ntaganda,arrest; attack; convict; hamas; sanction; topic:ARMEDCONFLICT
alert,CDi.030,BOSCO TAGANDA,DRC,0.80,,2026-09-17,mongabay.com,"As human Ebola cases climb in DRC, critically endangered gorillas are at risk",https://news.mongabay.com/2026/06/as-human-ebola-cases-climb-in-drc-critically-endangered-gorillas-are-at-risk/,"Matched: bosco ntaganda | signals: armed group, killed, m23",bosco ntaganda,armed group; attack; kill; killed; topic:ARMEDCONFLICT; topic:KILL
alert,CDi.030,BOSCO TAGANDA,DRC,0.70,,2026-09-18,socialistsanddemocrats.eu,S&D Times &#x2013; Weekly Update. This week's highlights and what's coming up,https://www.socialistsanddemocrats.eu/newsroom/sd-times-weekly-update-weeks-highlights-and-whats-coming-177,"Matched: bosco ntaganda | signals: arrest, court",bosco ntaganda,arrest; convict; financ; hamas; topic:ARMEDCONFLICT; topic:ARREST
alert,CDi.030,BOSCO TAGANDA,DRC,0.60,,2026-07-28,mundorama.net,Rape as a weapon of war: the urgent need to recognize women's vulnerability in armed conflicts,https://www.mundorama.net/p/rape-as-a-weapon-of-war-the-urgent,Matched: bosco ntaganda | signals: court,bosco ntaganda,armed group; arms; convict; proces; topic:ARMEDCONFLICT; topic:HUMAN_TRAFFICKING
alert,CDi.040,AHMAD MAHMOOD HASSAN,DRC,0.60,,2026-08-19,hcamag.com,Canada-U.S. tariff deal: stop waiting for trade certainty,https://www.hcamag.com/us/news/general/canada-us-tariff-deal-stop-waiting-for-trade-certainty/586735,Matched: leblanc | signals: forces,leblanc,topic:WB_1484_EDUCATION_SKILLS_DEVELOPMENT_AND_LABOR_MARKET; topic:WB_2131_EMPLOYABILITY_SKILLS_AND_JOBS; topic:WB_2432_FRAGILITY_CONFLICT_AND_VIOLENCE
alert,CDi.042,MOHAMED ALI NKALUBO,DRC,0.80,,2026-07-25,observer.ug,"DPP opposes Lukwago's bail application, cites flight risk - The Observer Media Ltd",https://observer.ug/news/dpp-opposes-lukwagos-bail-application-cites-flight-risk/,"Matched: kasibante | signals: court, trial, uganda",kasibante,indict; prosecut; topic:ARREST; topic:REBELLION; topic:SECURITY_SERVICES; trial
alert,CDi.044,WILLY NGOMA,DRC,1.00,,2026-08-24,hngn.com,Congo and M23 Agree Peace Roadmap in Switzerland as First Ceasefire Inspection Heads to Minembwe,https://www.hngn.com/articles/272881/20260824/congo-m23-agree-peace-roadmap-switzerland-first-ceasefire-inspection-heads-minembwe.htm,"Matched: willy ngoma | signals: armed group, designated, fdlr, m23, military",willy ngoma,armed group; attack; captur; designat; m23; topic:ARMEDCONFLICT
alert,CDi.045,CORNEILLE NANGAA YOBELUO,DRC,1.00,,2026-07-16,miragenews.com,"UNSC Sanctions Committee Adds 6 Individuals, 2 Entities",https://www.miragenews.com/unsc-sanctions-committee-adds-6-individuals-2-1711601/,"Matched: corneille nangaa, corneille nangaa yobeluo, id:OP1097934, id:DP0000149, id:DP0003850 | signals: afc, alliance, cde, congo, democratic republic of the congo",corneille nangaa; corneille nangaa yobeluo; id:OP1097934; id:DP0000149; id:DP0003850,topic:ARMEDCONFLICT; topic:KIDNAP; topic:KILL; sanction
alert,CDi.045,CORNEILLE NANGAA YOBELUO,DRC,1.00,,2026-07-17,cnbcafrica.com,UN sanctions armed groups' leaders in eastern Congo,https://www.cnbcafrica.com/2026/un-sanctions-armed-groups-leaders-in-eastern-congo,"Matched: corneille nangaa | signals: afc, alliance, armed group, commander, congo",corneille nangaa,armed group; arms; fdlr; financ; sanction; topic:ARMEDCONFLICT
alert,CDi.045,CORNEILLE NANGAA YOBELUO,DRC,1.00,,2026-07-17,channelafrica.co.za,UN sanctions armed groups' leaders in eastern DRC &#x2013; Channel Africa,https://www.channelafrica.co.za/channelafrica/news/un-sanctions-armed-groups-leaders-in-eastern-drc/,"Matched: corneille nangaa | signals: afc, alliance, armed group, commander, congo",corneille nangaa,armed group; arms; fdlr; m23; sanction; topic:ARMEDCONFLICT
alert,CDi.045,CORNEILLE NANGAA YOBELUO,DRC,1.00,,2026-07-23,allafrica.com,"Rwanda: AFC/M23 Official Says UN, U.S. Sanctions Undermine Peace Efforts",https://allafrica.com/stories/202607230071.html,"Matched: corneille nangaa | signals: afc, commander, congo, isis, leader",corneille nangaa,arms; attack; fdlr; killed; m23; sanction
alert,CDi.045,CORNEILLE NANGAA YOBELUO,DRC,1.00,,2026-07-30,globalpost.com,Protests Hit Eastern Congo Over Third Term for President,https://globalpost.com/stories/protests-hit-eastern-congo-over-third-term-for-president/,"Matched: corneille nangaa | signals: congo, leader, m23, rebel, sanction",corneille nangaa,m23; rebel; sanction; topic:SANCTIONS; topic:TERROR; topic:WB_2432_FRAGILITY_CONFLICT_AND_VIOLENCE
alert,CDi.045,CORNEILLE NANGAA YOBELUO,DRC,1.00,,2026-08-21,bignewsnetwork.com,Rebels restrict travel in DR Congo over Ebola infection plot,http://www.bignewsnetwork.com/news/279255739/rebels-restrict-travel-in-dr-congo-over-ebola-infection-plot,"Matched: corneille nangaa | signals: afc, alliance, congo, democratic republic of the congo, m23",corneille nangaa,attack; captur; killing; m23; rebel; topic:KILL
alert,CDi.045,CORNEILLE NANGAA YOBELUO,DRC,1.00,,2026-08-24,allafrica.com,"Congo-Kinshasa: AFC/M23, Kinshasa Agree On Roadmap to Move Peace Talks Forward",https://allafrica.com/stories/202608240091.html,"Matched: corneille nangaa | signals: afc, congo, isis, leader, m23",corneille nangaa,arms; detain; m23; proces; topic:ARREST; topic:WB_2432_FRAGILITY_CONFLICT_AND_VIOLENCE
alert,CDi.045,CORNEILLE NANGAA YOBELUO,DRC,1.00,,2026-09-10,cyprus-mail.com,"School fire in rebel-held east Congo city&#xA0;kills at least 17, sources say",https://cyprus-mail.com/2026/09/10/school-fire-in-rebel-held-east-congo-city-kills-at-least-17-sources-say,"Matched: corneille nangaa | signals: afc, alliance, congo, killed, m23",corneille nangaa,killed; m23; rebel; topic:KILL; topic:REBELS; topic:TERROR
alert,CDi.045,CORNEILLE NANGAA YOBELUO,DRC,1.00,,2026-09-10,gdnonline.com,"World News: School fire in rebel-held east Congo city kills at least 17, sources say","https://www.gdnonline.com:443/Details/1405999/School-fire-in-rebel-held-east-Congo-city-kills-at-least-17,-sources-say","Matched: corneille nangaa | signals: afc, alliance, congo, killed, m23",corneille nangaa,killed; m23; rebel; topic:KILL; topic:REBELS; topic:TERROR
alert,CDi.045,CORNEILLE NANGAA YOBELUO,DRC,1.00,,2026-09-15,observer.ug,DRC: 27 pupils buried after deadly Bukavu school fire - The Observer Media Ltd,https://observer.ug/news/drc-27-pupils-buried-after-deadly-bukavu-school-fire/,"Matched: corneille nangaa yobeluo | signals: afc, alliance, congo, leader, m23",corneille nangaa yobeluo,killed; m23; rebel; topic:KILL; topic:REBELS; topic:TERROR
alert,CDi.045,CORNEILLE NANGAA YOBELUO,DRC,1.00,,2026-10-06,allafrica.com,Africa: AU Facilitators Meet AFC/M23 Leaders in Goma,https://allafrica.com/stories/202610060081.html,"Matched: corneille nangaa | signals: afc, congo, isis, leader, m23",corneille nangaa,arms; attack; fdlr; m23; topic:ARMEDCONFLICT; topic:TERROR
alert,CDi.045,CORNEILLE NANGAA YOBELUO,DRC,0.90,,18 Jul 2026,AfrikMag,RDC : l’ONU sanctionne Corneille Nangaa et l’Alliance Fleuve Congo - AfrikMag,https://news.google.com/rss/articles/CBMiigFBVV95cUxNVkllLV9MbmFrZkstNkVpV3Z6RllYdDI1Q1ZfcjlHN2N4WDZNaE9Lb0VELXZfOGpiQkRMdUZCd1VTT1NBWkxwdmI0TlZvYXFtQnhUamNybDd6VEZwRThWX19iX0JlUzl1LV9mOWJ0RlV2U2p5dVR0YTFoVl82aHVPTUQ4WUU0MVZtd3c?oc=5,"Matched: corneille nangaa | signals: alliance, congo, fleuve, sanction",corneille nangaa,sanction
alert,CDi.045,CORNEILLE NANGAA YOBELUO,DRC,0.90,,2026-08-26,allafrica.com,Rwanda: Kinshasa Suspends Universities in AFC/M23-Controlled Areas,https://allafrica.com/stories/202608260277.html,"Matched: corneille nangaa | signals: afc, congo, leader, m23",corneille nangaa,m23; proces; rebel; topic:ARMEDCONFLICT; topic:TERROR; topic:WB_2432_FRAGILITY_CONFLICT_AND_VIOLENCE
alert,CDi.045,CORNEILLE NANGAA YOBELUO,DRC,0.90,,2026-08-28,allafrica.com,"Rwanda: Nangaa Says Universities in Goma, Bukavu to Remain Open Despite Kinshasa's Suspension",https://allafrica.com/stories/202608280104.html,"Matched: corneille nangaa | signals: afc, congo, m23, rebel",corneille nangaa,m23; proces; rebel; sanction; topic:SANCTIONS; topic:TERROR
alert,CDi.045,CORNEILLE NANGAA YOBELUO,DRC,0.80,,18 Jul 2026,mediacongo.net,"« Notre lutte est existentielle », Corneille Nangaa promet de poursuivre le combat malgré les sanctions - mediacongo.net",https://news.google.com/rss/articles/CBMi6wFBVV95cUxNdGRac24zQmZNekg3MEhUMzJRZ3p3Q2JuVERFYlRLSTBZOExRYmZ1SEFBUDFpMjI3aVNmX1ZUOGpGZkswXzliWG8wWl9sN2JSMWxCanI2Z3poQkZXZU5qb2Nac05tZEl6ZWdxbkotSmlPWXJLMTFJWEV3U2gxRllubExFbF9DOGdpWHBSanBNaF9PcEZObUc2WU9QWWdTME1pTGstS1ZaTEtxdVNpQXJBdW9OdXBXN0J1OV9yOWhKaFFraThucjJXN05QRnhsZTg2U2I5RkdNQ2JjQ0g2bmJEY29QdndhT1FoY1hZ?oc=5,"Matched: corneille nangaa | signals: congo, sanction, sanctions",corneille nangaa,poursuiv; sanction
alert,CDi.045,CORNEILLE NANGAA YOBELUO,DRC,0.80,,24 Jul 2026,Congoquotidien.com,RDC : Corneille Nangaa évoque Joseph Kabila à la tête de l’AFC-M23 - Congoquotidien.com,https://news.google.com/rss/articles/CBMifkFVX3lxTFA4SWp4Q1ZQdGxVUWFvRlJNeW1oZHhuc281Y3lCVWJuenN2RUVtSS1yek1US2lzNWExRTJYVFhnSDVXNzB5eGZDdEJ0ZTk2b0NqTUw4UDIyb3ZkREZIVGtHQ0dFNmYxSnRlV1BKa1VDV2ZmZ3k2Njg5VDNXOWNvdw?oc=5,"Matched: corneille nangaa | signals: afc, congo, m23",corneille nangaa,m23
alert,CDi.045,CORNEILLE NANGAA YOBELUO,DRC,0.70,,17 Jul 2026,ACP | Agence Congolaise de Presse,ONU-RDC: le Conseil de sécurité sanctionne Corneille Nangaa et sept autres cibles - ACP | Agence Congolaise de Presse,https://news.google.com/rss/articles/CBMipgFBVV95cUxQR1RnR0Z0R01jUGUxS1NVb3B6eEswNDcza2w2UXZzOE1MRFFwLTFuT0tzRkg1eUdydDJXQ1FzZzl0Qy1YT1FYWDBEemFISmoyTUw0b3hnOWNkOFlhdzhMOUZzQVlUemlzSXhLVjEwSmFCcGx6SnRkZ3hxLU93N1drN3Z4WERZWkhwSjlqbGRrVDg2MzlnVG84Z29jYVJOMTBqQXNsYVFR?oc=5,"Matched: corneille nangaa | signals: congo, sanction",corneille nangaa,conseil de securite; sanction
alert,CDi.045,CORNEILLE NANGAA YOBELUO,DRC,0.70,,20 Jul 2026,koaci,RDC : Corneille Nangaa et plusieurs chefs rebelles sanctionnés par l'ONU - koaci,https://news.google.com/rss/articles/CBMi1wFBVV95cUxQdU90RzVZMXRqRU1obUlXdXAwRDF4TDJqU1dCVV8zTzNhenVIbkh1UEExSWYxX1pHNjRmUXpCc0ljQmdfSmI1VFR0ai1Pc240Qk1PVUdXYS1aTW1hRTFFV3Brc09pTUFuWlFkbVN3ekhxVDk5OWhkYjhyVXF3U3dNQnFKOThsTGpFc2FaLUZqcmZpNU93X093TmZ6UjdsMklJc25MMjI3OXRGalh2VkdLcHRJZFUtRUpKZmtDb1JiTmp4THc3eFExazlMRTRkR3ZtTjFSOXRuRQ?oc=5,"Matched: corneille nangaa | signals: rebel, sanction",corneille nangaa,rebel; sanction
alert,CDi.045,CORNEILLE NANGAA YOBELUO,DRC,0.70,,16 Jul 2026,Mbote - Buzz,"URGENT — RDC : L'ONU sanctionne lourdement Corneille Nangaa, le M23 et cinq autres chefs de groupes armés - Mbote - Buzz",https://news.google.com/rss/articles/CBMi0AFBVV95cUxNN09FUHJBQ2JGemhMQkotN1hOUURRZmFsdUxuN0UwWjE4bXllWUNVSzRoaTBLWVdOeEFicV95aXdGc1RlSXIzUWZCZ2QwMVFUTF9zNTdINk1zZkVlQk84VHJUWlNHeE05YmZsZFgxblZDQU5zQUgwSk40ZUd2UzAwR2hzelFkYXdBb2JJa1F3bGtoUlhfVDA0YU1fNHdKS05kN1pYNjBzMTJDRVREeURuZTYxY0pCcDY0OUhCYTRDMm4xdHFvS0FkWUFkOXo1d0hk?oc=5,"Matched: corneille nangaa | signals: m23, sanction",corneille nangaa,m23; sanction
alert,CDi.045,CORNEILLE NANGAA YOBELUO,DRC,0.70,,16 Jul 2026,Actualite.cd,RDC : l'ONU frappe Corneille Nangaa et cinq autres chefs de groupes armés de nouvelles sanctions - Actualite.cd,https://news.google.com/rss/articles/CBMitgFBVV95cUxNNW1laG1XWVh3dWZ5WVUzaVhnWGVKY1RNUVdRREhkbXJkTHg5ekU2bU1mMDNEemZDcDg1cl8tb1N3QjlaT2VRWURVRWNsT2lVOGt4SEMzWmRNcTVvcHFnR25uNVhhTTY0S2p0SVlJTVg2Qkd3TmdDN2FLd0tOUk9LZlY3TFdxQm1pczJWVVcxQUQ0TExqaU9UdXVJZFRrSlN6NG5hbnNGNnZEcnFmdFU1LWxUeGJyQQ?oc=5,"Matched: corneille nangaa | signals: sanction, sanctions",corneille nangaa,sanction
alert,CDi.045,CORNEILLE NANGAA YOBELUO,DRC,0.70,,16 Jul 2026,mediacongo.net,Actualité | Est de la RDC : Corneille Nangaa et cinq autres responsables de groupes armés sanctionnés par l’ONU - mediacongo.net,https://news.google.com/rss/articles/CBMi6gFBVV95cUxOMXlaYWlMX2liT0FvQUk3T3ZSbEVXWUpkMzNDQXZ5aGtvckplZGpBTFdQU0JWUTFsLVlmeGFGYWRZNkdRRHNicnYwZ3ZSc1FBWWJweVR3UnVhYXFwSGc2N25JOHhyQUt4LVh1VFNYMmt5ZGpUN3pCMFh6NEw0ZEQwX1YtWncwTlB6cklIRG9pbmJoTHk1QkZBNUxUS2FnZFFsbW52Vk5DbXJUSkZoZGNuVS1FNXdHUEVoZXNId2ZjYVhKWUp6bHdyd1c1X2NRejNabXQwMnQyMTJ2Wnk0WmgwWEZEQmc4b1YtOGc?oc=5,"Matched: corneille nangaa | signals: congo, sanction",corneille nangaa,sanction
alert,CDi.045,CORNEILLE NANGAA YOBELUO,DRC,0.60,,17 Jul 2026,Afrik,RDC : l'ONU durcit le ton et sanctionne Corneille Nangaa ainsi que cinq autres chefs de groupes armés - Afrik,https://news.google.com/rss/articles/CBMivgFBVV95cUxNZTFLVlBJOVhaaVdCTTJyRjVjNkkxT0lfMFBBckxHbFhqV1R3TlZlR18yQkxxS0h5X3BkaURwTzVOM0RrZkJ4Z21IX3NtLTBRZ2hJNGhKQkthQ0VIR29fSEtweDVGYXVnN2wzTmxEY3RtcUJqd2ZCYkRRUm03ZjJOSTJJcXhNSnUwXzBia3A3ajQweDhIZFN0UW1SNk82RGNNY3lrNFMyZkoxb0JhMVJhLVR3UllFQ1R4WHFoSDVn?oc=5,Matched: corneille nangaa | signals: sanction,corneille nangaa,sanction
alert,CDi.045,CORNEILLE NANGAA YOBELUO,DRC,0.60,,02 Sep 2026,mediacongo.net,Actualité | Processus de Doha : Corneille Nangaa maintient son attachement au dialogue et accuse Tshisekedi de « gagner du temps - mediacongo.net,https://news.google.com/rss/articles/CBMi_gFBVV95cUxOWUxPLXdyaGFxbWo2OF91R3NncXNHYTJxVzI2Q3M3ek1OUlU2aXp0YXJPSldVQ3BwLVBiZFVPRkl6bTdZd2RUSWdMa2t4WU1TZEtHamZBNXVMVU9SdG83QVkxMFYzWGc3MC1WRFl5aklTbzlmME5Qdmg2b2NUMk9fTG1RbXluRm10ektKZjJOcnIzb0tJTlFqeEdjLUdDcnJwUHI4Z1QyU1RucUUyY0hVeDdGUDhLeHlBTWh1Umw5SS03SGlLRldTQWlXR1gyYzFNZzhmWjltb3dZMG5Jc2V3VmxWZU5KRmEwUG9GcGhmakIwYWdDYXZtNnlKM1YwQQ?oc=5,Matched: corneille nangaa | signals: congo,corneille nangaa,proces
alert,CDi.046,SEBASTIEN UWIMBABAZI,DRC,1.00,,2026-07-16,miragenews.com,"UNSC Sanctions Committee Adds 6 Individuals, 2 Entities",https://www.miragenews.com/unsc-sanctions-committee-adds-6-individuals-2-1711601/,"Matched: gilbert kimenyi, nyembo kimenyi, sebastien uwimbabazi | signals: brigadier, cde, democratic, democratic republic of the congo, designation",gilbert kimenyi; nyembo kimenyi; sebastien uwimbabazi,adf; armed group; designat; fdlr; sanction; topic:ARMEDCONFLICT
alert,CDi.048,CHARLES SEMATAMA,DRC,1.00,,2026-07-23,allafrica.com,"Rwanda: AFC/M23 Official Says UN, U.S. Sanctions Undermine Peace Efforts",https://allafrica.com/stories/202607230071.html,"Matched: charles sematama | signals: commander, isis, m23, sanction, sanctions",charles sematama,arms; attack; fdlr; killed; m23; sanction
alert,CDi.049,JOHN IMANI NZENZE,DRC,1.00,,2026-07-17,cnbcafrica.com,UN sanctions armed groups' leaders in eastern Congo,https://www.cnbcafrica.com/2026/un-sanctions-armed-groups-leaders-in-eastern-congo,"Matched: john imani nzenze | signals: armed group, commander, democratic republic of the congo, embargo, fdlr",john imani nzenze,armed group; arms; fdlr; financ; sanction; topic:ARMEDCONFLICT
alert,CDi.049,JOHN IMANI NZENZE,DRC,1.00,,2026-07-17,channelafrica.co.za,UN sanctions armed groups' leaders in eastern DRC &#x2013; Channel Africa,https://www.channelafrica.co.za/channelafrica/news/un-sanctions-armed-groups-leaders-in-eastern-drc/,"Matched: john imani nzenze | signals: armed group, commander, embargo, fdlr, m23",john imani nzenze,armed group; arms; fdlr; m23; sanction; topic:ARMEDCONFLICT
alert,CDi.050,GUSTAVE KUBWAYO,DRC,1.00,,2026-07-17,cnbcafrica.com,UN sanctions armed groups' leaders in eastern Congo,https://www.cnbcafrica.com/2026/un-sanctions-armed-groups-leaders-in-eastern-congo,"Matched: gustave kubwayo | signals: armed group, commander, democratic republic of the congo, embargo, fdlr",gustave kubwayo,armed group; arms; fdlr; financ; sanction; topic:ARMEDCONFLICT
alert,CDi.050,GUSTAVE KUBWAYO,DRC,1.00,,2026-07-17,channelafrica.co.za,UN sanctions armed groups' leaders in eastern DRC &#x2013; Channel Africa,https://www.channelafrica.co.za/channelafrica/news/un-sanctions-armed-groups-leaders-in-eastern-drc/,"Matched: gustave kubwayo | signals: armed group, commander, embargo, fdlr, m23",gustave kubwayo,armed group; arms; fdlr; m23; sanction; topic:ARMEDCONFLICT
alert,CFi.004,ALFRED YEKATOM,CAR,1.00,,2026-09-23,dominicanrepublicpost.com,"ICC convicts former Central African Republic militia leader&#xA0; - Dominican Republic Post &#x2013; Caribbean News, Business, Travel & Culture",https://dominicanrepublicpost.com/icc-convicts-former-central-african-republic-militia-leader/,"Matched: alfred yekatom | signals: al qaeda, arm, central african republic, convicted, court",alfred yekatom,al qaeda; convict; detain; killed; militia; topic:WB_2432_FRAGILITY_CONFLICT_AND_VIOLENCE
alert,CFi.004,ALFRED YEKATOM,CAR,1.00,,2026-09-23,aljazeera.com,ICC convicts former Central African Republic militia leader,https://www.aljazeera.com/news/2026/9/23/icc-convicts-central-african-militia-leader-of-crimes-against-humanity,"Matched: alfred yekatom | signals: arm, central african republic, convicted, killed, militia",alfred yekatom,convict; detain; killed; militia; topic:WB_2432_FRAGILITY_CONFLICT_AND_VIOLENCE
alert,CFi.004,ALFRED YEKATOM,CAR,1.00,,2026-09-24,riotimesonline.com,ICC Seleka Conviction: First Verdict for CAR Victims,https://www.riotimesonline.com/icc-seleka-conviction-central-african-republic-2026/,"Matched: alfred yekatom | signals: arm, commander, convicted, court, killed",alfred yekatom,armed group; attack; captur; charged; convict; topic:ARMEDCONFLICT
alert,CFi.004,ALFRED YEKATOM,CAR,0.90,,2026-08-01,verafiles.org,Fake news from the mouth of Sara Duterte,https://verafiles.org/articles/fake-news-from-the-mouth-of-sara-duterte,"Matched: alfred yekatom | signals: arrest, arrested, central african republic, convicted",alfred yekatom,arrest; convict; detain; killing; topic:ARMEDCONFLICT; topic:ARREST
alert,CFi.004,ALFRED YEKATOM,CAR,0.80,,2026-09-23,citizen.co.za,ICC convicts Central African Republic rebel leader,https://www.citizen.co.za/news/news-world/news-africa/icc-convicts-central-african-republic-rebel-leader/,"Matched: alfred yekatom | signals: central african republic, convicted, rebel",alfred yekatom,convict; detain; militia; prosecut; rebel; topic:ARMEDCONFLICT
alert,CFi.004,ALFRED YEKATOM,CAR,0.80,,2026-09-23,newvision.co.ug,World: ICC convicts Central Africa rebel leader,https://www.newvision.co.ug/category/world/icc-convicts-central-africa-rebel-leader-NV_241178_092026,"Matched: alfred yekatom | signals: convicted, court, rebel",alfred yekatom,convict; detain; militia; prosecut; rebel; topic:ARMEDCONFLICT
alert,CFi.004,ALFRED YEKATOM,CAR,0.80,,2026-09-25,miragenews.com,"Yekatom and Nga&#xEF;ssona Reparations Hearing Set for Oct. 1, 2026",https://www.miragenews.com/yekatom-and-ngaissona-reparations-hearing-set-1750419/,"Matched: alfred yekatom | signals: central african republic, court, trial",alfred yekatom,convict; prosecut; sentenced; topic:ARMEDCONFLICT; topic:ARREST; topic:TRIAL
alert,CFi.004,ALFRED YEKATOM,CAR,0.70,,2026-09-23,justiceinfo.net,ICC to issue war crimes verdict against C.Africa rebel leader,https://www.justiceinfo.net/en/165758-icc-to-issue-war-crimes-verdict-against-c-africa-rebel-leader.html,"Matched: alfred yekatom | signals: convicted, rebel",alfred yekatom,convict; detain; militia; prosecut; rebel; topic:ARMEDCONFLICT
alert,CFi.004,ALFRED YEKATOM,CAR,0.70,,2026-09-23,justiceinfo.net,ICC convicts C.Africa rebel leader,https://www.justiceinfo.net/en/165776-icc-convicts-c-africa-rebel-leader.html,"Matched: alfred yekatom | signals: convicted, rebel",alfred yekatom,convict; detain; militia; prosecut; rebel; topic:ARMEDCONFLICT
alert,CFi.004,ALFRED YEKATOM,CAR,0.70,,2026-09-23,ewn.co.za,ICC convicts Central African rebel leader,https://www.ewn.co.za/2026/09/23/icc-convicts-central-african-rebel-leader,"Matched: alfred yekatom | signals: convicted, rebel",alfred yekatom,arrest; convict; detain; militia; rebel; topic:ARMEDCONFLICT
alert,CFi.004,ALFRED YEKATOM,CAR,0.60,,2026-09-23,justiceinfo.net,ICC: Said convicted,https://www.justiceinfo.net/en/165776-icc-said-convicted.html,Matched: alfred yekatom | signals: convicted,alfred yekatom,convict; detain; militia; prosecut; topic:ARMEDCONFLICT; topic:ARREST
alert,CFi.008,EUGÈNE BARRET NGAÏKOSSET,CAR,1.00,,2026-08-18,justiceinfo.net,"C.African ex-leader Bozize implicated in opponent's disappearance, court hears",https://www.justiceinfo.net/en/163463-c-african-ex-leader-bozize-implicated-in-opponents-disappearance-court-hears.html,"Matched: eugene barret ngaikosset | signals: armed group, car, court, former, guard",eugene barret ngaikosset,armed group; arrest; killed; rebel; topic:ARMEDCONFLICT; topic:ARREST
alert,CFi.008,EUGÈNE BARRET NGAÏKOSSET,CAR,1.00,,2026-08-18,newvision.co.ug,World: C.African ex-leader Bozize implicated in opponent's d,https://www.newvision.co.ug/category/world/cafrican-ex-leader-bozize-implicated-in-oppon-NV_239066_082026,"Matched: eugene barret ngaikosset | signals: armed group, car, court, former, guard",eugene barret ngaikosset,armed group; arrest; attack; kill; topic:ARMEDCONFLICT; topic:REBELS
alert,CFi.009,JOSEPH KONY,CAR,1.00,,2026-08-02,christiantoday.com,Deadly distortions of Christianity in Africa,https://www.christiantoday.com/news/deadly-distortions-of-christianity-in-africa,"Matched: joseph kony | signals: army, lord, rebel, resistance, uganda",joseph kony,arms; arrest; attack; captur; topic:ARMEDCONFLICT; topic:ARREST
alert,CFi.009,JOSEPH KONY,CAR,1.00,,2026-08-11,allafrica.com,Uganda: A Plu Letter From the Dream - PLU Must Correctly Diagnose What's Uganda's Problem.,https://allafrica.com/stories/202608100724.html,"Matched: joseph kony | signals: army, isis, lord, rebel, resistance",joseph kony,captur; killing; proces; rebel; topic:ARMEDCONFLICT; topic:KILL
alert,CFi.009,JOSEPH KONY,CAR,1.00,,2026-08-27,patriotpost.us,Austin Bay | The Patriot Post,https://patriotpost.us/authors/austin-bay-2,"Matched: joseph kony | signals: army, commander, lord, rebel, resistance",joseph kony,al qaida; assassinat; attack; charged; topic:ARMEDCONFLICT; topic:ARREST
alert,CFi.009,JOSEPH KONY,CAR,1.00,,2026-08-28,allafrica.com,Uganda: Police Warn Parents As Terror Groups Target Youth Through Online Platforms,https://allafrica.com/stories/202608280615.html,"Matched: joseph kony | signals: adf, armed group, army, lord, resistance",joseph kony,adf; armed group; extremis; financ; terror; topic:ARMEDCONFLICT
alert,CFi.009,JOSEPH KONY,CAR,1.00,,2026-09-17,standardmedia.co.ke,Lord's Resistance Army blamed for Central Africa Republic mass kidnapping,https://www.standardmedia.co.ke/africa/article/2001557998/lords-resistance-army-blamed-for-central-africa-republic-mass-kidnapping,"Matched: joseph kony | signals: army, central african republic, lord, rebel, resistance",joseph kony,attack; financ; kidnap; rebel; topic:ARMEDCONFLICT; topic:KIDNAP
alert,CFi.009,JOSEPH KONY,CAR,1.00,,2026-09-25,americanthinker.com,Follow-up: That Sudanese 'woman' who refuses to 'assimilate' to the West turns out to be the daughter of an African warlord,https://www.americanthinker.com/blog/2026/09/follow-up-that-sudanese-woman-who-refuses-to-assimilate-to-the-west-turns-out-to-be-the-daughter-of-an-african-warlord/,"Matched: joseph kony | signals: army, lord, rebel, resistance, terror",joseph kony,killed; rebel; terror; topic:ARMEDCONFLICT; topic:KIDNAP; topic:KILL
alert,CFi.009,JOSEPH KONY,CAR,0.90,,2026-08-28,allafrica.com,"Uganda: Today in History - Government, LRA Sign Landmark Peace Pact in Juba",https://allafrica.com/stories/202608280486.html,"Matched: joseph kony | signals: arrest, commander, court, uganda",joseph kony,arrest; attack; designat; insurg; topic:ARMEDCONFLICT; topic:ARREST
alert,CFi.009,JOSEPH KONY,CAR,0.80,,2026-08-01,verafiles.org,Fake news from the mouth of Sara Duterte,https://verafiles.org/articles/fake-news-from-the-mouth-of-sara-duterte,"Matched: joseph kony | signals: arrest, lord, uganda",joseph kony,arrest; convict; detain; killing; topic:ARMEDCONFLICT; topic:ARREST
alert,CFi.009,JOSEPH KONY,CAR,0.80,,2026-09-01,allafrica.com,Uganda: Today in History - LRA Massacre Gateway Bus Passengers At Atirir,https://allafrica.com/stories/202609010414.html,"Matched: joseph kony | signals: commander, insurgent, uganda",joseph kony,attack; captur; insurg; killed; topic:ARMEDCONFLICT; topic:INSURGENCY
alert,CFi.009,JOSEPH KONY,CAR,0.80,,2026-09-07,newvision.co.ug,"News: PLU does not compete with NRM, they work closely",https://www.newvision.co.ug/category/news/plu-does-not-compete-with-nrm-they-work-close-NV_240232_092026,"Matched: joseph kony | signals: army, lord, resistance",joseph kony,insurg; militan; topic:ARMEDCONFLICT; topic:INSURGENCY; topic:MILITARY
alert,CFi.009,JOSEPH KONY,CAR,0.70,,2026-08-27,michigandaily.com,Slacktivism doesn't work,https://www.michigandaily.com/opinion/columns/slacktivism-doesnt-work/,"Matched: joseph kony | signals: lord, uganda",joseph kony,financ; reward; topic:REBELLION; topic:WB_2432_FRAGILITY_CONFLICT_AND_VIOLENCE; topic:WB_2433_CONFLICT_AND_VIOLENCE
alert,CFi.009,JOSEPH KONY,CAR,0.60,,2026-09-18,observer.ug,From Kityo to Muhoozi: Who defines what is legal in Uganda?,https://observer.ug/viewpoint/from-kityo-to-muhoozi-who-defines-what-is-legal-in-uganda/,Matched: joseph kony | signals: uganda,joseph kony,arrest; captur; charged; killed; topic:ARREST; topic:KIDNAP
alert,CFi.013,MARTIN KOUMTAMADJI,CAR,1.00,,2026-09-01,allafrica.com,"Tchad: Au proc&#xE8;s d'Abdoulaye Miskine, la d&#xE9;fense du rebelle centrafricain met en doute la parole des parties civiles",https://fr.allafrica.com/stories/202609010521.html,"Matched: abdoulaye miskine | signals: centrafricain, chad, fdpc, front, peuple",abdoulaye miskine,arrete; assassinat; groupe arme; interpell; rebel; topic:ARMEDCONFLICT
alert,CFi.013,MARTIN KOUMTAMADJI,CAR,1.00,,2026-09-02,allafrica.com,"Tchad: Au proc&#xE8;s d'Abdoulaye Miskine, l'avocat de la d&#xE9;fense estime que le &#xAB;dossier est vide&#xBB;",https://fr.allafrica.com/stories/202609020642.html,"Matched: abdoulaye miskine | signals: centrafricain, chad, fdpc, front, peuple",abdoulaye miskine,arrete; assassinat; groupe arme; interpell; topic:ARMEDCONFLICT; topic:ARREST
alert,CFi.013,MARTIN KOUMTAMADJI,CAR,1.00,,2026-09-10,channelafrica.co.za,Chadian court convicts Central African rebel leader over border atrocities &#xA0; &#x2013; Channel Africa,https://www.channelafrica.co.za/channelafrica/news/chadian-court-convicts-central-african-rebel-leader-over-border-atrocities/,"Matched: abdoulaye miskine | signals: central african republic, chad, convicted, court, president",abdoulaye miskine,arrest; convict; kidnap; rebel; topic:ARREST; topic:KIDNAP
alert,CFi.013,MARTIN KOUMTAMADJI,CAR,1.00,,2026-09-03,alwihdainfo.com,"Tchad - RCA : g&#xE9;n&#xE9;ral Miskine, l'histoire d'un ancien commandant de la garde pr&#xE9;sidentielle devenu g&#xEA;nant",https://www.alwihdainfo.com/tchad-rca-general-miskine-lhistoire-dun-ancien-commandant-de-la-garde-presidentielle-devenu-genant/,"Matched: abdoulaye miskine | signals: centrafricain, chad, fdpc, front, peuple",abdoulaye miskine,arrest; arrete; assassinat; condamn; topic:ARMEDCONFLICT; topic:ARREST
alert,CFi.013,MARTIN KOUMTAMADJI,CAR,0.80,,2026-08-18,alwihdainfo.com,Tchad : la presse centrafricaine s'interroge sur le sort du g&#xE9;n&#xE9;ral Abdoulaye Miskine,https://www.alwihdainfo.com/tchad-la-presse-centrafricaine-sinterroge-sur-le-sort-du-general-abdoulaye-miskine/,"Matched: abdoulaye miskine, martin koumtamadji | signals: centrafricain, chad, president",abdoulaye miskine; martin koumtamadji,arrete; condamn; conseil de securite; extradi; topic:ARREST; topic:TRIAL
alert,CFi.013,MARTIN KOUMTAMADJI,CAR,0.80,,2026-09-10,jeuneafrique.com,"Au Tchad, l'ancien chef rebelle centrafricain Abdoulaye Miskine condamn&#xE9; &#xE0; quinze ans de prison",https://www.jeuneafrique.com/1841982/politique/au-tchad-lancien-chef-rebelle-centrafricain-abdoulaye-miskine-condamne-a-quinze-ans-de-prison/,"Matched: abdoulaye miskine | signals: centrafricain, chad, rebel",abdoulaye miskine,condamn; rebel; topic:ARMEDCONFLICT; topic:ARREST; topic:INSURGENCY
alert,CFi.013,MARTIN KOUMTAMADJI,CAR,0.80,,2026-09-02,radiookapi.net,Journal Soir,https://www.radiookapi.net/journal-journal-francais/journal-soir-843,"Matched: abdoulaye miskine | signals: chad, fdlr, rebel",abdoulaye miskine,adf; attaque; fdlr; m23; topic:KILL; topic:REBELS
alert,CFi.013,MARTIN KOUMTAMADJI,CAR,0.80,,2026-09-04,dw.com,Un ex-rebelle centrafricain devant la justice tchadienne,https://www.dw.com/fr/tchad-rca-abdoulaye-miskine-bozize-proces-justice/a-78927604,"Matched: abdoulaye miskine, martin koumtamadji | signals: centrafricain, chad, rebel",abdoulaye miskine; martin koumtamadji,arrete; extradi; otage; proces; rebel; topic:ARMEDCONFLICT
alert,CFi.013,MARTIN KOUMTAMADJI,CAR,0.70,,2026-09-10,pressafrik.com,Tchad: Abdoulaye Miskine condamn&#xE9; &#xE0; 15 ans de prison ferme,https://www.pressafrik.com/Tchad-Abdoulaye-Miskine-condamne-a-15-ans-de-prison-ferme_a311325.html,"Matched: abdoulaye miskine | signals: chad, rebel",abdoulaye miskine,assassinat; condamn; financ; poursuiv; topic:ARMEDCONFLICT; topic:ARREST
alert,CFi.013,MARTIN KOUMTAMADJI,CAR,0.70,,2026-09-10,lepays.bf,CONDAMNATION D'ABDOULAYE MISKINE AU TCHAD &#xA0;: Les autres apprentis rebelles en prendront-ils de la graine ?,https://lepays.bf/condamnation-dabdoulaye-miskine-au-tchad-les-autres-apprentis-rebelles-en-prendront-ils-de-la-graine/,"Matched: abdoulaye miskine, martin koumtamadji | signals: chad, rebel",abdoulaye miskine; martin koumtamadji,arrete; assassinat; attaque; condamn; rebel; topic:ARMEDCONFLICT
alert,CFi.013,MARTIN KOUMTAMADJI,CAR,0.70,,2026-09-11,allafrica.com,Tchad: Condamnation d'Abdoulaye Miskine - Les autres apprentis rebelles en prendront-ils de la graine ?,https://fr.allafrica.com/stories/202609110105.html,"Matched: abdoulaye miskine, martin koumtamadji | signals: chad, rebel",abdoulaye miskine; martin koumtamadji,arrete; assassinat; attaque; condamn; rebel; topic:ARMEDCONFLICT
alert,CFi.013,MARTIN KOUMTAMADJI,CAR,0.70,,2026-08-23,alwihdainfo.com,Dossier Miskine au Tchad : un collectif de dix avocats constitu&#xE9; pour assurer sa d&#xE9;fense,https://www.alwihdainfo.com/dossier-miskine-au-tchad-un-collectif-de-dix-avocats-constitue-pour-assurer-sa-defense/,"Matched: abdoulaye miskine, martin koumtamadji | signals: arrest, chad",abdoulaye miskine; martin koumtamadji,arrest; assassinat; enlev; poursuiv; topic:ARREST; topic:INSURGENCY
alert,CFi.013,MARTIN KOUMTAMADJI,CAR,0.70,,2026-08-26,alwihdainfo.com,Tchad : le proc&#xE8;s du g&#xE9;n&#xE9;ral Miskine de nouveau report&#xE9; suite &#xE0; l'absence des parties civiles,https://www.alwihdainfo.com/tchad-le-proces-du-general-miskine-de-nouveau-reporte-suite-a-labsence-des-parties-civiles/,"Matched: abdoulaye miskine | signals: chad, president",abdoulaye miskine,poursuiv; proces; topic:TRIAL
alert,CFi.013,MARTIN KOUMTAMADJI,CAR,0.60,,2026-08-25,alwihdainfo.com,Tchad : le proc&#xE8;s du g&#xE9;n&#xE9;ral Abdoulaye Miskine report&#xE9; au 26 ao&#xFB;t 2026,https://www.alwihdainfo.com/tchad-le-proces-du-general-abdoulaye-miskine-reporte-au-26-aout-2026/,"Matched: abdoulaye miskine, martin koumtamadji | signals: chad",abdoulaye miskine; martin koumtamadji,assassinat; preso; proces; topic:INSURGENCY; topic:TAX_FNCACT_INSURGENT; topic:TERROR
alert,CFi.013,MARTIN KOUMTAMADJI,CAR,0.60,,2026-08-26,journaldebangui.com,RCA : Abdoulaye Miskine face &#xE0; la justice tchadienne apr&#xE8;s sept ans de d&#xE9;tention,https://www.journaldebangui.com/rca-abdoulaye-miskine-face-a-la-justice-tchadienne-apres-sept-ans-de-detention/,"Matched: abdoulaye miskine, martin koumtamadji | signals: chad",abdoulaye miskine; martin koumtamadji,assassinat; poursuiv; proces; rebel; topic:INSURGENCY; topic:TAX_FNCACT_INSURGENT
alert,CFi.013,MARTIN KOUMTAMADJI,CAR,0.60,,2026-09-04,alwihdainfo.com,Tchad : le verdict attendu dans le proc&#xE8;s d'Abdoulaye Miskine,https://www.alwihdainfo.com/tchad-le-verdict-attendu-dans-le-proces-dabdoulaye-miskine/,Matched: abdoulaye miskine | signals: chad,abdoulaye miskine,proces; topic:ARREST; topic:TRIAL
alert,CFi.013,MARTIN KOUMTAMADJI,CAR,0.60,,2026-09-05,allafrica.com,"Tchad: 30 ans de prison requis contre Abdoulaye Miskine, la d&#xE9;fense demande l'acquittement",https://fr.allafrica.com/stories/202609050116.html,Matched: abdoulaye miskine | signals: chad,abdoulaye miskine,assassinat; condamn; enlev; poursuiv; topic:ARREST; topic:INSURGENCY
alert,CFi.013,MARTIN KOUMTAMADJI,CAR,0.60,,2026-09-05,leral.net,"Tchad: le parquet requiert 30 ans de prison contre Abdoulaye Miskine, la d&#xE9;fense plaide l'acquittement",https://www.leral.net/Tchad-le-parquet-requiert-30-ans-de-prison-contre-Abdoulaye-Miskine-la-defense-plaide-l-acquittement_a405445.html,Matched: abdoulaye miskine | signals: chad,abdoulaye miskine,arrete; assassinat; enlev; poursuiv; topic:ARREST; topic:INSURGENCY
alert,CFi.013,MARTIN KOUMTAMADJI,CAR,0.60,,2026-09-06,alwihdainfo.com,Proc&#xE8;s Abdoulaye Miskine au Tchad : qui sont ses trois coaccus&#xE9;s ?,https://www.alwihdainfo.com/proces-abdoulaye-miskine-au-tchad-qui-sont-ses-trois-coaccuses/,Matched: abdoulaye miskine | signals: chad,abdoulaye miskine,assassinat; captur; condamn; groupe arme; topic:ARMEDCONFLICT; topic:INSURGENCY
alert,CFi.013,MARTIN KOUMTAMADJI,CAR,0.60,,2026-09-09,alwihdainfo.com,Tchad : le g&#xE9;n&#xE9;ral Abdoulaye Miskine condamn&#xE9; &#xE0; 15 ans de prison ferme,https://www.alwihdainfo.com/tchad-le-general-abdoulaye-miskine-condamne-a-15-ans-de-prison-ferme/,Matched: abdoulaye miskine | signals: chad,abdoulaye miskine,condamn; poursuiv; proces; topic:ARREST; topic:TRIAL; topic:WB_2432_FRAGILITY_CONFLICT_AND_VIOLENCE
alert,CFi.013,MARTIN KOUMTAMADJI,CAR,0.60,,2026-09-09,alwihdainfo.com,"Tchad : Abdoulaye Miskine condamn&#xE9;, la d&#xE9;fense saisit la Cour supr&#xEA;me",https://www.alwihdainfo.com/tchad-abdoulaye-miskine-condamne-la-defense-saisit-la-cour-supreme/,Matched: abdoulaye miskine | signals: chad,abdoulaye miskine,condamn; financ; poursuiv; topic:ARMEDCONFLICT; topic:TRIAL; topic:WB_2432_FRAGILITY_CONFLICT_AND_VIOLENCE
alert,CFi.013,MARTIN KOUMTAMADJI,CAR,0.60,,2026-09-10,africapresse.com,Africa PresseTchad : Abdoulaye Miskine condamn&#xE9; &#xE0; 15 ans de prison ferme,https://africapresse.com/tchad-abdoulaye-miskine-condamne-a-15-ans-de-prison-ferme/,Matched: abdoulaye miskine | signals: chad,abdoulaye miskine,assassinat; condamn; poursuiv; proces; topic:ARMEDCONFLICT; topic:ARREST
alert,CFi.013,MARTIN KOUMTAMADJI,CAR,0.60,,2026-09-10,alwihdainfo.com,Affaire Abdoulaye Miskine au Tchad : les victimes r&#xE9;agissent au verdict,https://www.alwihdainfo.com/affaire-abdoulaye-miskine-au-tchad-les-victimes-reagissent-au-verdict/,Matched: abdoulaye miskine | signals: chad,abdoulaye miskine,condamn; financ; inculp; proces; topic:ARMEDCONFLICT; topic:ARREST
alert,CFi.013,MARTIN KOUMTAMADJI,CAR,0.60,,2026-08-18,alwihdainfo.com,N'Djamena : le dossier Miskine programm&#xE9; devant la chambre criminelle le 24 ao&#xFB;t,https://www.alwihdainfo.com/ndjamena-le-dossier-miskine-programme-devant-la-chambre-criminelle-le-24-aout/,"Matched: abdoulaye miskine, martin koumtamadji | signals: chad",abdoulaye miskine; martin koumtamadji,arrest; assassinat; enlev; proces; topic:ARREST; topic:INSURGENCY
alert,CFi.013,MARTIN KOUMTAMADJI,CAR,0.60,,2026-09-04,alwihdainfo.com,"Tchad : 30 ans de prison requis contre le g&#xE9;n&#xE9;ral Miskine, verdict attendu le 9 septembre",https://www.alwihdainfo.com/tchad-30-ans-de-prison-requis-contre-le-general-miskine-verdict-attendu-le-9-septembre/,Matched: abdoulaye miskine | signals: chad,abdoulaye miskine,condamn; proces; topic:ARREST; topic:TRIAL; topic:WB_2432_FRAGILITY_CONFLICT_AND_VIOLENCE
alert,CFi.013,MARTIN KOUMTAMADJI,CAR,0.60,,2026-09-09,alwihdainfo.com,Proc&#xE8;s Miskine au Tchad : la d&#xE9;fense d&#xE9;nonce un verdict inique apr&#xE8;s une lourde peine,https://www.alwihdainfo.com/proces-miskine-au-tchad-la-defense-denonce-un-verdict-inique-apres-une-lourde-peine/,Matched: abdoulaye miskine | signals: chad,abdoulaye miskine,assassinat; condamn; insurg; proces; topic:ARMEDCONFLICT; topic:ARREST
alert,CFi.015,ALI DARASSA,CAR,1.00,,2026-08-06,taipeitimes.com,C Africa militia deals blow to government,https://www.taipeitimes.com/News/world/archives/2026/08/07/2003862103,"Matched: ali darassa | signals: armed group, central african republic, militia, rebel, unit",ali darassa,armed group; arrest; attack; detain; militia; topic:ARMEDCONFLICT
alert,GBi.004,IDRISSA DJALÓ,GB,0.60,,2026-08-31,aljazeera.com,Vote count starts in Guinea-Bissau referendum on strengthening presidency,https://www.aljazeera.com/news/2026/8/30/vote-count-starts-in-guinea-bissau-referendum-on-strengthening-presidency,Matched: idrissa djalo | signals: guinea bissau,idrissa djalo,topic:TAX_FNCACT_MILITARY_LEADER
alert,HTe.001,GRAN GRIF,Haiti,1.00,,2026-09-10,winnipegfreepress.com,Trump list of US-designated 'foreign terrorist organizations' in Latin America grows to 21 &#x2013; Winnipeg Free Press,https://www.winnipegfreepress.com/world/2026/09/10/trump-list-of-us-designated-foreign-terrorist-organizations-in-latin-america-grows-to-21,"Matched: gran grif | signals: designated, haiti, terror, terrorist, trafficking",gran grif,al qaida; armed group; arms; arrest; designat; terror
alert,HTe.001,GRAN GRIF,Haiti,1.00,,2026-09-10,wral.com,Trump list of US-designated 'foreign terrorist organizations' in Latin America grows to 21,https://www.wral.com/news/ap/dda94-trump-list-of-us-designated-foreign-terrorist-organizations-in-latin-america-grows-to-21/,"Matched: gran grif | signals: designated, haiti, terror, terrorist, trafficking",gran grif,al qaida; armed group; arms; arrest; designat; terror
alert,HTe.001,GRAN GRIF,Haiti,1.00,,2026-09-11,chicagotribune.com,List of US-designated terrorist organizations in Latin America grows,https://www.chicagotribune.com/2026/09/10/latin-american-terrorist-organizations/,"Matched: gran grif | signals: designated, haiti, terror, terrorist, trafficking",gran grif,al qaida; armed group; arms; arrest; designat; terror
alert,HTe.001,GRAN GRIF,Haiti,1.00,,2026-10-01,riotimesonline.com,Haiti Gang Crisis Explained 2026 Gangs and the UN Force,https://www.riotimesonline.com/haiti-gang-crisis-explained-2026/,"Matched: gran grif | signals: armed group, arrest, arrested, court, designated",gran grif,armed group; arrest; assassinat; attack; topic:ARMEDCONFLICT; topic:ARREST
alert,HTe.001,GRAN GRIF,Haiti,0.90,,2026-07-20,jamaicaobserver.com,Signs of hope despite gang violence and political uncertainty in Haiti,https://www.jamaicaobserver.com/2026/07/20/signs-hope-despite-gang-violence-political-uncertainty-haiti/,"Matched: gran grif | signals: arrest, arrested, haiti, isis",gran grif,arrest; attack; blacklist; financ; topic:ARMEDCONFLICT; topic:ARREST
alert,HTe.001,GRAN GRIF,Haiti,0.90,,2026-09-26,cubaheadlines.com,United States Labels 21 Cartels and Gangs as Terrorist Organizations,https://www.cubaheadlines.com/articles/341215,"Matched: gran grif | signals: designation, haiti, terror, terrorist",gran grif,asset freeze; designat; proces; terror; topic:ARMEDCONFLICT; topic:TAX_FNCACT_KILLERS
alert,HTe.001,GRAN GRIF,Haiti,0.80,,2026-09-24,dominicanrepublicpost.com,"Guyana, Trinidad, Dominican Republic Join US and 12 Other Nations In First Sanctions Action&#xA0; - Dominican Republic Post &#x2013; Caribbean News, Business, Travel & Culture",https://dominicanrepublicpost.com/guyana-trinidad-dominican-republic-join-us-and-12-other-nations-in-first-sanctions-action/,"Matched: gran grif | signals: haiti, sanction, sanctions",gran grif,asset freeze; designat; extradi; sanction; topic:ARMEDCONFLICT; topic:RELEASE_HOSTAGE
alert,HTe.001,GRAN GRIF,Haiti,0.80,,2026-09-24,grenadachronicle.com,"Guyana, Trinidad, Dominican Republic Join US and 12 Other Nations In First Sanctions Action&#xA0; - Grenada Chronicle &#x2013; Daily Grenada And Caribbean News",https://grenadachronicle.com/guyana-trinidad-dominican-republic-join-us-and-12-other-nations-in-first-sanctions-action/,"Matched: gran grif | signals: haiti, sanction, sanctions",gran grif,asset freeze; charged; designat; extradi; sanction; topic:ARMEDCONFLICT
alert,HTe.001,GRAN GRIF,Haiti,0.70,,2026-07-17,carnegieendowment.org,Securing America's Near Abroad: Recalibrating U.S. Policy Toward Haiti | Carnegie Endowment for International Peace,https://carnegieendowment.org/research/2026/07/recalibrating-us-policy-toward-haiti,"Matched: gran grif | signals: haiti, killed",gran grif,armed group; arms; arrest; assassinat; topic:ARMEDCONFLICT; topic:ARREST
alert,HTe.001,GRAN GRIF,Haiti,0.70,,2026-10-01,watchlist.org,Children and Armed Conflict Monthly Update &#x2013; October 2026 &#x2013; Watchlist,https://watchlist.org/publications/children-and-armed-conflict-monthly-update-october-2026/,"Matched: gran grif | signals: haiti, security council",gran grif,armed group; attack; designat; explosive; topic:ARMEDCONFLICT; topic:KIDNAP
alert,HTe.002,VIV ANSANM,Haiti,1.00,,2026-08-24,aljazeera.com,Violence flares in Haiti as gang attack kills 30 people,https://www.aljazeera.com/news/2026/8/24/violence-flares-in-haiti-as-gang-attack-kills-30-people,"Matched: viv ansanm | signals: designated, haiti, killed, terror, terrorist",viv ansanm,attack; designat; killed; terror; topic:ARMEDCONFLICT; topic:KILL
alert,HTe.002,VIV ANSANM,Haiti,1.00,,2026-08-26,globalpost.com,"Gang Attack Kills at Least 47 in Haiti, Prompting Anger from Residents",https://globalpost.com/stories/gang-attack-kills-at-least-47-in-haiti-prompting-anger-from-residents/,"Matched: viv ansanm | signals: armed group, designated, haiti, isis, terror",viv ansanm,armed group; attack; designat; extradi; topic:ARMEDCONFLICT; topic:KILL
alert,HTe.002,VIV ANSANM,Haiti,1.00,,2026-08-26,aljazeera.com,"Haiti gang raid death toll rises to 47 as more than 50 kidnapped, says UN",https://www.aljazeera.com/news/2026/8/26/at-least-47-killed-50-kidnapped-in-grisly-gang-raid-in-haiti-says-un,"Matched: viv ansanm | signals: designated, haiti, killed, terror, terrorist",viv ansanm,attack; captur; designat; hostage; kidnap; topic:ARMEDCONFLICT
alert,HTe.002,VIV ANSANM,Haiti,1.00,,2026-09-10,winnipegfreepress.com,Trump list of US-designated 'foreign terrorist organizations' in Latin America grows to 21 &#x2013; Winnipeg Free Press,https://www.winnipegfreepress.com/world/2026/09/10/trump-list-of-us-designated-foreign-terrorist-organizations-in-latin-america-grows-to-21,"Matched: viv ansanm | signals: designated, haiti, terror, terrorist, trafficking",viv ansanm,al qaida; armed group; arms; arrest; designat; terror
alert,HTe.002,VIV ANSANM,Haiti,0.90,,2026-08-24,winnipegfreepress.com,Gang coalition unleashes violent new attack on farming community in Haiti &#x2013; Winnipeg Free Press,https://www.winnipegfreepress.com/world/2026/08/24/gang-coalition-unleashes-violent-new-attack-on-farming-community-in-haiti,"Matched: viv ansanm | signals: designated, haiti, terror, terrorist",viv ansanm,arms; attack; charged; designat; topic:ARMEDCONFLICT; topic:KILL
alert,HTe.002,VIV ANSANM,Haiti,0.80,,2026-08-25,english.news.cn,40 killed in Haiti gang attack-Xinhua,https://english.news.cn/20260825/08a7895538ea4c14a16d2bffb977da0f/c.html,"Matched: viv ansanm | signals: haiti, isis, killed",viv ansanm,assassinat; attack; killed; topic:KILL; topic:ORGANIZED_CRIME; topic:WB_2432_FRAGILITY_CONFLICT_AND_VIOLENCE
alert,HTe.002,VIV ANSANM,Haiti,0.80,,2026-08-25,chinadaily.com.cn,40 killed in Haiti gang attack,http://usa.chinadaily.com.cn/a/202608/25/WS6a8cebd2e4b057c97e209875.html,"Matched: viv ansanm | signals: haiti, isis, killed",viv ansanm,assassinat; attack; killed; topic:KILL; topic:ORGANIZED_CRIME; topic:WB_2432_FRAGILITY_CONFLICT_AND_VIOLENCE
alert,HTe.002,VIV ANSANM,Haiti,0.80,,2026-08-25,breitbart.com,Haiti: Violent Gangs Massacre over 40 Inside Church in 'Night of Terror',https://www.breitbart.com/latin-america/2026/08/25/haiti-violent-gangs-massacre-more-than-40-inside-church-night-terror/,"Matched: living together, viv ansanm | signals: haiti, killed, terror",living together; viv ansanm,armed group; attack; hostage; killed; terror; topic:ARMEDCONFLICT
alert,HTe.002,VIV ANSANM,Haiti,0.80,,2026-08-29,christiantoday.com,Dozens killed in gang attack on church shelter in Haiti,https://www.christiantoday.com/news/dozens-killed-in-gang-attack-on-church-shelter-in-haiti,"Matched: viv ansanm | signals: haiti, killed, terror",viv ansanm,armed group; attack; killed; terror; topic:ARMEDCONFLICT; topic:KILL
alert,HTe.002,VIV ANSANM,Haiti,0.80,,2026-09-18,haitiantimes.com,Haiti rights group says 164 killed in two Kenscoff gang attacks,https://haitiantimes.com/2026/09/18/rights-group-says-164-killed-in-kenscoff-gang-attacks/,"Matched: viv ansanm | signals: armed group, haiti, killed",viv ansanm,armed group; attack; hostage; kidnap; killed; topic:ARMEDCONFLICT
alert,HTe.002,VIV ANSANM,Haiti,0.80,,2026-09-24,highlandcountypress.com,Multinational 'Shield of Americas' formed to target cartels in Western Hemisphere,https://highlandcountypress.com/news/multinational-shield-americas-formed-target-cartels-western-hemisphere,"Matched: viv ansanm | signals: designated, terror, terrorist",viv ansanm,contraband; designat; financ; sanction; topic:ARMEDCONFLICT; topic:MARITIME_PIRACY
alert,HTe.002,VIV ANSANM,Haiti,0.70,,2026-08-25,english.news.cn,At least 40 killed in gang attack in Haiti-Xinhua,https://english.news.cn/20260825/1f23147b2b68479c97cf15a2556f6038/c.html,"Matched: viv ansanm | signals: haiti, killed",viv ansanm,attack; killed; topic:KILL; topic:ORGANIZED_CRIME; topic:WB_2432_FRAGILITY_CONFLICT_AND_VIOLENCE
alert,HTe.002,VIV ANSANM,Haiti,0.70,,2026-08-25,haitiantimes.com,New gang attack in Haiti's Kenscoff kills at least 30 people,https://haitiantimes.com/2026/08/24/new-gang-attack-in-haitis-kenscoff-kills-at-least-30-people/,"Matched: viv ansanm | signals: haiti, killed",viv ansanm,armed group; attack; kidnap; killed; topic:ARMEDCONFLICT; topic:KIDNAP
alert,HTe.002,VIV ANSANM,Haiti,0.70,,2026-08-26,jamaicaobserver.com,UN secretary-general condemns latest gang attack in Haiti,https://www.jamaicaobserver.com/2026/08/25/un-secretary-general-condemns-latest-gang-attack-haiti/,"Matched: viv ansanm | signals: haiti, killed",viv ansanm,attack; financ; killed; killing; topic:KILL; topic:ORGANIZED_CRIME
alert,HTe.002,VIV ANSANM,Haiti,0.70,,2026-08-27,dominicantoday.com,Dominican Today,https://dominicantoday.com/haiti-deadly-gang-attack-in-kenscoff-leaves-at-least-20-dead/,"Matched: viv ansanm | signals: armed group, haiti",viv ansanm,armed group; attack; killed; topic:ARMEDCONFLICT; topic:KILL; topic:ORGANIZED_CRIME
alert,HTe.002,VIV ANSANM,Haiti,0.70,,2026-08-28,christianitydaily.com,"World News | Haiti Gang Attack on Church Shelter Leaves 47 Dead, 22 Injured",https://www.christianitydaily.com:443/news/haiti-gang-attack-on-church-shelter-leaves-47-dead-22-injured.html,"Matched: viv ansanm | signals: haiti, terror",viv ansanm,armed group; attack; bombing; detain; topic:ARMEDCONFLICT; topic:KIDNAP
alert,HTe.002,VIV ANSANM,Haiti,0.70,,2026-08-29,jamaica-gleaner.com,Ronald Sanders | Pledges and promises don't stop the killing in Haiti | Commentary,https://jamaica-gleaner.com/article/commentary/20260829/ronald-sanders-pledges-and-promises-dont-stop-killing-haiti,"Matched: viv ansanm | signals: haiti, killed",viv ansanm,attack; financ; kidnap; killed; killing; topic:ARMEDCONFLICT
alert,HTe.002,VIV ANSANM,Haiti,0.70,,2026-08-29,thevoiceslu.com,Haiti After Kenscoff: Pledges and Promises Do Not Stop the Killing,https://thevoiceslu.com/2026/08/haiti-after-kenscoff-pledges-and-promises-do-not-stop-the-killing/,"Matched: viv ansanm | signals: haiti, killed",viv ansanm,attack; financ; kidnap; killed; killing; topic:ARMEDCONFLICT
alert,HTe.002,VIV ANSANM,Haiti,0.70,,2026-09-01,tribune242.com,WORLD VIEW: Haiti after Kenscoff,https://www.tribune242.com/news/2026/sep/01/world-view-haiti-after-kenscoff/,"Matched: viv ansanm | signals: haiti, killed",viv ansanm,attack; financ; kidnap; killed; topic:ARMEDCONFLICT; topic:ECON_MONEYLAUNDERING
alert,HTe.002,VIV ANSANM,Haiti,0.70,,2026-09-03,hngn.com,Haiti Buries Kenscoff Dead as Dozens Remain Hostage,https://www.hngn.com/articles/273046/20260902/haiti-buries-kenscoff-dead-dozens-remain-hostage-police-probe-own-failure.htm,"Matched: viv ansanm | signals: haiti, killed",viv ansanm,armed group; attack; charged; hostage; topic:ARMEDCONFLICT; topic:KIDNAP
alert,HTi.002,JOHNSON ANDRE,Haiti,0.90,,2026-07-17,haitian-truth.org,U.S. increases deportation flights to Haiti amid chaos &#x2013; HAITIAN-TRUTH.ORG  Proud to be Haiti's most informative NEWS site,https://www.haitian-truth.org/u-s-increases-deportation-flights-to-haiti-amid-chaos/,"Matched: johnson andre | signals: haiti, killed, leader, segond",johnson andre,arrest; attack; convict; detain; topic:ARREST; topic:KILL
alert,HTi.002,JOHNSON ANDRE,Haiti,0.80,,2026-08-25,cp24.com,Haiti: Mass kidnapping and gang attack leaves 47 dead,https://www.cp24.com/news/world/2026/08/25/more-than-50-kidnapped-after-violent-gang-attack-in-haiti-leaves-47-dead/,"Matched: johnson andre | signals: armed group, haiti, leader",johnson andre,armed group; attack; hostage; kidnap; topic:ARMEDCONFLICT; topic:KIDNAP
alert,HTi.002,JOHNSON ANDRE,Haiti,0.80,,2026-08-26,asiaone.com,More than 50 kidnapped as violent gang attack in Haiti leaves 47 dead,https://www.asiaone.com:443/world/more-50-kidnapped-violent-gang-attack-haiti-leaves-47-dead,"Matched: johnson andre | signals: armed group, haiti, leader",johnson andre,armed group; attack; hostage; kidnap; topic:ARMEDCONFLICT; topic:KIDNAP
alert,HTi.002,JOHNSON ANDRE,Haiti,0.70,,2026-08-26,aljazeera.com,"Haiti gang raid death toll rises to 47 as more than 50 kidnapped, says UN",https://www.aljazeera.com/news/2026/8/26/at-least-47-killed-50-kidnapped-in-grisly-gang-raid-in-haiti-says-un,"Matched: johnson andre | signals: haiti, leader",johnson andre,attack; captur; designat; hostage; kidnap; topic:ARMEDCONFLICT
alert,HTi.003,RENEL DESTINA,Haiti,1.00,,2026-09-15,haitiantimes.com,OAS urges Haiti to bar candidates with criminal ties,https://haitiantimes.com/2026/09/15/oas-urges-haiti-bar-candidates-criminal-ties/,"Matched: renel destina | signals: armed group, asset freeze, designated, embargo, haiti",renel destina,armed group; arms; asset freeze; designat; topic:ARMEDCONFLICT; topic:ORGANIZED_CRIME
alert,HTi.003,RENEL DESTINA,Haiti,0.90,,2026-09-27,globalvoices.org,'We cannot take it anymore': Haiti's informal vendors protest over gang warfare &#xB7; Global Voices,https://globalvoices.org/2026/09/27/we-cannot-take-it-anymore-haitis-informal-vendors-protest-over-gang-warfare/,"Matched: renel destina, ti lapli | signals: grand, haiti, main, ravine",renel destina; ti lapli,armed group; attack; financ; kidnap; topic:ARMEDCONFLICT; topic:KIDNAP
alert,HTi.004,WILSON JOSEPH,Haiti,1.00,,2026-09-15,haitiantimes.com,OAS urges Haiti to bar candidates with criminal ties,https://haitiantimes.com/2026/09/15/oas-urges-haiti-bar-candidates-criminal-ties/,"Matched: wilson joseph | signals: armed group, asset freeze, designated, embargo, haiti",wilson joseph,armed group; arms; asset freeze; designat; topic:ARMEDCONFLICT; topic:ORGANIZED_CRIME
alert,HTi.004,WILSON JOSEPH,Haiti,0.90,,2026-08-29,globalvoices.org,Haiti's security crisis forces displacement and relocation &#xB7; Global Voices,https://globalvoices.org/2026/08/29/haitis-security-crisis-forces-displacement-and-relocation/,"Matched: wilson joseph | signals: haiti, isis, mawozo, taliban",wilson joseph,armed group; attack; kidnap; taliban; topic:ARMEDCONFLICT; topic:ARREST
alert,HTi.004,WILSON JOSEPH,Haiti,0.80,,2026-09-11,diariolibre.com,Migraci&#xF3;n no ubica en RD a haitiana buscada por varios delitos,https://www.diariolibre.com/actualidad/nacional/2026/09/10/migracion-no-ubica-en-rd-a-haitiana-buscada-por-varios-delitos/3655315,"Matched: lanmo san jou, wilson joseph | signals: arrest, haiti, mawozo",lanmo san jou; wilson joseph,captur; topic:ORGANIZED_CRIME; topic:SECURITY_SERVICES; topic:SEIGE
alert,HTi.004,WILSON JOSEPH,Haiti,0.80,,2026-09-28,globalvoices.org,Crisis de seguridad en Hait&#xED; genera desplazamientos y reubicaciones,https://es.globalvoices.org/2026/09/28/crisis-de-seguridad-en-haiti-genera-desplazamientos-y-reubicaciones/,"Matched: wilson joseph | signals: isis, mawozo, taliban",wilson joseph,ataque; captur; secuestr; taliban; topic:ARMEDCONFLICT; topic:ARREST
alert,HTi.004,WILSON JOSEPH,Haiti,0.70,,2026-09-10,eldia.com.do,&#xBF;C&#xF3;mo lleg&#xF3; a RD? Migraci&#xF3;n activa b&#xFA;squeda de haitiana se&#xF1;alada por un crimen en su pa&#xED;s,https://eldia.com.do/migracion-activa-busqueda-tras-reportes-de-que-una-haitiana-senalada-por-un-crimen-en-su-pais-estaria-en-rd/,"Matched: lanmo san jou, wilson joseph | signals: haiti, mawozo",lanmo san jou; wilson joseph,acusad; arrest; topic:KILL; topic:ORGANIZED_CRIME; topic:TAX_WEAPONS
alert,HTi.004,WILSON JOSEPH,Haiti,0.70,,2026-09-10,almomento.net,Activan acciones por presunta presencia pr&#xF3;fuga haitiana RD,https://almomento.net/activan-acciones-por-presunta-presencia-profuga-haitiana-rd/,"Matched: lanmo san jou, wilson joseph | signals: haiti, mawozo",lanmo san jou; wilson joseph,conden; sancion; topic:SEIGE
alert,HTi.004,WILSON JOSEPH,Haiti,0.70,,2026-09-11,acento.com.do,Migraci&#xF3;n verifica posible presencia en RD de ciudadana haitiana se&#xF1;alada por crimen en Hait&#xED;,https://acento.com.do/actualidad/migracion-verifica-posible-presencia-en-rd-de-ciudadana-haitiana-senalada-por-crimen-en-haiti-9751094.html,"Matched: wilson joseph | signals: haiti, mawozo",wilson joseph,detenid; proces; topic:KILL; topic:ORGANIZED_CRIME; topic:WB_2432_FRAGILITY_CONFLICT_AND_VIOLENCE
alert,HTi.005,VITELHOMME INNOCENT,Haiti,1.00,,2026-09-15,haitiantimes.com,OAS urges Haiti to bar candidates with criminal ties,https://haitiantimes.com/2026/09/15/oas-urges-haiti-bar-candidates-criminal-ties/,"Matched: vitelhomme innocent | signals: armed group, asset freeze, designated, embargo, haiti",vitelhomme innocent,armed group; arms; asset freeze; designat; topic:ARMEDCONFLICT; topic:ORGANIZED_CRIME
alert,HTi.006,PROPHANE VICTOR,Haiti,1.00,,2026-08-05,warontherocks.com,Beyond the Output Trap: Haiti and the Future of International Stabilization,https://warontherocks.com/beyond-the-output-trap-haiti-and-the-future-of-international-stabilization/,"Matched: prophane victor | signals: armed group, designated, former, haiti, isis",prophane victor,armed group; arms; arrest; assassinat; topic:ARMEDCONFLICT; topic:KIDNAP
alert,HTi.006,PROPHANE VICTOR,Haiti,1.00,,2026-09-15,haitiantimes.com,OAS urges Haiti to bar candidates with criminal ties,https://haitiantimes.com/2026/09/15/oas-urges-haiti-bar-candidates-criminal-ties/,"Matched: prophane victor | signals: armed group, asset freeze, designated, embargo, former",prophane victor,armed group; arms; asset freeze; designat; topic:ARMEDCONFLICT; topic:ORGANIZED_CRIME
alert,HTi.007,LUCKSON ELAN,Haiti,1.00,,2026-09-15,haitiantimes.com,OAS urges Haiti to bar candidates with criminal ties,https://haitiantimes.com/2026/09/15/oas-urges-haiti-bar-candidates-criminal-ties/,"Matched: luckson elan | signals: armed group, asset freeze, designated, embargo, haiti",luckson elan,armed group; arms; asset freeze; designat; topic:ARMEDCONFLICT; topic:ORGANIZED_CRIME
alert,HTi.008,DIMITRI HERARD,Haiti,1.00,,2026-09-21,indiatimes.com,18 suspects accused in 2021 killing of Haiti president Jovenel Moise being extradited to US,https://economictimes.indiatimes.com/news/international/world-news/18-suspects-accused-in-2021-killing-of-haiti-president-jovenel-moise-being-extradited-to-us/articleshow/134377570.cms,"Matched: dimitri herard | signals: arrest, arrested, court, extradit, terror",dimitri herard,arrest; assassinat; attack; convict; extradi; killing
alert,HTi.009,KEMPES SANON,Haiti,1.00,,2026-09-15,haitiantimes.com,OAS urges Haiti to bar candidates with criminal ties,https://haitiantimes.com/2026/09/15/oas-urges-haiti-bar-candidates-criminal-ties/,"Matched: kempes sanon | signals: armed group, asset freeze, designated, embargo, sanction",kempes sanon,armed group; arms; asset freeze; designat; topic:ARMEDCONFLICT; topic:ORGANIZED_CRIME
alert,IRe.040,MALEK ASHTAR UNIVERSITY,Iran,1.00,,2026-08-25,businesstimes.com.sg,US 'D-Day' Iran sanctions hit dozens of Chinese firms but spare major financial institutions,https://www.businesstimes.com.sg/international/global/us-d-day-iran-sanctions-hit-dozens-chinese-firms-spare-major-financial-institutions,"Matched: malek ashtar university | signals: designated, sanction, sanctions, treasury, trial",malek ashtar university,designat; financ; sanction; topic:ARMEDCONFLICT; topic:SANCTIONS; topic:TRIAL
alert,IRe.040,MALEK ASHTAR UNIVERSITY,Iran,1.00,,2026-08-25,moneycontrol.com,"Dozens of China, Hong Kong firms hit by Bessent's Iran sanctions",https://www.moneycontrol.com/world/dozens-of-china-hong-kong-firms-hit-by-bessent-s-iran-sanctions-article-14014900.html,"Matched: malek ashtar university | signals: designated, sanction, sanctions, treasury, trial",malek ashtar university,arrest; designat; financ; houthi; sanction; topic:ARMEDCONFLICT
alert,IRe.040,MALEK ASHTAR UNIVERSITY,Iran,1.00,,2026-08-25,freepressjournal.in,"US Sanctions China, Hong Kong Firms In Fresh Iran Crackdown, Avoids Major Chinese Banks",https://www.freepressjournal.in/business/us-sanctions-china-hong-kong-firms-in-fresh-iran-crackdown-avoids-major-chinese-banks,"Matched: malek ashtar university | signals: sanction, sanctioned, sanctions, treasury, trial",malek ashtar university,financ; sanction; topic:ARMEDCONFLICT; topic:SANCTIONS; treasury
alert,IRe.040,MALEK ASHTAR UNIVERSITY,Iran,1.00,,2026-08-25,zerohedge.com,"Bessent Drops Iran Sanctions Hammer On Dozens Of Chinese Firms, Spares Big Banks As Beijing Threatens Retaliation",https://www.zerohedge.com/geopolitical/bessent-drops-iran-sanctions-hammer-dozens-chinese-firms-spares-big-banks-beijing,"Matched: malek ashtar university | signals: designated, sanction, sanctioned, sanctions, treasury",malek ashtar university,designat; evade; financ; missile; sanction; topic:ARMEDCONFLICT
alert,IRe.040,MALEK ASHTAR UNIVERSITY,Iran,1.00,,2026-08-25,aljazeera.com,Trump's latest wave of Iran sanctions: Which 60 entities are targeted? | US-Israel war on Iran News,https://www.aljazeera.com/features/2026/8/25/trumps-latest-wave-of-iran-sanctions-which-60-entities-are-targeted,"Matched: malek ashtar university | signals: sanction, sanctioned, sanctions, treasury, trial",malek ashtar university,designat; evade; financ; missile; sanction; topic:ARMEDCONFLICT
alert,IRe.040,MALEK ASHTAR UNIVERSITY,Iran,1.00,,2026-08-25,theepochtimes.com,Chinese Regime Says Iran Cooperation Should Not Be Disrupted,https://www.theepochtimes.com/china/chinese-regime-says-iran-cooperation-should-not-be-disrupted-6079308,"Matched: malek ashtar university | signals: designated, missile, sanction, sanctioned, treasury",malek ashtar university,arms; blacklist; designat; financ; topic:ARMEDCONFLICT; topic:SANCTIONS
alert,IRe.040,MALEK ASHTAR UNIVERSITY,Iran,1.00,,2026-09-01,americanthinker.com,"Trump's Economic D-Day Puts America First, Crushes Iranian Jihadists",https://www.americanthinker.com/articles/2026/09/trump-s-economic-d-day-puts-america-first-crushes-iranian-jihadists/,"Matched: malek ashtar university | signals: frozen, jihad, sanction, sanctioned, terror",malek ashtar university,captur; designat; financ; indict; jihad; topic:ARMEDCONFLICT
alert,IRe.040,MALEK ASHTAR UNIVERSITY,Iran,0.80,,2026-08-27,scmp.com,"China and Iran sanctions: what US moves mean for Beijing, and its retaliation options",https://www.scmp.com/economy/global-economy/article/3365466/china-and-iran-sanctions-what-us-moves-mean-beijing-and-its-retaliation-options,"Matched: malek ashtar university | signals: sanction, sanctioned, sanctions",malek ashtar university,sanction; topic:SANCTIONS; topic:TRIAL
alert,IRe.040,MALEK ASHTAR UNIVERSITY,Iran,0.70,,2026-08-24,dailypakistan.com.pk,"US goes after Iran's Cash Flow, China-Linked Networks under 'Operation Economic Outcast'",https://en.dailypakistan.com.pk/24-Aug-2026/us-goes-after-irans-cash-flow-china-linked-networks-under-operation-economic-outcast,"Matched: malek ashtar university | signals: missile, trial",malek ashtar university,evasion; financ; houthi; kill; topic:ARMEDCONFLICT; topic:SANCTIONS
alert,IRe.040,MALEK ASHTAR UNIVERSITY,Iran,0.70,,2026-09-11,universityworldnews.com,US sanctions and 'overcompliance' hit Iranian academia,https://www.universityworldnews.com/post.php?story=20260911103501852,"Matched: malek ashtar university | signals: sanction, sanctions",malek ashtar university,assassinat; bombing; financ; ofac; sanction; topic:ARMEDCONFLICT
alert,IRe.040,MALEK ASHTAR UNIVERSITY,Iran,0.70,,2026-10-03,presstv.co.uk,National Elites Day: Remembering Iranian scientists and academics martyred in two imposed wars,https://www.presstv.co.uk/Detail/2026/10/03/777524/national-elites-day-remembering-iranian-scientists-academics-martyred-two-imposed-wars,"Matched: malek ashtar university | signals: killed, trial",malek ashtar university,assassinat; attack; bomb; bombing; topic:ARMEDCONFLICT; topic:ASSASSINATION
alert,IRe.040,MALEK ASHTAR UNIVERSITY,Iran,0.50,,2026-07-23,jns.org,"Iranian, Chinese, Russian research centers contribute to unauthorized tech transfers, Pentagon says",https://www.jns.org/news/u-s-news/iranian-chinese-russian-research-centers-contribute-to-unauthorized-tech-transfers-pentagon-says,Matched: malek ashtar university,malek ashtar university,arrest; attack; detain; hamas; topic:MILITARY; topic:WB_2432_FRAGILITY_CONFLICT_AND_VIOLENCE
alert,IRi.026,MOHAMMAD REZA NAQDI,Iran,1.00,,2026-08-12,presstv.co.uk,"Iran's ballistic missile, drone production levels exceed deployment rate: IRGC chief commander's advisor",https://www.presstv.co.uk/Detail/2026/08/11/774182/Iran-missiles-drones-production-deployment-IRGC,"Matched: mohammad reza naqdi | signals: armed, brigadier general, chief, commander, forces",mohammad reza naqdi,missile; topic:ARMEDCONFLICT; topic:MILITARY; topic:TAX_MILITARY_TITLE; weapon
alert,IRi.026,MOHAMMAD REZA NAQDI,Iran,1.00,,2026-08-12,islamicinvitationturkey.com,Iran Surpasses Deployment Rate in Ballistic Missile and Drone Production: IRGC Chief Commander's Advisor Reports,https://www.islamicinvitationturkey.com/iran-surpasses-deployment-rate-in-ballistic-missile-and-drone-production-irgc-chief-commanders-advisor-reports/,"Matched: mohammad reza naqdi | signals: armed, brigadier general, chief, commander, forces",mohammad reza naqdi,charged; killed; missile; topic:ARMEDCONFLICT; topic:KILL; topic:TAX_MILITARY_TITLE
alert,IRi.026,MOHAMMAD REZA NAQDI,Iran,1.00,,2026-08-13,zerohedge.com,"All Of Iran's Weapons Today Are Domestic,&#xA0;Missile Production Exceeds Usage: IRGC Official",https://www.zerohedge.com/geopolitical/all-irans-weapons-today-are-domestic-missile-production-exceeds-usage-irgc-official,"Matched: mohammad reza naqdi | signals: chief, commander, head, missile, state",mohammad reza naqdi,attack; bombing; financ; missile; topic:ARMEDCONFLICT; topic:MILITARY
alert,IRi.026,MOHAMMAD REZA NAQDI,Iran,1.00,,2026-08-16,naturalnews.com,"Iran Can Sustain Fight Against US for Years, IRGC General Says   &#x2013; NaturalNews.com",https://www.naturalnews.com/2026-08-16-iran-can-sustain-fight-against-us-for-years.html,"Matched: mohammad reza naqdi | signals: armed, chief, commander, general, state",mohammad reza naqdi,attack; bombing; charged; financ; topic:ARMEDCONFLICT; topic:KILL
alert,IRi.026,MOHAMMAD REZA NAQDI,Iran,1.00,,2026-08-31,presstv.co.uk,"Irans main focus is deterrence, war or talks come next: IRGC official",https://www.presstv.co.uk/Detail/2026/08/31/775439/Iran-focus-deterrence-IRGC-Naqdi-US-aggression,"Matched: mohammad reza naqdi | signals: brigadier general, chief, commander, general, state",mohammad reza naqdi,attack; bombing; captur; missile; topic:ARMEDCONFLICT; topic:MILITARY
alert,IRi.026,MOHAMMAD REZA NAQDI,Iran,1.00,,2026-10-01,presstv.co.uk,US will stop attacking Iran unless it wants to 'commit suicide': IRGC chief commander's advisor,https://www.presstv.co.uk/Detail/2026/10/01/777357/Iran-IRGC-United-States-attacks-suicide-defeat,"Matched: mohammad reza naqdi | signals: brigadier general, chief, commander, general, missile",mohammad reza naqdi,attack; missile; suicide; topic:MILITARY; topic:SLFID_MILITARY_SPENDING; topic:TAX_MILITARY_TITLE
alert,IRi.026,MOHAMMAD REZA NAQDI,Iran,1.00,,2026-10-01,islamicinvitationturkey.com,"Iran warns US against further attacks, says move would amount to 'suicide'",https://www.islamicinvitationturkey.com/iran-warns-us-against-further-attacks-says-move-would-amount-to-suicide/,"Matched: mohammad reza naqdi | signals: brigadier general, chief, commander, general, missile",mohammad reza naqdi,attack; killed; missile; suicide; topic:MILITARY; topic:SLFID_MILITARY_SPENDING
alert,IRi.026,MOHAMMAD REZA NAQDI,Iran,1.00,,2026-10-02,presstv.co.uk,Resistances final blow will end US presence in West Asia: Senior IRGC advisor,https://www.presstv.co.uk/Detail/2026/10/02/777458/Senior-IRGC-advisor--Iran-will-defeat-US,"Matched: mohammad reza naqdi | signals: brigadier general, chief, commander, forces, general",mohammad reza naqdi,attack; daesh; terror; topic:ARMEDCONFLICT; topic:TAX_MILITARY_TITLE; topic:TAX_MILITARY_TITLE_COMMANDER
alert,IRi.026,MOHAMMAD REZA NAQDI,Iran,0.90,,2026-08-12,military.com,Iran Takes More Aggressive Military Stance With US Talks Frozen,https://www.military.com/iran-takes-more-aggressive-military-stance-with-us-talks-frozen,"Matched: mohammad reza naqdi | signals: commander, frozen, general, state",mohammad reza naqdi,attack; hamas; hezbollah; houthi; topic:ARMEDCONFLICT; topic:KILL
alert,IRi.026,MOHAMMAD REZA NAQDI,Iran,0.90,,2026-08-13,breitbart.com,Top IRGC Adviser Says Iran Could Prolong War to Outlast Trump,https://www.breitbart.com/politics/2026/08/12/top-irgc-adviser-iran-could-prolong-war-outlast-trump/,"Matched: mohammad reza naqdi | signals: commander, deputy, isis, state",mohammad reza naqdi,attack; bomb; bombing; financ; topic:ARMEDCONFLICT; topic:MILITARY
alert,IRi.026,MOHAMMAD REZA NAQDI,Iran,0.90,,2026-08-13,dailypakistan.com.pk,Iran orders Revolutionary Guards to develop capability for operations beyond borders amid US war,https://en.dailypakistan.com.pk/13-Aug-2026/iran-orders-revolutionary-guards-to-develop-capability-for-operations-beyond-borders-amid-us-war,"Matched: mohammad reza naqdi | signals: brigadier general, general, state, weapons",mohammad reza naqdi,attack; bomb; houthi; kill; topic:SEIGE; topic:SOC_POINTSOFINTEREST_MILITARY_BASES
alert,IRi.026,MOHAMMAD REZA NAQDI,Iran,0.90,,2026-09-02,egyptindependent.com,'Flee quickly' - Iran's Islamic Revolutionary Guard Corps threatens Israeli citizens,https://www.egyptindependent.com/flee-quickly-irans-islamic-revolutionary-guard-corps-threatens-israeli-citizens/,"Matched: mohammad reza naqdi | signals: chief, commander, forces, missile",mohammad reza naqdi,arms; attack; houthi; missile; topic:ARMEDCONFLICT
alert,IRi.026,MOHAMMAD REZA NAQDI,Iran,0.90,,2026-10-02,middleeasteye.net,Senior IRGC adviser says US power in Middle East 'not as portrayed',https://www.middleeasteye.net/live-blog/live-blog-update/senior-irgc-adviser-says-us-power-middle-east-not-portrayed,"Matched: mohammad reza naqdi | signals: commander, houthi, missile, state",mohammad reza naqdi,houthi; missile; topic:TAX_MILITARY_TITLE; topic:TAX_MILITARY_TITLE_COMMANDER
alert,IRi.026,MOHAMMAD REZA NAQDI,Iran,0.80,,2026-08-12,therightscoop.com,BREAKING REPORT: Iran reorganizes military to be more 'aggressive abroad' &#x2013; The Right Scoop,https://therightscoop.com/breaking-report-iran-reorganizes-military-to-be-more-aggressive-abroad/,"Matched: mohammad reza naqdi | signals: commander, general, state",mohammad reza naqdi,attack; terror; topic:ARMEDCONFLICT; topic:EXTREMISM; topic:TAX_MILITARY_TITLE
alert,IRi.026,MOHAMMAD REZA NAQDI,Iran,0.80,,2026-08-15,thenewamerican.com,Iran's Revolutionary Guard Declares Victory on PBS &#x2014; While Foreign Policy Elites Urge Full U.S. Exit,https://thenewamerican.com/us/politics/foreign-policy/irans-revolutionary-guard-declares-victory/,"Matched: mohammad reza naqdi | signals: general, head, state",mohammad reza naqdi,arrest; attack; bomb; bombing; topic:ARMEDCONFLICT
alert,IRi.026,MOHAMMAD REZA NAQDI,Iran,0.80,,2026-08-20,gulfnews.com,Iran general says he trusts taxi driver more than Trump as US-Tehran rift deepens,https://gulfnews.com/world/mena/iran-general-says-he-trusts-taxi-driver-more-than-trump-as-us-tehran-rift-deepens-1.500646270,"Matched: mohammad reza naqdi | signals: commander, general, state",mohammad reza naqdi,armed group; attack; missile; topic:WB_2432_FRAGILITY_CONFLICT_AND_VIOLENCE
alert,IRi.026,MOHAMMAD REZA NAQDI,Iran,0.80,,2026-08-20,zerohedge.com,Iran War is Boiling Over,https://www.zerohedge.com/news/2026-08-18/iran-war-boiling-over,"Matched: mohammad reza naqdi | signals: brigadier general, commander, general",mohammad reza naqdi,attack; financ; houthi; nuclear; topic:ARMEDCONFLICT; topic:TAX_MILITARY_TITLE
alert,IRi.026,MOHAMMAD REZA NAQDI,Iran,0.80,,2026-08-22,dailypakistan.com.pk,'Even a Taxi Driver is More Credible than you': Iranian General Reza Naqdi ridicules Trump,https://en.dailypakistan.com.pk/22-Aug-2026/even-a-taxi-driver-is-more-credible-than-you-iranian-general-reza-naqdi-ridicules-trump,"Matched: mohammad reza naqdi | signals: general, staff, state",mohammad reza naqdi,houthi; kill; killed; missile; topic:SECURITY_SERVICES; topic:WB_2432_FRAGILITY_CONFLICT_AND_VIOLENCE
alert,IRi.026,MOHAMMAD REZA NAQDI,Iran,0.70,,2026-08-13,livemint.com,'We have learned how to fight America': What IRGC's Mohammad Reza Naqdi said about Iran's long-term war strategy,https://www.livemint.com/news/world/we-have-learned-how-to-fight-america-what-irgcs-mohammad-reza-naqdi-said-about-irans-long-term-war-strategy-11786622294359.html,"Matched: mohammad reza naqdi | signals: general, missile",mohammad reza naqdi,attack; bomb; missile; nuclear; topic:ARMEDCONFLICT; topic:MARITIME_PIRACY
alert,IRi.026,MOHAMMAD REZA NAQDI,Iran,0.70,,2026-08-12,nypost.com,"Iran reshapes military command for 'offensive' phase of war, crackdown on dissent",https://nypost.com/2026/08/12/world-news/iran-reshapes-military-command-for-offensive-phase-of-war-crackdown-on-dissent/,"Matched: mohammad reza naqdi | signals: general, state",mohammad reza naqdi,arrest; attack; extremis; islamic state; topic:ARMEDCONFLICT; topic:ARREST
alert,IRi.026,MOHAMMAD REZA NAQDI,Iran,0.70,,2026-08-12,livemint.com,"Tehran signals shift to 'offensive' military doctrine, rules out extension of June interim deal",https://www.livemint.com/news/world/tehran-signals-shift-to-offensive-military-doctrine-rules-out-extension-of-june-interim-deal-11786562710400.html,"Matched: mohammad reza naqdi | signals: commander, state",mohammad reza naqdi,attack; houthi; killed; missile; topic:ARMEDCONFLICT; topic:KILL
alert,IRi.026,MOHAMMAD REZA NAQDI,Iran,0.70,,2026-08-13,moneycontrol.com,"US-Iran war news live: Trump claims control of Hormuz as just 8 ships cross, Iran-US peace talks stall",https://www.moneycontrol.com/world/us-iran-war-news-updates-strait-of-hormuz-donald-trump-middle-east-tensions-liveblog-liveblog-14003728.html,"Matched: mohammad reza naqdi | signals: general, missile",mohammad reza naqdi,arrest; assassinat; attack; financ; topic:ARMEDCONFLICT; topic:WB_2432_FRAGILITY_CONFLICT_AND_VIOLENCE
alert,IRi.026,MOHAMMAD REZA NAQDI,Iran,0.70,,2026-08-13,indiatimes.com,Iran prepares for prolonged war as US talks over Hormuz remain stalled,https://timesofindia.indiatimes.com/world/middle-east/iran-prepares-for-prolonged-war-as-us-talks-over-hormuz-remain-stalled/articleshow/133197047.cms,"Matched: mohammad reza naqdi | signals: commander, general",mohammad reza naqdi,arrest; attack; bomb; killed; topic:ARMEDCONFLICT; topic:MILITARY
alert,IRi.026,MOHAMMAD REZA NAQDI,Iran,0.70,,2026-08-13,newstodaynet.com,Iran may prolong US war until Trump leaves office: IRGC&#xA0; - News Today,https://newstodaynet.com/2026/08/13/iran-may-prolong-us-war-until-trump-leaves-office-irgc/,"Matched: mohammad reza naqdi | signals: commander, state",mohammad reza naqdi,attack; houthi; kill; killed; topic:ARMEDCONFLICT; topic:TAX_MILITARY_TITLE
alert,IRi.026,MOHAMMAD REZA NAQDI,Iran,0.70,,2026-08-13,zerohedge.com,Iran Says It Reorganized Military To Be More Aggressive In Protracted Conflict After US 'Long Miscalculated',https://www.zerohedge.com/geopolitical/iran-reorganized-military-be-more-aggressive-protracted-conflict-after-us-has-long,"Matched: mohammad reza naqdi | signals: commander, state",mohammad reza naqdi,attack; financ; houthi; nuclear; topic:ARMEDCONFLICT; topic:TAX_FNCACT_PARAMILITARY_FORCE
alert,IRi.026,MOHAMMAD REZA NAQDI,Iran,0.70,,2026-10-02,middleeasteye.net,Morning update,https://www.middleeasteye.net/live-blog/live-blog-update/morning-update-633,"Matched: mohammad reza naqdi | signals: commander, missile",mohammad reza naqdi,attack; houthi; missile; topic:ARMEDCONFLICT; topic:MILITARY; topic:TAX_MILITARY_TITLE
alert,IRi.026,MOHAMMAD REZA NAQDI,Iran,0.60,,2026-08-12,krwg.org,Top adviser to IRGC leader sits down for rare interview,https://www.krwg.org/shows/newshour/clip/war-with-iran-1786479718,Matched: mohammad reza naqdi | signals: commander,mohammad reza naqdi,topic:ARMEDCONFLICT; topic:TAX_MILITARY_TITLE; topic:TAX_MILITARY_TITLE_COMMANDER
alert,IRi.026,MOHAMMAD REZA NAQDI,Iran,0.60,,2026-08-12,indiatimes.com,'Until Trump is out': Iran signals war could stretch for years,https://timesofindia.indiatimes.com/world/middle-east/until-trump-is-out-iran-signals-war-could-stretch-for-years/articleshow/133186882.cms,Matched: mohammad reza naqdi | signals: commander,mohammad reza naqdi,arrest; attack; bomb; financ; topic:ARMEDCONFLICT; topic:MILITARY
alert,IRi.026,MOHAMMAD REZA NAQDI,Iran,0.60,,2026-08-12,ibtimes.co.uk,Revolutionary Guard Adviser Warns Iran Is Preparing Military Operations on US Soil as Hormuz Peace Talks Crash,https://www.ibtimes.co.uk/iran-revolutionary-guard-threatens-us-soil-hormuz-talks-collapse-1813806,Matched: mohammad reza naqdi | signals: state,mohammad reza naqdi,attack; houthi; killed; missile; topic:ARMEDCONFLICT; topic:KILL
alert,IRi.026,MOHAMMAD REZA NAQDI,Iran,0.60,,2026-08-12,theepochtimes.com,Iranian Military Official Says Tehran Could 'Prolong War' Until Trump Leaves Office,https://www.theepochtimes.com/world/iranian-military-official-says-tehran-could-prolong-war-until-trump-leaves-office-6074336,Matched: mohammad reza naqdi | signals: state,mohammad reza naqdi,attack; killed; missile; topic:ARMEDCONFLICT; topic:KILL; topic:MILITARY
alert,IRi.026,MOHAMMAD REZA NAQDI,Iran,0.60,,2026-08-12,israelnationalnews.com,Iran's plan to drag out war until end of Trump era,https://www.israelnationalnews.com/news/431625,Matched: mohammad reza naqdi | signals: commander,mohammad reza naqdi,attack; missile; sanction; topic:ARMEDCONFLICT; topic:TAX_MILITARY_TITLE; topic:TAX_MILITARY_TITLE_COMMANDER
alert,IRi.026,MOHAMMAD REZA NAQDI,Iran,0.60,,2026-08-13,coindesk.com,"BTC price news: Bitcoin slips near $63,500 as traders look past CPI to Fed's next tests",https://www.coindesk.com/markets/2026/08/13/bitcoin-slips-near-usd63-500-as-traders-look-past-cpi-to-fed-s-next-tests,Matched: mohammad reza naqdi | signals: general,mohammad reza naqdi,attack; captur; financ; topic:WB_1484_EDUCATION_SKILLS_DEVELOPMENT_AND_LABOR_MARKET; topic:WB_2131_EMPLOYABILITY_SKILLS_AND_JOBS
alert,IRi.026,MOHAMMAD REZA NAQDI,Iran,0.50,,2026-08-12,moneycontrol.com,"'Prolong war until Trump is out': Iran says it wants to exhaust US, claims Tehran has learnt how to fight America",https://www.moneycontrol.com/world/prolong-war-until-trump-is-out-iran-says-it-wants-to-exhaust-us-claims-tehran-has-learnt-how-to-fight-america-article-14003481.html,Matched: mohammad reza naqdi,mohammad reza naqdi,arrest; attack; explosive; financ; topic:ARMEDCONFLICT; topic:SANCTIONS
alert,IRi.039,QASEM SOLEIMANI,Iran,0.90,,2026-07-15,news.am,Trump: Iran and Hezbollah May Be Added to Russia Sanctions Bill,https://news.am/en/news/1049830,"Matched: qasem soleimani | signals: commander, killed, sanction, sanctions",qasem soleimani,attack; hezbollah; hostage; killed; sanction; topic:KILL
alert,IRi.039,QASEM SOLEIMANI,Iran,0.80,,2026-07-10,hannity.com,Trump Says He Left Orders To Bomb Iran If Assassination Plot Succeeds,https://hannity.com/media-room/dont-even-try-trump-reveals-secret-orders-if-iran-ever-takes-him-out/,"Matched: qasem soleimani | signals: commander, general, killed",qasem soleimani,assassinat; bomb; jihad; kill; topic:KILL; topic:TAX_MILITARY_TITLE
alert,IRi.039,QASEM SOLEIMANI,Iran,0.80,,2026-07-10,pjmedia.com,Trump Reveals His Plan for If Iran Succeeds in Assassinating Him,https://pjmedia.com/matt-margolis/2026/07/10/trump-reveals-his-plan-if-iran-succeeds-in-assassinating-him-n4954884,"Matched: qasem soleimani | signals: commander, killed, wanted",qasem soleimani,assassinat; attack; bomb; kill; topic:KILL; topic:SANCTIONS
alert,IRi.039,QASEM SOLEIMANI,Iran,0.80,,2026-07-11,politicaldog101.com,Iran&#x2026;Trump&#x2026;Conflict/War&#x2026;Evening&#x2026;7/10/2026&#x2026;The Wrestling Continues&#x2026;.,https://politicaldog101.com/2026/07/irantrumpconflict-warevening7-10-2026-the-wrestling-continues/,"Matched: qasem soleimani | signals: militia, missile, weapons",qasem soleimani,assassinat; attack; financ; hezbollah; topic:ARMEDCONFLICT; topic:SANCTIONS
alert,IRi.039,QASEM SOLEIMANI,Iran,0.80,,2026-07-11,gulfnews.com,"Trump Warns Iran: 1,000 Missiles 'Locked and Loaded' in Response to Assassination Threat",https://gulfnews.com/world/mena/trump-warns-iran-1000-missiles-are-locked-and-loaded-over-assassination-threat-1.500604271,"Matched: qasem soleimani | signals: commander, killed, missile",qasem soleimani,assassinat; attack; bomb; captur; missile; topic:KILL
alert,IRi.039,QASEM SOLEIMANI,Iran,0.80,,2026-07-11,ibtimes.co.in,Trump Reveals He's 'Left Instructions' if Iran Assassinates Him: 'Bomb Them at Levels They've Never Seen Before',https://www.ibtimes.co.in/trump-reveals-hes-left-instructions-if-iran-assassinates-him-bomb-them-levels-theyve-never-903767,"Matched: qasem soleimani | signals: commander, killed, missile",qasem soleimani,assassinat; attack; bomb; detain; topic:ARMEDCONFLICT; topic:ASSASSINATION
alert,IRi.039,QASEM SOLEIMANI,Iran,0.80,,2026-07-12,salon.com,"Trump: ""1000 missiles are locked and loaded"" for Iran if he's killed",https://www.salon.com/2026/07/11/trump-1000-missiles-are-locked-and-loaded-for-iran-if-hes-killed/,"Matched: qasem soleimani | signals: commander, killed, missile",qasem soleimani,assassinat; attack; killed; killing; missile; topic:KILL
alert,IRi.039,QASEM SOLEIMANI,Iran,0.70,,2026-07-10,wsvn.com,"Israel shared intelligence with US of Iranian plot to assassinate Trump, sources say - WSVN 7News | Miami News, Weather, Sports",https://wsvn.com/news/politics/israel-shared-intelligence-with-us-of-iranian-plot-to-assassinate-trump-sources-say/,"Matched: qasem soleimani | signals: general, killed",qasem soleimani,arrest; assassinat; attack; kill; topic:ARMEDCONFLICT; topic:ASSASSINATION
alert,IRi.039,QASEM SOLEIMANI,Iran,0.70,,2026-07-10,athens-times.com,Israel Warns U.S. of Iranian Trump Assassination Plot,https://athens-times.com/wsj-israel-warns-u-s-of-new-iranian-plot-to-assassinate-trump/,"Matched: qasem soleimani | signals: commander, killed",qasem soleimani,assassinat; kill; killed; topic:ARMEDCONFLICT; topic:ASSASSINATION; topic:KILL
alert,IRi.039,QASEM SOLEIMANI,Iran,0.70,,2026-07-10,wishtv.com,Israel shares intelligence with US on Iranian plot to assassinate Trump,https://www.wishtv.com/news/politics/israel-shares-intelligence-with-u-s-on-iranian-plot-to-assassinate-trump-july-9-2026/,"Matched: qasem soleimani | signals: general, killed",qasem soleimani,assassinat; attack; indict; kill; topic:ARMEDCONFLICT; topic:ASSASSINATION
alert,IRi.039,QASEM SOLEIMANI,Iran,0.70,,2026-07-10,whdh.com,"Israel shared intelligence with US of Iranian plot to assassinate Trump, sources say - Boston News, Weather, Sports",https://whdh.com/news/israel-shared-intelligence-with-us-of-iranian-plot-to-assassinate-trump-sources-say/,"Matched: qasem soleimani | signals: general, killed",qasem soleimani,assassinat; attack; kill; killed; topic:ARMEDCONFLICT; topic:ASSASSINATION
alert,IRi.039,QASEM SOLEIMANI,Iran,0.70,,2026-07-10,livemint.com,Trump reveals he's 'left instructions' if Iran assassinates him: 'Bomb them at levels that they've never seen before',https://www.livemint.com/news/us-news/trumps-chilling-warning-to-iran-if-he-s-assassinated-bomb-them-at-levels-that-they-ve-never-seen-before-11783708201656.html,"Matched: qasem soleimani | signals: general, killed",qasem soleimani,assassinat; attack; bomb; bombing; topic:ARMEDCONFLICT; topic:ASSASSINATION
alert,IRi.039,QASEM SOLEIMANI,Iran,0.70,,2026-07-10,indiablooms.com,'Bomb them': Trump says he left instructions for massive military retaliation if Iran assassinates him | Indiablooms,https://www.indiablooms.com/world/bomb-them-trump-says-he-left-instructions-for-massive-military-retaliation-if-iran-assassinates-him/details,"Matched: qasem soleimani | signals: commander, killed",qasem soleimani,assassinat; attack; bomb; explosive; topic:KILL; topic:TAX_MILITARY_TITLE
alert,IRi.039,QASEM SOLEIMANI,Iran,0.70,,2026-07-11,hellomagazine.com,Donald Trump reveals death plans amid assassination fears,https://www.hellomagazine.com/us/912278/donald-trump-reveals-death-plans-amid-assassination-fears/,"Matched: qasem soleimani | signals: commander, killed",qasem soleimani,assassinat; attack; bomb; explosive; topic:ARMEDCONFLICT; topic:ASSASSINATION
alert,IRi.039,QASEM SOLEIMANI,Iran,0.70,,2026-07-11,hellomagazine.com,Donald Trump reveals dramatic death plans,https://www.hellomagazine.com/us/912278/donald-trump-reveals-dramatic-death-plans/,"Matched: qasem soleimani | signals: commander, killed",qasem soleimani,assassinat; attack; bomb; explosive; topic:ARMEDCONFLICT; topic:ASSASSINATION
alert,IRi.039,QASEM SOLEIMANI,Iran,0.70,,2026-07-11,ibtimes.co.uk,'Just Literally Bomb Them': Donald Trump Discloses Apocalyptic Retaliation Orders If Iran Succeeds in Assassinating Him,https://www.ibtimes.co.uk/trump-retaliation-plan-iran-1808129,"Matched: qasem soleimani | signals: commander, killed",qasem soleimani,assassinat; attack; bomb; explosive; topic:ARMEDCONFLICT; topic:KILL
alert,IRi.039,QASEM SOLEIMANI,Iran,0.70,,2026-07-12,bbc.co.uk,"US Senator Lindsey Graham dies after 'brief and sudden illness', his office says",https://www.bbc.co.uk/news/articles/cvgj25j6nmeo,"Matched: qasem soleimani | signals: commander, trial",qasem soleimani,arrest; attack; convict; jihad; topic:ARMEDCONFLICT; topic:KILL
alert,IRi.039,QASEM SOLEIMANI,Iran,0.70,,2026-07-13,bbc.co.uk,"Senator Lindsey Graham's cause of death was an aortic tear, says medical examiner",https://www.bbc.co.uk/news/articles/cn75083d472o,"Matched: qasem soleimani | signals: commander, trial",qasem soleimani,convict; killing; topic:ARMEDCONFLICT; topic:KILL; topic:TAX_MILITARY_TITLE; trial
alert,IRi.039,QASEM SOLEIMANI,Iran,0.60,,2026-07-09,theconversation.com,How Iran used Ali Khamenei's funeral as a political and diplomatic tool,https://theconversation.com/how-iran-used-ali-khameneis-funeral-as-a-political-and-diplomatic-tool-286917,Matched: qasem soleimani | signals: commander,qasem soleimani,assassinat; attack; killed; killing; topic:ARMEDCONFLICT; topic:ASSASSINATION
alert,IRi.039,QASEM SOLEIMANI,Iran,0.60,,2026-07-09,naturalnews.com,Trump Predicts His Possible Assassination By Iran   &#x2013; NaturalNews.com,https://www.naturalnews.com/2026-07-09-trump-predicts-his-possible-assassination-by-iran.html,Matched: qasem soleimani | signals: terror,qasem soleimani,assassinat; attack; bounty; charged; topic:ARMEDCONFLICT; topic:ASSASSINATION
alert,IRi.039,QASEM SOLEIMANI,Iran,0.60,,2026-07-10,hannity.com,Israel Warns U.S. of Alleged New Iranian Assassination Plot Targeting Trump,https://hannity.com/media-room/hit-list-israel-warns-u-s-of-alleged-new-iranian-plot-to-kill-trump/,Matched: qasem soleimani | signals: killed,qasem soleimani,assassinat; designat; jihad; kill; topic:ASSASSINATION; topic:KILL
alert,IRi.039,QASEM SOLEIMANI,Iran,0.60,,2026-07-10,thesource.com,The Source |Israel Intelligence Raises Concerns Over Alleged Iranian Threat Targeting Trump ... Again,https://thesource.com/2026/07/10/israel-intelligence-raises-concerns-over-alleged-iranian-threat-targeting-trump-again/,Matched: qasem soleimani | signals: commander,qasem soleimani,assassinat; bomb; killed; killing; topic:KILL; topic:TAX_MILITARY_TITLE
alert,IRi.039,QASEM SOLEIMANI,Iran,0.60,,2026-07-11,nypost.com,Trump warns US military will 'destroy all areas of Iran' in the event he's assassinated,https://nypost.com/2026/07/11/us-news/trump-warns-us-military-will-destroy-all-areas-of-iran-in-the-event-hes-assassinated/,Matched: qasem soleimani | signals: killed,qasem soleimani,assassinat; attack; bomb; kill; topic:ARMEDCONFLICT; topic:ASSASSINATION
alert,IRi.039,QASEM SOLEIMANI,Iran,0.60,,2026-07-11,outlookindia.com,Trump Says US Would 'Bomb Iran Like Never Before' If He Is Assassinated,https://www.outlookindia.com/international/trump-says-us-would-bomb-iran-like-never-before-if-he-is-assassinated,Matched: qasem soleimani | signals: wanted,qasem soleimani,assassinat; attack; bomb; detain; topic:ASSASSINATION; topic:KILL
alert,IRi.039,QASEM SOLEIMANI,Iran,0.60,,2026-07-13,juancole.com,Iran: Khamenei's Funeral as Politics and Diplomacy,https://www.juancole.com/2026/07/khameneis-politics-diplomacy.html,Matched: qasem soleimani | signals: commander,qasem soleimani,assassinat; attack; killed; killing; topic:ARMEDCONFLICT; topic:ASSASSINATION
alert,IRi.042,MOHAMMAD REZA ZAHEDI,Iran,1.00,,2026-08-12,jpost.com,Israeli drone tech is keeping Iran at bay | The Jerusalem Post,http://www.jpost.com/opinion/article-905278,"Matched: mohammad reza zahedi | signals: commander, forces, general, irgc, security council",mohammad reza zahedi,attack; bombing; hezbollah; missile; topic:ARMEDCONFLICT; topic:EXTREMISM
alert,IRi.042,MOHAMMAD REZA ZAHEDI,Iran,1.00,,2026-09-30,presstv.co.uk,Jordan: The Kingdom of repeated compromise,https://www.presstv.co.uk/Detail/2026/09/30/777302/Jordan-once-a-defender-of-Palestinians-compromised-with-Israel,"Matched: mohammad reza zahedi | signals: brigadier, commander, forces, general, irgc",mohammad reza zahedi,al qaeda; arrest; assassinat; attack; topic:ARMEDCONFLICT; topic:ARREST
alert,IRi.042,MOHAMMAD REZA ZAHEDI,Iran,0.70,,2026-09-29,indiatimes.com,How Joe Biden averted a wider war with Iran: Explained in 10 points,https://timesofindia.indiatimes.com/world/us/how-biden-averted-a-wider-war-with-iran-explained-in-10-points/articleshow/134570522.cms,"Matched: mohammad reza zahedi | signals: commander, isis",mohammad reza zahedi,arms; arrest; attack; captur; topic:ARMEDCONFLICT; topic:ARREST
alert,IRi.042,MOHAMMAD REZA ZAHEDI,Iran,0.60,,2026-10-04,cbsnews.com,"Transcript: Brett McGurk on ""Face the Nation with Margaret Brennan,"" Oct. 4, 2026",https://www.cbsnews.com/news/brett-mcgurk-face-the-nation-transcript-10-04-2026/,Matched: mohammad reza zahedi | signals: killed,mohammad reza zahedi,arms; attack; bomb; bombing; topic:ARMEDCONFLICT; topic:KIDNAP
alert,IRi.043,MOHAMMAD BAQER ZOLQADR,Iran,1.00,,2026-08-01,middleeasteye.net,"Iran will further tighten Hormuz if US naval blockade continues, top official says",https://www.middleeasteye.net/live-blog/live-blog-update/iran-will-further-tighten-hormuz-if-us-naval-blockade-continues-top,"Matched: mohammad baqer zolqadr | signals: commander, irgc, minister, security, security council",mohammad baqer zolqadr,proces; security council; topic:SEIGE; topic:TAX_MILITARY_TITLE; topic:TAX_MILITARY_TITLE_COMMANDER
alert,IRi.043,MOHAMMAD BAQER ZOLQADR,Iran,1.00,,2026-08-08,nypost.com,Iran threatens Strait of Hormuz won't reopen fully 'until America corrects its behavior',https://nypost.com/2026/08/08/world-news/iran-threatens-strait-of-hormuz-wont-reopen-fully-until-america-corrects-its-behavior/,"Matched: mohammad baqer zolqadr | signals: commander, deputy, irgc, sanction, sanctions",mohammad baqer zolqadr,attack; bombing; missile; sanction; topic:ARMEDCONFLICT; topic:PIRACY
alert,IRi.043,MOHAMMAD BAQER ZOLQADR,Iran,1.00,,2026-08-09,geo.tv,Iran sets conditions for restoring transit through Strait of Hormuz,https://www.geo.tv/latest/676783-iran-sets-conditions-for-restoring-transit-through-strait-of-hormuz,"Matched: mohammad baqer zolqadr | signals: frozen, minister, sanction, sanctions, security",mohammad baqer zolqadr,attack; convict; detain; missile; topic:ARMEDCONFLICT; topic:KILL
alert,IRi.043,MOHAMMAD BAQER ZOLQADR,Iran,1.00,,2026-08-09,okaz.com.sa,&#x645;&#x628;&#x627;&#x634;&#x631;,https://www.okaz.com.sa/live/2260529,"Matched: mohammad baqer zolqadr | signals: frozen, sanction, sanctions, security, security council",mohammad baqer zolqadr,sanction; security council; topic:ARMEDCONFLICT; topic:MARITIME_PIRACY; topic:SANCTIONS; ارهاب
alert,IRi.043,MOHAMMAD BAQER ZOLQADR,Iran,1.00,,2026-08-10,al-monitor.com,Mohsen Rezaei appointed as secretary of Iran's top security body,https://www.al-monitor.com/originals/2026/08/mohsen-rezaei-appointed-secretary-irans-top-security-body,"Matched: mohammad baqer zolqadr | signals: commander, deputy, killed, minister, security",mohammad baqer zolqadr,killed; sanction; security council; topic:ARMEDCONFLICT; topic:KILL; topic:SANCTIONS
alert,IRi.043,MOHAMMAD BAQER ZOLQADR,Iran,1.00,,2026-08-10,indiatimes.com,From IRGC commander to Iran's security chief: Who is Mohsen Rezaei?,https://economictimes.indiatimes.com/news/defence/iran-appoints-hardliner-mohsen-rezaei-as-key-security-chief-amid-us-conflict/articleshow/133102673.cms,"Matched: mohammad baqer zolqadr | signals: commander, irgc, killed, security, security council",mohammad baqer zolqadr,financ; hostage; killed; militan; topic:ARMEDCONFLICT; topic:ARREST
alert,IRi.043,MOHAMMAD BAQER ZOLQADR,Iran,0.90,,2026-08-08,al-monitor.com,Iran says deal on Strait of Hormuz is close but is not enough to open the waterway,https://www.al-monitor.com/originals/2026/08/iran-says-deal-strait-hormuz-close-not-enough-open-waterway,"Matched: mohammad baqer zolqadr | signals: minister, sanction, sanctions, security",mohammad baqer zolqadr,attack; missile; sanction; topic:ARMEDCONFLICT; topic:MARITIME_PIRACY; topic:SANCTIONS
alert,IRi.043,MOHAMMAD BAQER ZOLQADR,Iran,0.90,,2026-08-08,abc.net.au,Iran says Strait of Hormuz deal 'close' but reopening depends on other conditions,https://www.abc.net.au/news/2026-08-09/iran-and-oman-close-to-new-route-strait-of-hormuz/107013264,"Matched: mohammad baqer zolqadr | signals: minister, sanction, sanctions, security",mohammad baqer zolqadr,attack; houthi; missile; sanction; topic:ARMEDCONFLICT; topic:PIRACY
alert,IRi.043,MOHAMMAD BAQER ZOLQADR,Iran,0.90,,2026-08-08,geo.tv,Iran says deal on Strait of Hormuz close but not enough to open the waterway,https://www.geo.tv/latest/676752-iran-says-deal-on-strait-of-hormuz-is-close-but-is-not-enough-to-open-the-waterway,"Matched: mohammad baqer zolqadr | signals: minister, sanction, sanctions, security",mohammad baqer zolqadr,attack; convict; detain; missile; topic:ARMEDCONFLICT; topic:MARITIME_PIRACY
alert,IRi.043,MOHAMMAD BAQER ZOLQADR,Iran,0.90,,2026-08-09,indiatimes.com,"Iran says Hormuz deal with Oman close, but strait reopening hinges on US concessions",https://economictimes.indiatimes.com/news/international/world-news/iran-says-hormuz-deal-with-oman-close-but-strait-reopening-hinges-on-us-concessions/articleshow/133061203.cms,"Matched: mohammad baqer zolqadr | signals: minister, sanction, sanctions, security",mohammad baqer zolqadr,attack; financ; indict; missile; topic:ARMEDCONFLICT; topic:MARITIME_PIRACY
alert,IRi.043,MOHAMMAD BAQER ZOLQADR,Iran,0.90,,2026-08-09,businesstimes.com.sg,"Iran says Hormuz deal with Oman is 'very close', but demands must be met before reopening",https://www.businesstimes.com.sg/international/global/iran-says-hormuz-deal-oman-very-close-demands-must-be-met-reopening,"Matched: mohammad baqer zolqadr | signals: minister, sanction, sanctions, security",mohammad baqer zolqadr,attack; financ; houthi; missile; topic:ARMEDCONFLICT; topic:MARITIME_PIRACY
alert,IRi.043,MOHAMMAD BAQER ZOLQADR,Iran,0.90,,2026-08-09,thejakartapost.com,Iran says deal on Strait of Hormuz is close but not enough to open the waterway - Middle East and Africa,http://www.thejakartapost.com/world/2026/08/09/iran-says-deal-on-strait-of-hormuz-is-close-but-not-enough-to-open-the-waterway,"Matched: mohammad baqer zolqadr | signals: minister, sanction, sanctions, security",mohammad baqer zolqadr,attack; houthi; missile; sanction; topic:ARMEDCONFLICT; topic:MARITIME_PIRACY
alert,IRi.043,MOHAMMAD BAQER ZOLQADR,Iran,0.90,,2026-08-09,arynews.tv,Iran says deal on Strait of Hormuz is close,https://arynews.tv/iran-says-deal-on-strait-of-hormuz-is-close,"Matched: mohammad baqer zolqadr | signals: minister, sanction, sanctions, security",mohammad baqer zolqadr,armas; arrest; attack; charged; topic:ARMEDCONFLICT; topic:MARITIME_PIRACY
alert,IRi.043,MOHAMMAD BAQER ZOLQADR,Iran,0.90,,2026-08-09,koreatimes.co.kr,Iran says deal on Strait of Hormuz is close but not enough to open waterway,https://www.koreatimes.co.kr/world/20260809/iran-says-deal-on-strait-of-hormuz-is-close-but-not-enough-to-open-waterway,"Matched: mohammad baqer zolqadr | signals: minister, sanction, sanctions, security",mohammad baqer zolqadr,attack; missile; sanction; topic:ARMEDCONFLICT; topic:MARITIME_PIRACY; topic:SANCTIONS
alert,IRi.043,MOHAMMAD BAQER ZOLQADR,Iran,0.90,,2026-08-10,businesstoday.in,'Just watching&#x2026;': Trump says US 'low keying it' with Iran as Tehran demands concessions to reopen Hormuz,https://www.businesstoday.in/world/story/just-watching-trump-says-us-low-keying-it-with-iran-as-tehran-demands-concessions-to-reopen-hormuz-548204-2026-08-10,"Matched: mohammad baqer zolqadr | signals: frozen, sanction, sanctions, security",mohammad baqer zolqadr,attack; financ; houthi; nuclear; topic:ARMEDCONFLICT; topic:SANCTIONS
alert,IRi.043,MOHAMMAD BAQER ZOLQADR,Iran,0.90,,2026-08-10,straitstimes.com,"Who is Iran's Mohsen Rezaei, the hardliner appointed to key security role?",https://www.straitstimes.com/world/middle-east/who-is-irans-mohsen-rezaei-the-hardliner-appointed-to-key-security-role,"Matched: mohammad baqer zolqadr | signals: commander, irgc, security, security council",mohammad baqer zolqadr,hostage; killed; militan; security council; topic:ARMEDCONFLICT; topic:ARREST
alert,IRi.043,MOHAMMAD BAQER ZOLQADR,Iran,0.70,,2026-07-10,presstv.ir,Irans top security official warns of retaliation for attacks on infrastructure,https://www.presstv.ir/Detail/2026/07/10/771971/Iran-US-Zoqadr-Trump,"Matched: mohammad baqer zolqadr | signals: security, security council",mohammad baqer zolqadr,attack; killing; missile; proces; topic:ARMEDCONFLICT; topic:KILL
alert,IRi.043,MOHAMMAD BAQER ZOLQADR,Iran,0.70,,2026-08-08,presstv.co.uk,Hormuz will stay closed until US changes its behavior: Iran's security chief,https://www.presstv.co.uk/Detail/2026/08/08/773963/Iran-Hormuz-Strait-closure-US-behavior-SNSC-Zolghadr,"Matched: mohammad baqer zolqadr | signals: security, security council",mohammad baqer zolqadr,attack; designat; sanction; security council; topic:ARMEDCONFLICT; topic:SANCTIONS
alert,IRi.043,MOHAMMAD BAQER ZOLQADR,Iran,0.70,,2026-08-10,geo.tv,"Factbox: Who is Iran's Mohsen Rezaei, appointed to key security role?",https://www.geo.tv/latest/676967-factbox-who-is-irans-mohsen-rezaei-appointed-to-key-security-role,"Matched: mohammad baqer zolqadr | signals: security, security council",mohammad baqer zolqadr,convict; detain; hostage; killed; topic:ARMEDCONFLICT; topic:ARREST
alert,IRi.043,MOHAMMAD BAQER ZOLQADR,Iran,0.60,,2026-08-09,presstv.co.uk,Leader appoints outgoing top security official Zolqadr as his political adviser,https://www.presstv.co.uk/Detail/2026/08/09/774048/Iran-Zolqadr-Leader-adviser,Matched: mohammad baqer zolqadr | signals: security,mohammad baqer zolqadr,attack; security council; topic:ARMEDCONFLICT; topic:TAX_MILITARY_TITLE; topic:TAX_MILITARY_TITLE_COMMANDER; weapon
alert,IRi.043,MOHAMMAD BAQER ZOLQADR,Iran,0.60,,2026-09-18,rawstory.com,Jeers as Trump's removal from power tied to Hormuz reopening: 'Sounds like a great deal',https://www.rawstory.com/trump-iran-2677884587/,Matched: mohammad baqer zolqadr | signals: minister,mohammad baqer zolqadr,topic:ARMEDCONFLICT
alert,IRi.043,MOHAMMAD BAQER ZOLQADR,Iran,0.60,,2026-09-18,crooksandliars.com,Senior Iranian: Strait Will Not Open Until 'Criminal' Trump Is Removed From Power,https://crooksandliars.com/2026/09/senior-iranian-strait-will-not-open-until,Matched: mohammad baqer zolqadr | signals: minister,mohammad baqer zolqadr,topic:ARMEDCONFLICT
alert,KPe.018,SECOND ACADEMY OF NATURAL SCIENCES,DPRK,0.50,,2026-08-27,dailykos.com,"Evening Shade&#x2013; Resistance Rising&#x2013; Wednesday August 26, 2026",https://www.dailykos.com/stories/2026/8/26/800087312/community/evening-shade-resistance-rising-wednesday-august-26-2026/,Matched: academy of natural sciences,academy of natural sciences,attack; designat; explosive; extremis; topic:ARMEDCONFLICT; topic:EXTREMISM
alert,KPe.028,MUNITIONS INDUSTRY DEPARTMENT,DPRK,0.70,,2026-08-12,newsweek.com,Putin Warns of Pacific Threat as Submarines Protected by Anti-Drone Nets,https://www.newsweek.com/putin-warns-pacific-threat-submarines-protected-by-anti-drone-nets-12313772,"Matched: mid | signals: missile, weapons",mid,attack; financ; missile; nuclear; topic:ARMEDCONFLICT; topic:SLFID_MILITARY_SPENDING
alert,KPe.028,MUNITIONS INDUSTRY DEPARTMENT,DPRK,0.60,,2026-09-20,newsroomamerica.com,Tag: csis &#x2014; newsroomamerica.com,https://newsroomamerica.com/tag/csis,Matched: mid | signals: weapons,mid,arms; financ; missile; nuclear; topic:ARMEDCONFLICT; topic:KILL
alert,KPe.028,MUNITIONS INDUSTRY DEPARTMENT,DPRK,0.50,,2026-08-30,koreatimes.co.kr,N. Korea names new defense minister amid modernization drive,https://www.koreatimes.co.kr/foreignaffairs/northkorea/20260830/n-korea-names-new-defense-minister-amid-modernization-drive,Matched: munitions industry department,munitions industry department,arms; topic:ARMEDCONFLICT; topic:MILITARY; topic:TAX_MILITARY_TITLE; weapon
alert,KPe.028,MUNITIONS INDUSTRY DEPARTMENT,DPRK,0.50,,2026-08-30,scmp.com,North Korea's defence minister dismissed in reshuffle of military leadership,https://www.scmp.com/news/asia/east-asia/article/3365724/north-koreas-defence-minister-dismissed-reshuffle-military-leadership,Matched: munitions industry department,munitions industry department,topic:MILITARY
alert,KPe.028,MUNITIONS INDUSTRY DEPARTMENT,DPRK,0.50,,2026-08-30,newindianexpress.com,Kim Jong Un dismisses North Korea's defence minister,https://www.newindianexpress.com/world/2026/Aug/30/kim-jong-un-dismisses-north-koreas-defence-minister,Matched: munitions industry department,munitions industry department,arms; missile; nuclear; topic:ARMEDCONFLICT; topic:MILITARY; topic:WMD
alert,KPe.028,MUNITIONS INDUSTRY DEPARTMENT,DPRK,0.50,,2026-08-30,freemalaysiatoday.com,North Korea's defence minister dismissed,https://www.freemalaysiatoday.com/category/world/2026/08/30/north-korea-s-defence-minister-dismissed,Matched: munitions industry department,munitions industry department,arms; missile; topic:ARMEDCONFLICT; topic:MILITARY; topic:MIL_SELF_IDENTIFIED_ARMS_DEAL; weapon
alert,KPe.028,MUNITIONS INDUSTRY DEPARTMENT,DPRK,0.50,,2026-08-30,indiatimes.com,North Korea ousts defence minister in military reshuffle,https://economictimes.indiatimes.com/news/international/world-news/north-korea-ousts-defence-minister-in-military-reshuffle/articleshow/133622591.cms,Matched: munitions industry department,munitions industry department,arms; missile; nuclear; topic:ARMEDCONFLICT; topic:MILITARY; topic:MILITARY_COOPERATION
alert,KPe.028,MUNITIONS INDUSTRY DEPARTMENT,DPRK,0.50,,2026-08-30,thepeninsulaqatar.com,North Korea defence minister dismissed: state media | The Peninsula Qatar,http://thepeninsulaqatar.com/article/30/08/2026/north-korea-defence-minister-dismissed-state-media,Matched: munitions industry department,munitions industry department,arrest; attack; missile; nuclear; topic:MILITARY
alert,KPe.028,MUNITIONS INDUSTRY DEPARTMENT,DPRK,0.50,,2026-08-30,thestar.com.my,"North Korea names new defense minister, KCNA says",https://www.thestar.com.my/news/world/2026/08/30/north-korea-names-new-defense-minister-kcna-says,Matched: munitions industry department,munitions industry department,topic:ARMEDCONFLICT; weapon
alert,KPe.028,MUNITIONS INDUSTRY DEPARTMENT,DPRK,0.50,,2026-08-30,indiatimes.com,North Korea names new defense minister,https://economictimes.indiatimes.com/news/defence/north-korea-names-new-defense-minister-kcna-says/articleshow/133627539.cms,Matched: munitions industry department,munitions industry department,financ; indict; topic:ARMEDCONFLICT; trial; weapon
alert,KPe.028,MUNITIONS INDUSTRY DEPARTMENT,DPRK,0.50,,2026-08-30,thejakartapost.com,N. Korea defense minister dismissed: State media - Asia & Pacific,http://www.thejakartapost.com/world/2026/08/30/n-korea-defense-minister-dismissed-state-media,Matched: munitions industry department,munitions industry department,arms; missile; topic:ARMEDCONFLICT; topic:MILITARY; topic:MIL_SELF_IDENTIFIED_ARMS_DEAL; weapon
alert,KPe.028,MUNITIONS INDUSTRY DEPARTMENT,DPRK,0.50,,2026-08-30,taipeitimes.com,N Korea defense minister dismissed: state media,https://www.taipeitimes.com/News/front/archives/2026/08/31/2003863408,Matched: munitions industry department,munitions industry department,nuclear; topic:ARMEDCONFLICT; topic:MILITARY; topic:WMD; weapon
alert,KPe.028,MUNITIONS INDUSTRY DEPARTMENT,DPRK,0.50,,2026-09-22,infosecurity-magazine.com,"North Korean Attackers Hit 30,000 Devices and Steal $10.7m",https://www.infosecurity-magazine.com/news/north-korean-waterplum-30000/,Matched: munitions industry department,munitions industry department,attack; bounty; financ; topic:SECURITY_SERVICES; topic:WB_1484_EDUCATION_SKILLS_DEVELOPMENT_AND_LABOR_MARKET; topic:WB_2131_EMPLOYABILITY_SKILLS_AND_JOBS
alert,KPe.029,NATIONAL AEROSPACE TECHNOLOGY ADMINISTRATION,DPRK,0.80,,2026-07-27,techtimes.com,"Russia Ran North Korea's Ballistic Missile Lab in Ukraine, Is Sending Results Home",https://www.techtimes.com/articles/321665/20260727/russia-ran-north-koreas-ballistic-missile-lab-ukraine-sending-results-home.htm,"Matched: national aerospace development administration | signals: commander, missile, weapons",national aerospace development administration,arms; attack; captur; evade; missile; topic:ARMEDCONFLICT
alert,KPe.030,OFFICE 39,DPRK,0.70,,2026-09-17,indiankanoon.org,"Infinity Sales And Distribution Pvt Ltd vs Varsha Gehlot on 14 September, 2026",https://indiankanoon.org/doc/112663590/,"Matched: third floor | signals: court, trial",third floor,prosecut; topic:KILL; topic:TRIAL; trial
alert,KPe.030,OFFICE 39,DPRK,0.60,,2026-09-08,indiankanoon.org,"Mohd. Mahboob vs Mst. Arshi Qureshi & Anr on 7 September, 2026",https://indiankanoon.org/doc/12843442/,Matched: third floor | signals: court,third floor,topic:KILL; topic:SECURITY_SERVICES; trial
alert,KPe.030,OFFICE 39,DPRK,0.60,,2026-09-17,indiankanoon.org,"Mithlesh Tiwari @ Mithlesh Kumar vs The State Of Bihar on 16 September, 2026",https://indiankanoon.org/doc/20046312/,Matched: third floor | signals: court,third floor,prosecut; topic:SECURITY_SERVICES; topic:TAX_MILITARY_TITLE; topic:TAX_MILITARY_TITLE_OFFICER
alert,KPe.031,RECONNAISSANCE GENERAL BUREAU,DPRK,1.00,,2026-08-07,coindesk.com,"Bybit sues North Korea and Lazarus Group over $1.5 billion hack, secures asset freeze",https://www.coindesk.com/policy/2026/08/07/bybit-sues-north-korea-and-lazarus-group-over-usd1-5-billion-hack-secures-asset-freeze,"Matched: reconnaissance general bureau, rgb | signals: asset freeze, court, democratic people s republic of korea, sanction, sanctioned",reconnaissance general bureau; rgb,asset freeze; attack; captur; financ; topic:KILL; topic:TRIAL
alert,KPe.031,RECONNAISSANCE GENERAL BUREAU,DPRK,0.90,,2026-07-24,techtimes.com,North Korea Hid New Google Drive Backdoors Inside South Korean Groupware Firms,https://www.techtimes.com/articles/321474/20260724/north-korea-hid-new-google-drive-backdoors-inside-south-korean-groupware-firms.htm,"Matched: reconnaissance general bureau | signals: sanction, sanctioned, treasury, weapons",reconnaissance general bureau,arms; attack; designat; financ; topic:KILL
alert,KPe.031,RECONNAISSANCE GENERAL BUREAU,DPRK,0.80,,2026-08-08,manilatimes.net,"Bybit Sues North Korea and Lazarus Group, Secures Preliminary Injunction Freezing Stolen Assets in Landmark Crypto Asset Recovery Effort",https://www.manilatimes.net/2026/08/08/tmt-newswire/pr-newswire/bybit-sues-north-korea-and-lazarus-group-secures-preliminary-injunction-freezing-stolen-assets-in-landmark-crypto-asset-recovery-effort/2401328,"Matched: reconnaissance general bureau, rgb | signals: asset freeze, court, democratic people s republic of korea",reconnaissance general bureau; rgb,asset freeze; attack; financ; launder; topic:SECURITY_SERVICES; topic:TRIAL
alert,KPe.031,RECONNAISSANCE GENERAL BUREAU,DPRK,0.80,,2026-08-10,techtimes.com,North Korean Spy Group Kimsuky Built Offline AI Lab on Attack Servers to Analyze Stolen Files,https://www.techtimes.com/articles/323690/20260810/north-korean-spy-group-kimsuky-built-offline-ai-lab-attack-servers-analyze-stolen-files.htm,"Matched: reconnaissance general bureau | signals: sanction, sanctioned, treasury",reconnaissance general bureau,attack; captur; financ; kill
alert,KPe.031,RECONNAISSANCE GENERAL BUREAU,DPRK,0.80,,2026-09-21,moderntokyotimes.com,North Korea and Cyber Warfare (Lazarus Group and ByBit Hack &#x2013; Lawsuit Filed) &#x2013; Modern Tokyo Times,https://moderntokyotimes.com/north-korea-and-cyber-warfare-lazarus-group-and-bybit-hack-lawsuit-filed/,"Matched: reconnaissance general bureau, rgb | signals: democratic people s republic of korea, sanction, sanctions",reconnaissance general bureau; rgb,arrest; attack; evasion; financ; topic:ARREST; topic:SANCTIONS
alert,KPe.031,RECONNAISSANCE GENERAL BUREAU,DPRK,0.80,,2026-10-06,voanews.com,US Lawsuits Against North Korea Expand Beyond Detentions to Overseas Activities,https://www.voanews.com/a/us-lawsuits-against-north-korea-expand-beyond-detentions-to-overseas-activities/8208081.html,"Matched: reconnaissance general bureau | signals: court, terror, terrorist",reconnaissance general bureau,attack; designat; detain; hamas; topic:ARMEDCONFLICT; topic:ARREST
alert,KPe.031,RECONNAISSANCE GENERAL BUREAU,DPRK,0.60,,2026-07-19,techtimes.com,North Korea Buried Four-Stage Malware in Flag Images: Zero Antivirus Detections,https://www.techtimes.com/articles/320927/20260718/north-korea-buried-four-stage-malware-flag-images-zero-antivirus-detections.htm,Matched: reconnaissance general bureau | signals: weapons,reconnaissance general bureau,attack; evasion; financ; kill; topic:KILL
alert,KPe.031,RECONNAISSANCE GENERAL BUREAU,DPRK,0.60,,2026-08-08,cointelegraph.com,Bybit Wins Court Support to Trace $1.5B North Korea Hack Funds,https://cointelegraph.com/news/bybit-us-court-trace-funds-north-korea-hack,Matched: reconnaissance general bureau | signals: court,reconnaissance general bureau,attack; launder; topic:TRIAL
alert,KPe.031,RECONNAISSANCE GENERAL BUREAU,DPRK,0.60,,2026-08-11,cointelegraph.com,"Thailand's 0% Crypto Tax, Bitcoin Red Team Forced To Use Chinese AI: Asia Express",https://cointelegraph.com/magazine/thailands-0-crypto-tax-bitcoin-red-team-forced-to-use-chinese-ai-asia-express,Matched: reconnaissance general bureau | signals: court,reconnaissance general bureau,arrest; convict; financ; launder; topic:ARREST; topic:SECURITY_SERVICES
alert,KPe.031,RECONNAISSANCE GENERAL BUREAU,DPRK,0.60,,2026-08-15,coindesk.com,"Clarity survives (barely), Strategy sells and the untold story of Mastercard's $1.8 billion deal: Crypto's week in 5 stories",https://www.coindesk.com/business/2026/08/15/clarity-survives-barely-strategy-sells-and-the-untold-story-of-mastercard-s-usd1-8-billion-deal-crypto-s-week-in-5-stories,Matched: reconnaissance general bureau | signals: court,reconnaissance general bureau,attack; captur; financ; proces; topic:ARMEDCONFLICT; topic:REBELLION
alert,KPe.031,RECONNAISSANCE GENERAL BUREAU,DPRK,0.50,,2026-07-10,econotimes.com,North Korea Expands Nuclear Forces as Kim Jong Un Pushes Military Modernization,http://www.econotimes.com/North-Korea-Expands-Nuclear-Forces-as-Kim-Jong-Un-Pushes-Military-Modernization-1746407,Matched: reconnaissance general bureau,reconnaissance general bureau,attack; financ; kill; nuclear; topic:ARMEDCONFLICT; topic:MARITIME_PIRACY
alert,KPe.031,RECONNAISSANCE GENERAL BUREAU,DPRK,0.50,,2026-08-10,theregister.com,North Korean spies are running local LLMs to cause AI mischief,https://www.theregister.com/security/2026/08/10/north-korean-spies-are-running-local-llms-to-cause-ai-mischief/5285632,Matched: reconnaissance general bureau,reconnaissance general bureau,arrest; attack; financ; nuclear; topic:KILL
alert,KPe.031,RECONNAISSANCE GENERAL BUREAU,DPRK,0.50,,2026-09-08,techtimes.com,"North Korea Trojanized HAProxy in South Korea, Turning SSL Termination Into Wiretap",https://www.techtimes.com/articles/326920/20260907/north-korea-trojanized-haproxy-south-korea-turning-ssl-termination-wiretap.htm,Matched: reconnaissance general bureau,reconnaissance general bureau,attack; evasion; kill; proces; topic:WB_2432_FRAGILITY_CONFLICT_AND_VIOLENCE
alert,KPe.046,STRATEGIC ROCKET FORCE OF THE KOREAN PEOPLE’S ARMY,DPRK,0.80,,2026-07-13,northafricapost.com,Two More U.S. Congressmen Join the List of Lawmakers Pushing for Branding Polisario Terror Organization &#x2013; The North Africa Post,https://northafricapost.com/98769-two-more-u-s-congressmen-join-the-list-of-lawmakers-pushing-for-branding-polisario-terror-organization.html,"Matched: strategic forces | signals: sanction, sanctions, terror",strategic forces,designat; financ; sanction; terror; topic:ARMEDCONFLICT; topic:SANCTIONS
alert,KPe.046,STRATEGIC ROCKET FORCE OF THE KOREAN PEOPLE’S ARMY,DPRK,0.70,,2026-07-14,idrw.org,Why India's Nuclear Triad Makes a Pakistani First Strike Highly Unlikely : Former Strategic Forces Commander,https://idrw.org/why-indias-nuclear-triad-makes-a-pakistani-first-strike-highly-unlikely-former-strategic-forces-commander/,"Matched: strategic forces | signals: commander, weapons",strategic forces,attack; designat; missile; nuclear; topic:ARMEDCONFLICT; topic:TAX_MILITARY_TITLE
alert,KPe.046,STRATEGIC ROCKET FORCE OF THE KOREAN PEOPLE’S ARMY,DPRK,0.70,,2026-07-14,idrw.org,India's Nuclear Doctrine Unchanged Despite SSBN Debate: Former Strategic Forces Commander Explains Why Sea-Based Deterrence Matters,https://idrw.org/indias-nuclear-doctrine-unchanged-despite-ssbn-debate-former-strategic-forces-commander-explains-why-sea-based-deterrence-matters/,"Matched: strategic forces | signals: commander, missile",strategic forces,attack; missile; nuclear; topic:TAX_MILITARY_TITLE; topic:TAX_MILITARY_TITLE_COMMANDER; topic:TAX_WEAPONS
alert,KPe.046,STRATEGIC ROCKET FORCE OF THE KOREAN PEOPLE’S ARMY,DPRK,0.70,,2026-07-17,idrw.org,India's Proposed Rocket Force Could Transform Conventional Warfare&#x2014;But Questions Remain,https://idrw.org/indias-proposed-rocket-force-could-transform-conventional-warfare-but-questions-remain/,"Matched: strategic forces | signals: missile, weapons",strategic forces,attack; missile; nuclear; topic:ARMEDCONFLICT; topic:MILITARY; topic:TAX_FNCACT_MILITARY_OFFICERS
alert,KPe.046,STRATEGIC ROCKET FORCE OF THE KOREAN PEOPLE’S ARMY,DPRK,0.70,,2026-08-06,indiatimes.com,"Agni-IV test: India successfully fires 4,000 km-range ballistic weapon from Odisha",https://economictimes.indiatimes.com/news/defence/agni-iv-test-india-successfully-fires-4000-km-range-ballistic-weapon-from-odisha/articleshow/133007616.cms,"Matched: strategic forces | signals: missile, trial",strategic forces,designat; financ; indict; missile; topic:MILITARY; topic:TRIAL
alert,KPe.046,STRATEGIC ROCKET FORCE OF THE KOREAN PEOPLE’S ARMY,DPRK,0.70,,2026-08-06,livemint.com,India successfully test-fires nuclear-capable Agni-4 ballistic missile off Odisha coast,https://www.livemint.com/news/india/india-successfully-test-fires-nuclear-capable-agni-4-ballistic-missile-off-odisha-coast-11786042979696.html,"Matched: strategic forces | signals: missile, trial",strategic forces,missile; nuclear; topic:TRIAL; trial; weapon
alert,KPe.046,STRATEGIC ROCKET FORCE OF THE KOREAN PEOPLE’S ARMY,DPRK,0.70,,2026-08-07,indiatimes.com,"Agni-IV: Why the 4,000km nuclear-capable missile is essential for India",https://timesofindia.indiatimes.com/defence/news/agni-iv-why-the-4000km-nuclear-capable-missile-is-essential-for-india/articleshow/133026053.cms,"Matched: strategic forces | signals: missile, weapons",strategic forces,kill; missile; nuclear; sanction; topic:KILL; topic:MILITARY
alert,KPe.046,STRATEGIC ROCKET FORCE OF THE KOREAN PEOPLE’S ARMY,DPRK,0.70,,2026-08-07,indiatimes.com,The message behind the missile: Six signals sent by Agni-IV test,https://economictimes.indiatimes.com/news/defence/the-message-behind-the-missile-six-signals-sent-by-agni-iv-test/articleshow/133029393.cms,"Matched: strategic forces | signals: missile, trial",strategic forces,attack; financ; indict; missile; topic:TRIAL; topic:WMD
alert,KPe.046,STRATEGIC ROCKET FORCE OF THE KOREAN PEOPLE’S ARMY,DPRK,0.70,,2026-08-09,indiatimes.com,"Agni-4 fills crucial gap between mid-range missile & ICBM, provides India strategic deterrence against China",https://timesofindia.indiatimes.com/defence/agni-4-fills-crucial-gap-between-mid-range-missile-icbm-provides-india-strategic-deterrence-against-china/articleshow/133061017.cms,"Matched: strategic force | signals: missile, trial",strategic force,arms; missile; nuclear; sanction
alert,KPe.046,STRATEGIC ROCKET FORCE OF THE KOREAN PEOPLE’S ARMY,DPRK,0.70,,2026-08-25,thehindubusinessline.com,Defence Ministry opens DRDO's conventional missile tech to private companies,https://www.thehindubusinessline.com/companies/defence-ministry-opens-drdos-conventional-missile-tech-to-private-companies/article71388809.ece,"Matched: strategic forces | signals: missile, trial",strategic forces,attack; detain; missile; nuclear; topic:ARMEDCONFLICT
alert,KPe.046,STRATEGIC ROCKET FORCE OF THE KOREAN PEOPLE’S ARMY,DPRK,0.60,,2026-07-12,livemint.com,Air defences: India should induct drones and precision missiles in line with its own threat analysis,https://www.livemint.com/opinion/online-views/air-defence-india-drones-precision-missiles-threat-analysis-weaponry-theatre-command-11783605918072.html,Matched: strategic forces | signals: missile,strategic forces,arms; insurg; missile; nuclear; topic:ARMEDCONFLICT; topic:MILITARY
alert,KPe.046,STRATEGIC ROCKET FORCE OF THE KOREAN PEOPLE’S ARMY,DPRK,0.60,,2026-07-14,thediplomat.com,India's Expanding SSBN Force and What It Means for Pakistan &#x2013; The Diplomat,https://thediplomat.com/2026/07/indias-expanding-ssbn-force-and-what-it-means-for-pakistan/,Matched: strategic forces | signals: missile,strategic forces,missile; nuclear; taliban; topic:ARREST; topic:MILITARY; topic:TAX_WEAPONS
alert,KPe.046,STRATEGIC ROCKET FORCE OF THE KOREAN PEOPLE’S ARMY,DPRK,0.60,,2026-07-23,finchannel.com,Why Adam Milstein Builds Institutions Instead of Writing Checks,https://finchannel.com/why-adam-milstein-builds-institutions-instead-of-writing-checks/132757/personal-finance/2026/07/,Matched: strategic force | signals: trafficking,strategic force,captur; financ; sentenced; topic:KILL; traffick
alert,KPe.046,STRATEGIC ROCKET FORCE OF THE KOREAN PEOPLE’S ARMY,DPRK,0.60,,2026-07-24,rediff.com,Pakistan Names New Nuclear Command Chief,https://www.rediff.com/news/column/pakistan-names-new-nuclear-command-chief/20260724.htm,"Matched: strategic force, strategic forces | signals: commander",strategic force; strategic forces,attack; nuclear; topic:ARMEDCONFLICT; topic:MILITARY; topic:TAX_MILITARY_TITLE; weapon
alert,KPe.046,STRATEGIC ROCKET FORCE OF THE KOREAN PEOPLE’S ARMY,DPRK,0.60,,2026-08-06,thehindu.com,Agni-4 Ballistic Missile successfully test-fired,https://www.thehindu.com/news/national/agni-4-ballistic-missile-successfully-test-fired/article71313883.ece,Matched: strategic forces | signals: missile,strategic forces,missile; nuclear
alert,KPe.046,STRATEGIC ROCKET FORCE OF THE KOREAN PEOPLE’S ARMY,DPRK,0.60,,2026-08-06,orissapost.com,India test-fires Agni-4 missile,https://www.orissapost.com/india-test-fires-agni-4-missile/,Matched: strategic forces | signals: missile,strategic forces,jaish; missile
alert,KPe.046,STRATEGIC ROCKET FORCE OF THE KOREAN PEOPLE’S ARMY,DPRK,0.60,,2026-08-06,pragativadi.com,Agni-4 Missile Test Triumphs Off Odisha Coast,https://pragativadi.com/agni-4-ballistic-missile-test-odisha/,Matched: strategic forces | signals: missile,strategic forces,jaish; missile
alert,KPe.046,STRATEGIC ROCKET FORCE OF THE KOREAN PEOPLE’S ARMY,DPRK,0.60,,2026-08-06,indiatimes.com,India successfully test-fires Agni-4 ballistic missile &#x2014; why it matters,https://timesofindia.indiatimes.com/defence/india-successfully-test-fires-agni-4-ballistic-missile-why-it-matters/articleshow/133009482.cms,Matched: strategic forces | signals: missile,strategic forces,attack; captur; missile; nuclear; topic:MILITARY; topic:TAX_WEAPONS
alert,KPe.046,STRATEGIC ROCKET FORCE OF THE KOREAN PEOPLE’S ARMY,DPRK,0.60,,2026-08-06,indiatimes.com,"India successfully test-fires N-capable Agni-4 ballistic missile with strike range of 4,000km",https://timesofindia.indiatimes.com/defence/india-successfully-test-fires-n-capable-agni-4-ballistic-missile-with-strike-range-of-4000km/articleshow/133010436.cms,Matched: strategic forces | signals: missile,strategic forces,attack; missile; nuclear; sanction; topic:WMD
alert,KPe.046,STRATEGIC ROCKET FORCE OF THE KOREAN PEOPLE’S ARMY,DPRK,0.60,,2026-08-06,moneycontrol.com,"India successfully tests Agni-4 missile with nearly 4,000-km range",https://www.moneycontrol.com/news/india/india-successfully-tests-agni-4-missile-with-nearly-4-000-km-range-13996891.html,Matched: strategic forces | signals: missile,strategic forces,arrest; financ; missile; trial
alert,KPe.046,STRATEGIC ROCKET FORCE OF THE KOREAN PEOPLE’S ARMY,DPRK,0.60,,2026-08-06,theweek.in,India successfully test-fires Agni-4 missile. All operational and technical parameters validated,https://www.theweek.in/news/defence/2026/08/06/india-successfully-test-fires-agni-4-missile-all-operational-and-technical-parameters-validated.html,Matched: strategic forces | signals: missile,strategic forces,missile; nuclear; trial; weapon
alert,KPe.046,STRATEGIC ROCKET FORCE OF THE KOREAN PEOPLE’S ARMY,DPRK,0.60,,2026-08-06,outlookindia.com,India Successfully Tests Agni-IV Missile From Odisha's Chandipur,https://www.outlookindia.com/national/india-test-fires-agni-4-missile,Matched: strategic forces | signals: missile,strategic forces,attack; detain; missile; reward
alert,KPe.046,STRATEGIC ROCKET FORCE OF THE KOREAN PEOPLE’S ARMY,DPRK,0.60,,2026-08-07,english.news.cn,India test-fires medium-range ballistic missile-Xinhua,https://english.news.cn/20260807/d6d5e5b1235a4ef98e0038cbe69fd711/c.html,Matched: strategic forces | signals: missile,strategic forces,missile
alert,KPe.046,STRATEGIC ROCKET FORCE OF THE KOREAN PEOPLE’S ARMY,DPRK,0.60,,2026-08-07,dailypioneer.com,India Successfully Test-Fires Nuclear-Capable Agni-4 Ballistic Missile,https://dailypioneer.com/news/india-demonstrates-strategic-might-with-successful-agni4-missile-test,Matched: strategic forces | signals: missile,strategic forces,missile; nuclear; topic:TRIAL; trial
alert,KPe.046,STRATEGIC ROCKET FORCE OF THE KOREAN PEOPLE’S ARMY,DPRK,0.60,,2026-08-07,idrw.org,"Agni-IV's 4,000 km Reach Surprises Turkish Commentators, Highlights India's Expanding Strategic Strike Capability",https://idrw.org/agni-ivs-4000-km-reach-surprises-turkish-commentators-highlights-indias-expanding-strategic-strike-capability/,Matched: strategic forces | signals: missile,strategic forces,missile; nuclear; topic:WMD; trial
alert,KPe.046,STRATEGIC ROCKET FORCE OF THE KOREAN PEOPLE’S ARMY,DPRK,0.60,,2026-08-08,idrw.org,"Agni-IV ""0077"" OR "" 11"" Mystery: Does the Marking Reveal India Has 77 Missiles? My Analysis of the SFC Test",https://idrw.org/agni-iv-0077-or-11-mystery-does-the-marking-reveal-india-has-77-missiles-my-analysis-of-the-sfc-test/,Matched: strategic forces | signals: missile,strategic forces,missile; trial
alert,KPe.046,STRATEGIC ROCKET FORCE OF THE KOREAN PEOPLE’S ARMY,DPRK,0.60,,2026-08-11,idrw.org,Agni-IV's Mobility Gives India a Strategic Edge &#x2014; But Its Deployment Remains Closely Guarded,https://idrw.org/agni-ivs-mobility-gives-india-a-strategic-edge-but-its-deployment-remains-closely-guarded/,Matched: strategic forces | signals: missile,strategic forces,missile; nuclear; topic:WB_2432_FRAGILITY_CONFLICT_AND_VIOLENCE; topic:WMD; trial
alert,KPe.046,STRATEGIC ROCKET FORCE OF THE KOREAN PEOPLE’S ARMY,DPRK,0.60,,2026-09-11,idrw.org,"Exclusive: India's Nuclear Modernisation Enters Next Phase with MIRVs, SSBNs and Advanced Command Networks",https://idrw.org/exclusive-indias-nuclear-modernisation-enters-next-phase-with-mirvs-ssbns-and-advanced-command-networks/,Matched: strategic forces | signals: missile,strategic forces,missile; nuclear; topic:TAX_WEAPONS; topic:TAX_WEAPONS_SUBMARINE; topic:TAX_WEAPONS_SUBMARINES; weapon
alert,KPe.054,MINISTRY OF NATIONAL DEFENCE,DPRK,0.70,,2026-08-04,stripes.com,"South Korea relieves general after DMZ weapons policy, drone incidents",https://www.stripes.com/theaters/asia_pacific/2026-08-04/south-korea-dmz-weapons-drone-22452275.html,"Matched: ministry of national defense | signals: commander, weapons",ministry of national defense,financ; killed; reward; topic:ARMEDCONFLICT; topic:MARITIME_PIRACY; topic:MILITARY
alert,KPe.054,MINISTRY OF NATIONAL DEFENCE,DPRK,0.60,,2026-07-10,koreatimes.co.kr,Gwangju Air Base semiconductor hub plan could become new friction point in Korea-US alliance,https://www.koreatimes.co.kr/southkorea/defense/20260710/gwangju-air-base-semiconductor-hub-plan-could-become-new-friction-point-in-korea-us-alliance,Matched: ministry of national defense | signals: designated,ministry of national defense,attack; designat; proces; topic:MILITARY; topic:TAX_MILITARY_TITLE; topic:TAX_MILITARY_TITLE_COMMANDER
alert,KPe.054,MINISTRY OF NATIONAL DEFENCE,DPRK,0.60,,2026-07-10,koreatimes.co.kr,Gwangju air base semiconductor hub plan risks new Korea-US friction,https://www.koreatimes.co.kr/southkorea/defense/20260710/gwangju-air-base-semiconductor-hub-plan-risks-new-korea-us-friction,Matched: ministry of national defense | signals: designated,ministry of national defense,attack; designat; proces; topic:MILITARY; topic:TAX_MILITARY_TITLE; topic:TAX_MILITARY_TITLE_COMMANDER
alert,KPe.054,MINISTRY OF NATIONAL DEFENCE,DPRK,0.60,,2026-07-24,stripes.com,"US, South Korea split on target date for wartime command transfer",https://www.stripes.com/theaters/asia_pacific/2026-07-24/south-korea-wartime-command-transfer-22352282.html,Matched: ministry of national defense | signals: missile,ministry of national defense,financ; killed; missile; nuclear; topic:MILITARY; topic:SLFID_MILITARY_READINESS
alert,KPe.054,MINISTRY OF NATIONAL DEFENCE,DPRK,0.60,,2026-07-30,stripes.com,"South Korean army unit guards DMZ with unloaded weapons, report says",https://www.stripes.com/theaters/asia_pacific/2026-07-30/dmz-machine-guns-south-korea-army-22406275.html,Matched: ministry of national defense | signals: weapons,ministry of national defense,arms; financ; killed; reward; topic:ARMEDCONFLICT; topic:MILITARY
alert,KPe.054,MINISTRY OF NATIONAL DEFENCE,DPRK,0.60,,2026-07-31,presstv.co.uk,North Korea warns US against military expansion in Japan,https://www.presstv.co.uk/Detail/2026/07/31/773457/US-Japan-Korean-Peninsula-North-South-,Matched: ministry of defense | signals: missile,ministry of defense,attack; missile; nuclear; topic:ARMEDCONFLICT; topic:MILITARY; topic:TAX_MILITARY_TITLE
alert,KPe.054,MINISTRY OF NATIONAL DEFENCE,DPRK,0.60,,2026-08-03,koreatimes.co.kr,Defense ministry launches new counterintelligence headquarters,https://www.koreatimes.co.kr/southkorea/defense/20260803/defense-ministry-launches-new-counterintelligence-headquarters,Matched: ministry of national defense | signals: court,ministry of national defense,terror; topic:ARMEDCONFLICT; topic:MILITARY; topic:TAX_FNCACT_MILITARY_OFFICERS
alert,KPe.054,MINISTRY OF NATIONAL DEFENCE,DPRK,0.60,,2026-08-07,stripes.com,North Korea fires first ballistic missile since April,https://www.stripes.com/theaters/asia_pacific/2026-08-06/north-korea-ballistic-missile-launch-22478338.html,Matched: ministry of national defense | signals: missile,ministry of national defense,contraband; killed; missile; reward
alert,KPe.054,MINISTRY OF NATIONAL DEFENCE,DPRK,0.60,,2026-08-11,koreatimes.co.kr,Gwangju Air Base transfer deadline weakens Korea's hand with US,https://www.koreatimes.co.kr/southkorea/defense/20260811/gwangju-air-base-transfer-deadline-weakens-koreas-hand-with-us,Matched: ministry of national defense | signals: trial,ministry of national defense,designat; proces; topic:ARMEDCONFLICT; topic:WB_2432_FRAGILITY_CONFLICT_AND_VIOLENCE; topic:WB_2433_CONFLICT_AND_VIOLENCE
alert,KPe.054,MINISTRY OF NATIONAL DEFENCE,DPRK,0.60,,2026-08-12,stripes.com,"North Korea fires suspected ballistic missile, Japan says",https://www.stripes.com/theaters/asia_pacific/2026-08-11/north-korea-ballistic-missile-launch-22523371.html,"Matched: ministry of defense, ministry of national defense | signals: missile",ministry of defense; ministry of national defense,killed; missile; reward; weapon
alert,KPe.054,MINISTRY OF NATIONAL DEFENCE,DPRK,0.50,,2026-07-24,thetimes.com,"Aion V review &#x2014; plush, yes &#x2026; so why do I feel so uncomfortable?",https://www.thetimes.com/life-style/driving/article/aion-v-review-times-driving-jx8639388,Matched: ministry of defence,ministry of defence,arrest; topic:WB_2432_FRAGILITY_CONFLICT_AND_VIOLENCE
alert,KPe.054,MINISTRY OF NATIONAL DEFENCE,DPRK,0.50,,2026-07-28,londonlovesbusiness.com,Zelensky's biggest gamble yet: Can Ukraine's new defence chief win a war of innovation? - London Business News,https://londonlovesbusiness.com/zelensky-new-defence-minister-ukraine-war-gamble/,Matched: ministry of defence,ministry of defence,attack; killed; missile; nuclear; topic:ARMEDCONFLICT; topic:EXTREMISM
alert,KPe.054,MINISTRY OF NATIONAL DEFENCE,DPRK,0.50,,2026-08-04,nikkei.com,Japan warns Russia-North Korea axis raises regional security threat,https://asia.nikkei.com/politics/defense/japan-warns-russia-north-korea-axis-raises-regional-security-threat,Matched: ministry of defense,ministry of defense,attack; houthi; missile; topic:MILITARY_COOPERATION
alert,KPe.054,MINISTRY OF NATIONAL DEFENCE,DPRK,0.50,,2026-08-06,thediplomat.com,Vietnam to Build Memorial to North Korean War Dead in Country's North &#x2013; The Diplomat,https://thediplomat.com/2026/08/vietnam-to-build-memorial-to-north-korean-war-dead-in-countrys-north/,Matched: ministry of defense,ministry of defense,killed; taliban; topic:ARMEDCONFLICT; topic:KILL; topic:MILITARY; weapon
alert,KPe.054,MINISTRY OF NATIONAL DEFENCE,DPRK,0.50,,2026-08-10,koreatimes.co.kr,"S. Korea, US to hold UFS exercise from Aug. 17",https://www.koreatimes.co.kr/southkorea/defense/20260810/s-korea-us-to-hold-ufs-exercise-from-aug-17,Matched: ministry of national defense,ministry of national defense,topic:MILITARY; topic:TAX_MILITARY_TITLE; topic:TAX_MILITARY_TITLE_SOLDIERS
alert,KPe.054,MINISTRY OF NATIONAL DEFENCE,DPRK,0.50,,2026-08-12,theepochtimes.com,Japan's 2026 Defense White Paper Signals a Harder Line on China,https://www.theepochtimes.com/opinion/japans-2026-defense-white-paper-signals-a-harder-line-on-china-6072026,Matched: ministry of defense,ministry of defense,attack; missile; nuclear; topic:ARMEDCONFLICT; topic:MILITARY; topic:MILITARY_COOPERATION
alert,KPe.054,MINISTRY OF NATIONAL DEFENCE,DPRK,0.50,,2026-08-13,indiatimes.com,Undersea nuclear race: South Korea advances submarine plan as North Korea builds its own,https://timesofindia.indiatimes.com/defence/international/undersea-nuclear-race-south-korea-advances-submarine-plan-as-north-korea-builds-its-own/articleshow/133208460.cms,Matched: ministry of national defense,ministry of national defense,attack; missile; nuclear; proliferat; topic:MILITARY_COOPERATION; topic:TAX_WEAPONS
alert,KPi.024,KIM YONG CHOL,DPRK,0.60,,2026-09-28,flickeringmyth.com,Colony (2026) - 4K Ultra HD Review,https://www.flickeringmyth.com/4k-ultra-hd-review-colony-2026/,Matched: young chul | signals: weapons,young chul,evade; terror; topic:KILL; topic:WB_2432_FRAGILITY_CONFLICT_AND_VIOLENCE; topic:WB_2433_CONFLICT_AND_VIOLENCE; weapon
alert,KPi.038,CHO CHUN RYONG,DPRK,0.80,,2026-09-07,english.news.cn,Destroyer Kang Kon fully commissioned into DPRK navy: KCNA-Xinhua,https://english.news.cn/20260907/35f04babb9084641816955cce830868c/c.html,"Matched: jo chun ryong | signals: committee, democratic people s republic of korea, sec",jo chun ryong,topic:ARMEDCONFLICT; topic:TAX_WEAPONS; topic:TAX_WEAPONS_DESTROYER
alert,KPi.059,KANG CHOL SU,DPRK,0.80,,2026-09-25,koreatimes.co.kr,N. Korean official says S. Korea to become target of 'collective punishment',https://www.koreatimes.co.kr/foreignaffairs/northkorea/20260925/n-korean-official-says-s-korea-to-become-target-of-collective-punishment,"Matched: kang chol su | signals: commander, korea, official",kang chol su,topic:ARMEDCONFLICT; topic:TAX_MILITARY_TITLE; topic:TAX_MILITARY_TITLE_COMMANDER
alert,KPi.059,KANG CHOL SU,DPRK,0.80,,2026-09-25,ibtimes.co.uk,"North Korea Warns South Could Be a 'Decisive Target' if It Becomes US Defence Hub With 28,500 Troops",https://www.ibtimes.co.uk/north-korea-warns-south-korea-us-defence-hub-1822008,"Matched: kang chol su | signals: commander, korea, official",kang chol su,attack; missile; topic:MILITARY_COOPERATION; topic:TAX_FNCACT_MILITARY_LEADERS; topic:TAX_FNCACT_MILITARY_PERSONNEL; weapon
alert,KPi.059,KANG CHOL SU,DPRK,0.80,,2026-09-25,taipeitimes.com,"Vietnam, N Korea to deepen defense ties",https://www.taipeitimes.com/News/world/archives/2026/09/26/2003864934,"Matched: kang chol su | signals: commander, killed, korea",kang chol su,attack; houthi; killed; missile; topic:ARMEDCONFLICT; topic:KILL
alert,KPi.059,KANG CHOL SU,DPRK,0.70,,2026-09-25,moneycontrol.com,North Korea warns South Korea could become 'decisive target' over US-led defence role,https://www.moneycontrol.com/world/north-korea-warns-south-korea-could-become-decisive-target-over-us-led-defence-role-article-14037865.html,"Matched: kang chol su | signals: commander, korea",kang chol su,arrest; attack; financ; missile; topic:ARMEDCONFLICT; topic:SLFID_MILITARY_READINESS
alert,KPi.059,KANG CHOL SU,DPRK,0.70,,2026-09-25,econotimes.com,North Korea Warns South Korea Over US-Led Defense Role,http://www.econotimes.com/North-Korea-Warns-South-Korea-Over-US-Led-Defense-Role-1753026,"Matched: kang chol su | signals: commander, korea",kang chol su,attack; financ; isis; kill; topic:MILITARY_COOPERATION; topic:SOC_POINTSOFINTEREST_MILITARY_BASE
alert,KPi.059,KANG CHOL SU,DPRK,0.60,,2026-09-25,straitstimes.com,North Korea warns South Korea over US defence hub role,https://www.straitstimes.com/asia/north-korea-says-south-korea-a-target-if-it-becomes-us-collective-defence-hub,Matched: kang chol su | signals: korea,kang chol su,nuclear; topic:TAX_FNCACT_MILITARY_PERSONNEL; topic:TAX_MILITARY_TITLE; topic:TAX_MILITARY_TITLE_COMMANDER
alert,LYe.001,LIBYAN INVESTMENT AUTHORITY,Libya,0.90,,2026-07-23,businessday.co.za,SCA hands Legacy Hotels owners victory in battle with Libyan partners,https://www.businessday.co.za/companies/2026-07-23-court-hands-legacy-owners-victory-in-battle-with-libyan-partners/,"Matched: libyan investment authority | signals: libya, sanction, sanctions, security council",libyan investment authority,financ; proces; sanction; security council; topic:SANCTIONS; topic:WB_2432_FRAGILITY_CONFLICT_AND_VIOLENCE
alert,LYe.001,LIBYAN INVESTMENT AUTHORITY,Libya,0.90,,2026-09-29,thenationalnews.com,Middle East firm allowed to seize Libya's oil company assets over $1bn debt,https://www.thenationalnews.com/news/europe/2026/09/29/middle-east-firm-allowed-to-seize-libyas-oil-company-assets-over-1bn-debt/,"Matched: libyan investment authority | signals: court, libya, sanction, sanctions",libyan investment authority,attack; houthi; rebel; sanction; topic:KILL; topic:REBELS
alert,LYe.001,LIBYAN INVESTMENT AUTHORITY,Libya,0.70,,2026-08-31,thenationalnews.com,Syria's Foreign Minister discusses co-operation with Libya as embassy in Tripoli reopens,https://www.thenationalnews.com/news/mena/2026/08/30/syria-libya-civil-war/,"Matched: libyan investment authority | signals: libya, militia",libyan investment authority,militia; terror; topic:ARMEDCONFLICT; topic:MILITARY; topic:REBELLION
alert,LYe.001,LIBYAN INVESTMENT AUTHORITY,Libya,0.60,,2026-08-31,sana.sy,From representation to economic partnership; A new chapter in Syrian-Libyan relations,https://sana.sy/en/politics/2339595/,Matched: libyan investment authority | signals: libya,libyan investment authority,proces; topic:WB_2432_FRAGILITY_CONFLICT_AND_VIOLENCE
alert,LYe.001,LIBYAN INVESTMENT AUTHORITY,Libya,0.60,,2026-09-01,omanobserver.om,OQEP lines up new investments across Oman's upstream sector,https://www.omanobserver.om/article/1195447/business/energy/oqep-lines-up-new-investments-across-omans-upstream-sector,Matched: libyan investment authority | signals: libya,libyan investment authority,conden; financ; topic:TAX_MILITARY_TITLE; topic:TAX_MILITARY_TITLE_OFFICER
alert,LYe.001,LIBYAN INVESTMENT AUTHORITY,Libya,0.60,,2026-09-30,gfmag.com,Gulf Investors Look to Libya and Algeria,https://gfmag.com/capital-raising-corporate-finance/gulf-investors-libya-algeria/,Matched: libyan investment authority | signals: libya,libyan investment authority,financ; militia; topic:ARMEDCONFLICT; topic:WB_2432_FRAGILITY_CONFLICT_AND_VIOLENCE; topic:WB_2433_CONFLICT_AND_VIOLENCE
alert,LYi.018,ABDULLAH AL-SENUSSI,Libya,0.90,,2026-07-16,miragenews.com,ICC Approves First Libya Case for Trial,https://www.miragenews.com/icc-approves-first-libya-case-for-trial-1711691/,"Matched: abdullah al senussi | signals: court, intelligence, libya, trial",abdullah al senussi,arrest; convict; detain; fugitive; topic:ARMEDCONFLICT; topic:ARREST
alert,LYi.023,Ahmad Oumar Imhamad al-Fitouri,Libya,1.00,,2026-08-17,themedialine.org,Turkey's Libya Pivot Forces Israel To Recalculate in the Eastern Mediterranean,https://themedialine.org/top-stories/turkeys-libya-pivot-forces-israel-to-recalculate-in-the-eastern-mediterranean/,"Matched: al dabbashi | signals: commander, dabbashi, killed, libya, militia",al dabbashi,assassinat; attack; bomb; captur; topic:ARMEDCONFLICT; topic:EXTREMISM
alert,LYi.023,Ahmad Oumar Imhamad al-Fitouri,Libya,1.00,,2026-08-18,jpost.com,Turkey expands Libya influence as Fidan meets eastern leader Haftar,http://www.jpost.com/middle-east/article-905829,"Matched: al dabbashi | signals: commander, dabbashi, killed, leader, libya",al dabbashi,assassinat; attack; bomb; captur; topic:ARMEDCONFLICT; topic:EXTREMISM
alert,QDe.001,ABU SAYYAF GROUP,Al-Qaida,0.90,,2026-10-01,manilatimes.net,Female DI-ASG member killed in Basilan clash,https://www.manilatimes.net/2026/10/01/regions/female-di-asg-member-killed-in-basilan-clash/2436992,"Matched: abu sayyaf group | signals: court, killed, trial, wanted",abu sayyaf group,arrest; killed; topic:ARMEDCONFLICT; topic:ARREST; topic:KILL; trial
alert,QDe.001,ABU SAYYAF GROUP,Al-Qaida,0.80,,2026-09-29,manilatimes.net,'Ganarul' Brigade's role in Sulu's historic SIPS status cited,https://www.manilatimes.net/2026/09/30/regions/ganarul-brigades-role-in-sulus-historic-sips-status-cited/2435182,"Matched: abu sayyaf group | signals: commander, smuggl, terror",abu sayyaf group,smuggl; terror; topic:MARITIME_PIRACY; topic:MILITARY; topic:SECURITY_SERVICES; weapon
alert,QDe.001,ABU SAYYAF GROUP,Al-Qaida,0.80,,2026-10-05,sunstar.com.ph,10 government troops wounded in Basilan ambush,https://www.sunstar.com.ph/zamboanga/10-government-troops-wounded-in-basilan-ambush,"Matched: abu sayyaf group | signals: arrest, court, killed",abu sayyaf group,arrest; attack; killed; militia; topic:ARMEDCONFLICT; topic:ARREST
alert,QDe.001,ABU SAYYAF GROUP,Al-Qaida,0.80,,2026-10-06,sunstar.com.ph,DND orders crackdown on lawless elements in Basilan,https://www.sunstar.com.ph/zamboanga/dnd-orders-crackdown-on-lawless-elements-in-basilan,"Matched: abu sayyaf group | signals: arrest, court, killed",abu sayyaf group,arrest; attack; killed; topic:ARMEDCONFLICT; topic:ARREST; topic:KILL
alert,QDe.001,ABU SAYYAF GROUP,Al-Qaida,0.70,,2026-08-02,philstar.com,Abu Sayaff supporters surrender to reservist group officials,https://www.philstar.com/nation/2026/08/02/2546491/abu-sayaff-supporters-surrender-reservist-group-officials,"Matched: abu sayyaf group | signals: philippines, trial",abu sayyaf group,armed group; arrest; proces; rebel; topic:ARMEDCONFLICT; topic:MILITARY
alert,QDe.001,ABU SAYYAF GROUP,Al-Qaida,0.70,,2026-08-02,philstar.com,Abu Sayaff supporters surrender to ARRAPI reservist group officials,https://www.philstar.com/nation/2026/08/02/2546491/abu-sayaff-supporters-surrender-arrapi-reservist-group-officials,"Matched: abu sayyaf group | signals: philippines, trial",abu sayyaf group,armed group; arrest; attack; detain; topic:ARMEDCONFLICT; topic:MILITARY
alert,QDe.001,ABU SAYYAF GROUP,Al-Qaida,0.70,,2026-09-25,manilatimes.net,Teodoro bats for devt to sustain peace in Sulu,https://www.manilatimes.net/2026/09/26/regions/teodoro-bats-for-devt-to-sustain-peace-in-sulu/2433100,"Matched: abu sayyaf group | signals: insurgent, philippines",abu sayyaf group,extremis; insurg; topic:ARMEDCONFLICT; topic:EXTREMISM; topic:INSURGENCY; weapon
alert,QDe.001,ABU SAYYAF GROUP,Al-Qaida,0.60,,2026-07-13,rappler.com,"AFP begins crackdown on Abu Sayyaf remnants, BIFF ahead of BARMM gun ban",https://www.rappler.com/philippines/mindanao/afp-crackdown-abu-sayyaf-remnants-biff-ahead-barmm-gun-ban/,Matched: abu sayyaf group | signals: commander,abu sayyaf group,armed group; arrest; bomb; convict; topic:ARMEDCONFLICT; topic:SECURITY_SERVICES
alert,QDe.003,EGYPTIAN ISLAMIC JIHAD,Al-Qaida,1.00,,2026-08-13,miragenews.com,"UNSC Updates Four ISIL, Al-Qaida Sanctions Entries",https://www.miragenews.com/unsc-updates-four-isil-al-qaida-sanctions-1727060/,"Matched: jihad group | signals: al qaida, interpol, isil, jihad, sanction",jihad group,al qaida; arms; designat; interpol; isil; sanction
alert,QDe.003,EGYPTIAN ISLAMIC JIHAD,Al-Qaida,1.00,,2026-09-10,irishecho.com,"FBI terrorism expert O'Neill was driven, complex, brilliant",https://www.irishecho.com/2026/9/fbi-s-o-neill-was-driven-complex-brilliant,"Matched: al jihad, egyptian islamic jihad | signals: al qaeda, isis, jihad, killed, terror",al jihad; egyptian islamic jihad,al qaeda; attack; bomb; bombing; terror; topic:WB_2432_FRAGILITY_CONFLICT_AND_VIOLENCE
alert,QDe.003,EGYPTIAN ISLAMIC JIHAD,Al-Qaida,0.80,,2026-09-11,dailycaller.com,Chilling CIA Docs Show The Warnings About A Terror Plot That Preceded 9/11,https://dailycaller.com/2026/09/11/decalssified-memos-september-11th-cia-osama-bin-laden/,"Matched: egyptian islamic jihad | signals: jihad, terror, terrorist",egyptian islamic jihad,arrest; attack; bombing; captur; terror; topic:ARMEDCONFLICT
alert,QDe.003,EGYPTIAN ISLAMIC JIHAD,Al-Qaida,0.80,,2026-09-12,valleynewslive.com,CIA declassifies 71 presidential briefings tied to Osama bin Laden & al Qaeda on the 25th anniversary of 9/11,https://www.valleynewslive.com/2026/09/12/cia-declassifies-71-presidential-briefings-tied-911-25th-anniversary/,"Matched: egyptian islamic jihad | signals: al qaeda, jihad, trial",egyptian islamic jihad,al qaeda; al qaida; arrest; attack; topic:ARMEDCONFLICT; topic:ARREST
alert,QDe.003,EGYPTIAN ISLAMIC JIHAD,Al-Qaida,0.70,,2026-09-10,washingtonexaminer.com,What does al Qaeda want?,http://www.washingtonexaminer.com/in_focus/4711680/what-does-al-qaeda-want-25-years-after-sept-11/,"Matched: egyptian islamic jihad | signals: al qaeda, jihad",egyptian islamic jihad,al qaeda; assassinat; attack; bombing; topic:ARMEDCONFLICT; topic:ARREST
alert,QDe.003,EGYPTIAN ISLAMIC JIHAD,Al-Qaida,0.70,,2026-10-06,pjmedia.com,Weapons of Mass Distraction: The Mid-Term Panic Machine revs up right on schedule,https://pjmedia.com/eric-florack/2026/10/06/dailyweapons-of-mass-distraction-the-mid-term-panic-machine-revs-up-right-on-schedule-n4958014,"Matched: egyptian islamic jihad | signals: jihad, weapons",egyptian islamic jihad,assassinat; attack; convict; jihad; weapon
alert,QDe.003,EGYPTIAN ISLAMIC JIHAD,Al-Qaida,0.60,,2026-10-06,mymotherlode.com,"Today in History: October 6, Anwar Sadat assassinated",https://mymotherlode.com/news/world/11197920/today-in-history-october-6-anwar-sadat-assassinated.html,Matched: egyptian islamic jihad | signals: jihad,egyptian islamic jihad,arrest; assassinat; attack; jihad
alert,QDe.003,EGYPTIAN ISLAMIC JIHAD,Al-Qaida,0.60,,2026-10-06,vintonjacksoncourier.com,Today in History: Oct. 6,https://www.vintonjacksoncourier.com/news/today-in-history-oct-6/article_d95c7dce-1400-4517-b778-d2ac836607fb.html,Matched: egyptian islamic jihad | signals: jihad,egyptian islamic jihad,attack; jihad; topic:ARMEDCONFLICT; topic:JIHAD; topic:TAX_TERROR_GROUP
alert,QDe.003,EGYPTIAN ISLAMIC JIHAD,Al-Qaida,0.60,,2026-10-06,devilslakejournal.com,Today in History: Oct. 6 &#x2013;&#x9;Anwar Sadat assassinated,https://www.devilslakejournal.com/news/14717/today-in-history-oct-6-anwar-sadat-assassinated/,Matched: egyptian islamic jihad | signals: jihad,egyptian islamic jihad,arrest; assassinat; attack; jihad
alert,QDe.004,AL-QAIDA,Al-Qaida,1.00,,2026-08-13,miragenews.com,"UNSC Updates Four ISIL, Al-Qaida Sanctions Entries",https://www.miragenews.com/unsc-updates-four-isil-al-qaida-sanctions-1727060/,"Matched: al qaida | signals: al qaida, isil, sanction, sanctions, security council",al qaida,al qaida; arms; designat; interpol; isil; sanction
alert,QDe.004,AL-QAIDA,Al-Qaida,1.00,,2026-08-31,el-balad.com,"Al Qaeda Killed More Than 3,000 On Sept. 11, 2001 &#x2014; How Many People Died In 9/11",https://www.el-balad.com/17047338,"Matched: al qaeda | signals: al qaeda, killed, missile, terror, terrorist",al qaeda,al qaeda; attack; killed; killing; topic:ARMEDCONFLICT; topic:KILL
alert,QDe.004,AL-QAIDA,Al-Qaida,1.00,,2026-09-04,presstv.co.uk,Trump lifts sanctions on notorious Al Qaeda figures as America prepares for 25th anniversary of 9/11 Day,https://www.presstv.co.uk/Detail/2026/09/04/775682/Trump-lifts-sanctions-on-top-Al-Qaeda-recruiters-financiers-as-America-prepares-for-25th-anniversary-of-9-11-Day,"Matched: al qaeda | signals: al qaeda, sanction, sanctions, terror, terrorist",al qaeda,al qaeda; attack; bombing; daesh; sanction; topic:ARMEDCONFLICT
alert,QDe.004,AL-QAIDA,Al-Qaida,1.00,,2026-09-04,miragenews.com,"UNSC Updates ISIL, Al-Qaida Sanctions List 5 September",https://www.miragenews.com/unsc-updates-isil-al-qaida-sanctions-list-5-1739278/,"Matched: al qaida | signals: al qaida, isil, sanction, sanctions, security council",al qaida,al qaida; arms; designat; financ; isil; sanction
alert,QDe.004,AL-QAIDA,Al-Qaida,1.00,,2026-09-11,oneindia.com,25 years After 9/11: Al-Qaeda Weakened But Not Gone,https://www.oneindia.com/international/25-years-after-9-11-al-qaeda-weakened-but-not-gone-8202027.html,"Matched: al qaeda, the base | signals: al qaeda, designated, jihad, sanction, sanctions",al qaeda; the base,al qaeda; attack; designat; explosive; topic:ARMEDCONFLICT; topic:EXTREMISM
alert,QDe.004,AL-QAIDA,Al-Qaida,1.00,,2026-09-17,ianslive.in,India denounces Pakistan over aiding 'worst of humanity' 9/11 al-Qaida terror leaders,https://ianslive.in/india-denounces-pakistan-for-aiding-worst-of-humanity-911-al-qaida-terror-leaders--20260917083303,"Matched: al qaeda, al qaida | signals: al qaida, killed, security council, terror, terrorist",al qaeda; al qaida,al qaeda; al qaida; attack; captur; terror; topic:ARMEDCONFLICT
alert,QDe.004,AL-QAIDA,Al-Qaida,0.90,,2026-08-07,rediff.com,"Maharashtra Bans ISIS, Al Qaeda Literature To Combat Radicalisation",https://www.rediff.com/news/report/maharashtra-bans-isis-al-qaeda-literature-to-combat-radicalisation/20260807.htm,"Matched: al qaeda | signals: al qaeda, isis, terror, terrorist",al qaeda,al qaeda; arrest; extremis; isil; isis; radicali
alert,QDe.004,AL-QAIDA,Al-Qaida,0.90,,2026-08-17,ianslive.in,Bengal STF arrests two youths for trying to create jihadi module on lines of Al Qaeda,https://ianslive.in/west-bengal-stf-arrest-two-youths-from-south-24-parganas-for-trying-to-create-a-jihadi-module-on-the-lines-of-al-qaeda--20260817124421,"Matched: al qaeda | signals: al qaeda, arrest, arrested, jihad",al qaeda,al qaeda; arrest; jaish; jihad; topic:ARMEDCONFLICT; topic:ARREST
alert,QDe.004,AL-QAIDA,Al-Qaida,0.90,,2026-09-11,themunicheye.com,25 Years After 9/11: Al-Qaeda Diminished but Still Active Worldwide,https://themunicheye.com/breaking-news/25-years-after-9-11-al-qaeda-diminished-but-still-active-worldwide-838,"Matched: al qaeda, the base | signals: al qaeda, designated, frozen, treasury",al qaeda; the base,al qaeda; attack; designat; extremis; topic:ARMEDCONFLICT; topic:EXTREMISM
alert,QDe.004,AL-QAIDA,Al-Qaida,0.90,,2026-07-28,elfinanciero.com.mx,EU compara a los c&#xE1;rteles mexicanos con ISIS y Al Qaeda; acusa que controlan territorio nacional,https://www.elfinanciero.com.mx/mundo/2026/07/28/eu-compara-a-los-carteles-mexicanos-con-isis-y-al-qaeda-acusa-que-controlan-territorio-nacional/,"Matched: al qaeda | signals: al qaeda, isis, terror, terrorist",al qaeda,al qaeda; detenid; financ; isis; topic:ARMEDCONFLICT; topic:KIDNAP
alert,QDe.004,AL-QAIDA,Al-Qaida,0.80,,2026-07-19,express.co.uk,Terrorist's son launches bid to return to UK after 'fighting for Al Qaeda' | UK | News,https://www.express.co.uk/news/uk/2230795/terrorists-son-return-uk-fighting-al-qaeda,"Matched: al qaeda | signals: al qaeda, terror, terrorist",al qaeda,al qaeda; arrest; convict; extradi; terror; topic:ARMEDCONFLICT
alert,QDe.004,AL-QAIDA,Al-Qaida,0.80,,2026-07-30,middle-east-online.com,"AI is reshaping terrorist playbook, from Islamic State to al-Qaeda",https://www.middle-east-online.com/en/ai-reshaping-terrorist-playbook-islamic-state-al-qaeda,"Matched: al qaeda | signals: al qaeda, terror, terrorist",al qaeda,al qaeda; islamic state; terror; topic:ARMEDCONFLICT; topic:EXTREMISM; topic:SANCTIONS
alert,QDe.004,AL-QAIDA,Al-Qaida,0.80,,2026-09-09,pjmedia.com,Al Qaeda Had a Nuclear Follow Up to the 9/11 Attack,https://pjmedia.com/victoria-taft/2026/09/09/the-bigger-terrorist-plot-planned-for-after-911-attacks-n4956987,"Matched: al qaeda | signals: al qaeda, terror, terrorist",al qaeda,al qaeda; attack; bomb; bombing; nuclear; topic:ARMEDCONFLICT
alert,QDe.004,AL-QAIDA,Al-Qaida,0.80,,2026-09-11,dankennedy.net,Al Qaeda &#x2013; Media Nation,https://dankennedy.net/tag/al-qaeda/,"Matched: al qaeda | signals: al qaeda, terror, terrorist",al qaeda,al qaeda; assassinat; attack; bomb
alert,QDe.004,AL-QAIDA,Al-Qaida,0.80,,2026-09-17,orissapost.com,"India denounces Pakistan over links with al-Qaida, 9/11 terrorists",https://www.orissapost.com/india-denounces-pakistan-over-links-with-al-qaida-9-11-terrorists/,"Matched: al qaeda, al qaida | signals: al qaida, terror, terrorist",al qaeda; al qaida,al qaeda; al qaida; attack; captur; terror; topic:ARMEDCONFLICT
alert,QDe.004,AL-QAIDA,Al-Qaida,0.80,,2026-09-17,victorygirlsblog.com,"Leftwinger Hasan Piker Claims America ""More Terrorist"" Than Al-Qaeda",https://victorygirlsblog.com/leftwinger-hasan-piker-claims-america-more-terrorist-than-al-qaeda/,"Matched: al qaeda | signals: al qaeda, terror, terrorist",al qaeda,al qaeda; attack; hamas; terror; topic:EXTREMISM; topic:KILL
alert,QDe.004,AL-QAIDA,Al-Qaida,0.80,,2026-10-03,dailymail.com,British-educated Flydubai terrorist was found with Al Qaeda propaganda and plans to target Israeli planes three years ago - but was still allowed to fly,https://www.dailymail.com/news/article-16180447/FlyDubai-pilot-al-Qaeda-planes-Israel.html,"Matched: al qaeda | signals: al qaeda, terror, terrorist",al qaeda,al qaeda; terror; topic:ARMEDCONFLICT; topic:EXTREMISM; topic:JIHAD
alert,QDe.004,AL-QAIDA,Al-Qaida,0.80,,2026-10-04,wn.com,"Evil America will end: Al Qaeda praises flydubai incident; calls for similar attacks on US, ...",https://article.wn.com/view/2026/10/04/Evil_America_will_end_Al_Qaeda_praises_flydubai_incident_cal/,"Matched: al qaeda | signals: al qaeda, rebel, terror",al qaeda,al qaeda; attack; rebel; terror; topic:PIRACY; topic:TAX_TERROR_GROUP
alert,QDe.004,AL-QAIDA,Al-Qaida,0.80,,2026-10-04,israelnationalnews.com,Al Qaeda calls for copycats after attempted hijacking,https://www.israelnationalnews.com/news/434067,"Matched: al qaeda | signals: al qaeda, terror, terrorist",al qaeda,al qaeda; attack; terror; topic:ARMEDCONFLICT; topic:TAX_MILITARY_TITLE; topic:TAX_MILITARY_TITLE_CAPTAIN
alert,QDe.004,AL-QAIDA,Al-Qaida,0.80,,2026-10-04,wn.com,"'Evil America Will End': Al Qaeda Calls For Similar Attacks, Praises Flydubai Incident",https://article.wn.com/view/2026/10/04/Evil_America_Will_End_Al_Qaeda_Calls_For_Similar_Attacks_Pra/,"Matched: al qaeda | signals: al qaeda, rebel, terror",al qaeda,al qaeda; attack; rebel; terror; topic:PIRACY; topic:TAX_TERROR_GROUP
alert,QDe.004,AL-QAIDA,Al-Qaida,0.80,,2026-10-04,pjmedia.com,"9/11 2.0? Al-Qaeda Praises FlyDubai Hijacker, Calls for Hijacking U.S. Planes",https://pjmedia.com/catherinesalgado/2026/10/04/al-qaeda-praises-flydubai-hijacker-calls-for-hijacking-us-planes-n4957949,"Matched: al qaeda | signals: al qaeda, terror, terrorist",al qaeda,al qaeda; attack; jihad; killing; topic:ARMEDCONFLICT; topic:EXTREMISM
alert,QDe.004,AL-QAIDA,Al-Qaida,0.80,,2026-07-12,dw.com,&#xBF;Y si Al Qaeda usa la IA para organizar ataques terroristas?,https://www.dw.com/es/y-si-al-qaeda-usa-la-ia-para-organizar-ataques-terroristas/a-77919745,"Matched: al qaeda | signals: al qaeda, terror, terrorist",al qaeda,al qaeda; armas; ataque; atentado; terror; topic:ARMEDCONFLICT
alert,QDe.004,AL-QAIDA,Al-Qaida,0.80,,2026-07-15,globo.com,Opera&#xE7;&#xE3;o Hawala: Lavagem de R$ 100 mi e conex&#xE3;o com Al-Qaeda,https://g1.globo.com/rj/rio-de-janeiro/noticia/2026/07/15/policia-civil-e-mprj-deflagram-a-operacao-hawala.ghtml,"Matched: al qaeda | signals: al qaeda, terror, terrorist",al qaeda,al qaeda; ataque; bom; financ; lavagem; topic:ARMEDCONFLICT
alert,QDe.004,AL-QAIDA,Al-Qaida,0.80,,2026-07-15,jornaldebrasilia.com.br,Grupo que lavou R$ 100 milh&#xF5;es para PCC e CV &#xE9; alvo de opera&#xE7;&#xE3;o; pol&#xED;cia apura elo com Al-Qaeda,https://jornaldebrasilia.com.br/noticias/brasil/grupo-que-lavou-r-100-milhoes-para-pcc-e-cv-e-alvo-de-operacao-policia-apura-elo-com-al-qaeda/,"Matched: al qaeda | signals: al qaeda, terror, terrorist",al qaeda,al qaeda; contraband; detid; financ; topic:ARMEDCONFLICT; topic:ECON_MONEYLAUNDERING
alert,QDe.004,AL-QAIDA,Al-Qaida,0.80,,2026-07-16,alertadigital.com,La Polic&#xED;a Nacional detiene en Melilla a un integrante de la organizaci&#xF3;n terrorista Al Qaeda,https://www.alertadigital.com/2026/07/16/la-policia-nacional-detiene-en-melilla-a-un-integrante-de-la-organizacion-terrorista-al-qaeda/,"Matched: al qaeda | signals: al qaeda, terror, terrorist",al qaeda,al qaeda; arrest; detenid; financ; terror; topic:ARMEDCONFLICT
alert,QDe.004,AL-QAIDA,Al-Qaida,0.80,,2026-07-18,lanacion.com.ar,Una investigaci&#xF3;n de lavado en la Triple Frontera une al PCC con el financiamiento de Hezbollah y Al Qaeda,https://www.lanacion.com.ar/seguridad/una-investigacion-de-lavado-en-la-triple-frontera-une-al-pcc-con-el-financiamiento-de-hezbollah-y-al-nid18072026/,"Matched: al qaeda | signals: al qaeda, terror, terrorist",al qaeda,acusad; al qaeda; armas; atentado; financ; hezbollah
alert,QDe.004,AL-QAIDA,Al-Qaida,0.80,,2026-07-22,biobiochile.cl,EEUU analiza lanzar una ofensiva militar en Mali para aniquilar a grupo terrorista ligado a Al Qaeda | Internacional,https://www.biobiochile.cl/noticias/internacional/africa/2026/07/22/eeuu-analiza-lanzar-una-ofensiva-militar-en-mali-para-aniquilar-a-grupo-terrorista-ligado-a-al-qaeda.shtml,"Matched: al qaeda | signals: al qaeda, terror, terrorist",al qaeda,al qaeda; ataque; atentado; isis; terror; topic:ARMEDCONFLICT
alert,QDe.004,AL-QAIDA,Al-Qaida,0.80,,2026-08-13,larazon.es,Al Qaeda refuerza sus redes en el sur de Asia: la ONU se&#xF1;ala al grupo por el atentado de Nueva Delhi,https://www.larazon.es/internacional/qaeda-refuerza-sus-redes-sur-asia-onu-senala-grupo-atentado-nueva-delhi_202608136a7d8aad71b42a0b5decdee3.html,"Matched: al qaeda | signals: al qaeda, terror, terrorist",al qaeda,acusad; al qaeda; ataque; atentado; topic:ARMEDCONFLICT; topic:ARREST
alert,QDe.004,AL-QAIDA,Al-Qaida,0.70,,2026-07-21,rightspeak.net,RIGHT SPEAK: 2 Million Muslims in America Support Hamas: As Many as 1 Million May Support Al Qaeda and ISIS,http://www.rightspeak.net/2026/07/2-million-muslims-in-america-support.html,"Matched: al qaeda | signals: al qaeda, isis",al qaeda,al qaeda; attack; financ; hamas; isis; topic:ARMEDCONFLICT
alert,QDe.004,AL-QAIDA,Al-Qaida,0.70,,2026-08-03,garoweonline.com,AFRICOM Says Al-Shabaab Funnels Part of Its Revenue to Al-Qaeda Network,https://www.garoweonline.com/en/news/somalia/africom-says-al-shabaab-funnels-part-of-its-revenue-to-al-qaeda-network,"Matched: al qaeda | signals: al qaeda, al shabaab",al qaeda,al qaeda; attack; extremis; insurg; shabaab; topic:ARMEDCONFLICT
alert,QDe.004,AL-QAIDA,Al-Qaida,0.70,,2026-08-07,newsx.com,"Maharashtra Bans 114 Radical Publications Linked To ISIS, Al Qaeda: What Was Found In The Propaganda Material?",https://www.newsx.com/india/maharashtra-bans-114-radical-publications-linked-to-isis-al-qaeda-what-was-found-in-the-propaganda-material-257810/,"Matched: al qaeda | signals: al qaeda, isis",al qaeda,al qaeda; isis; topic:ARMEDCONFLICT; topic:EXTREMISM; topic:TAX_MILITARY_TITLE
alert,QDe.004,AL-QAIDA,Al-Qaida,0.70,,2026-09-08,rferl.org,From Al-Qaeda To Lone Wolves And AI: How Terrorism Has Changed Since 9/11,https://www.rferl.org/a/al-qaeda-terrorism-counterterrorism-25-years/33846520.html,"Matched: al qaeda | signals: al qaeda, terror",al qaeda,al qaeda; attack; captur; designat; terror; topic:ARMEDCONFLICT
alert,QDe.004,AL-QAIDA,Al-Qaida,0.70,,2026-09-09,eurasiareview.com,From Al-Qaeda To Lone Wolves And AI: How Terrorism Has Changed Since 9/11 - Analysis,https://www.eurasiareview.com/09092026-from-al-qaeda-to-lone-wolves-and-ai-how-terrorism-has-changed-since-9-11-analysis/,"Matched: al qaeda | signals: al qaeda, terror",al qaeda,al qaeda; terror; topic:ARMEDCONFLICT; topic:ARREST; topic:EXTREMISM
alert,QDe.004,AL-QAIDA,Al-Qaida,0.70,,2026-09-11,el-balad.com,"Afghanistan United Front launches more than one attack a day, Al-qaeda alarms grow",https://www.el-balad.com/17050329,"Matched: al qaeda | signals: al qaeda, taliban",al qaeda,al qaeda; armed group; attack; extremis; topic:ARMEDCONFLICT; topic:EXTREMISM
alert,QDe.004,AL-QAIDA,Al-Qaida,0.70,,2026-09-16,theguardian.com,Al-Qaida and IS-linked violence in Africa's Sahel belt set to hit record levels this year | Africa,https://www.theguardian.com/world/2026/sep/16/al-qaida-and-is-linked-violence-in-africas-sahel-belt-set-to-hit-record-levels-this-year,"Matched: al qaida | signals: al qaida, al shabaab",al qaida,al qaida; attack; extremis; islamic state; topic:ARMEDCONFLICT; topic:EXTREMISM
alert,QDe.004,AL-QAIDA,Al-Qaida,0.70,,2026-09-16,aol.co.uk,Al-Qaida and IS-linked violence in Africa's Sahel belt set to hit record levels this year,https://www.aol.co.uk/articles/al-qaida-linked-violence-africa-060012000.html,"Matched: al qaida | signals: al qaida, al shabaab",al qaida,al qaida; attack; extremis; islamic state; topic:ARMEDCONFLICT; topic:EXTREMISM
alert,QDe.004,AL-QAIDA,Al-Qaida,0.70,,2026-09-17,nypost.com,Far-left streamer Hasan Piker says US commits 'pound for pound' more terrorism than Al Qaeda,https://nypost.com/2026/09/17/us-news/far-left-streamer-hasan-piker-says-us-commits-pound-for-pound-more-terrorism-than-al-qaeda/,"Matched: al qaeda | signals: al qaeda, terror",al qaeda,al qaeda; attack; hamas; killed; terror; topic:ARMEDCONFLICT
alert,QDe.004,AL-QAIDA,Al-Qaida,0.70,,2026-09-19,newsweek.com,What Is Terrorism? Hasan Piker's Controversial Al-Qaeda Remarks Dissected,https://www.newsweek.com/what-is-terrorism-hasan-pikers-controversial-al-qaeda-remarks-dissected-12462410,"Matched: al qaeda | signals: al qaeda, terror",al qaeda,al qaeda; attack; bombing; captur; terror; topic:ARMEDCONFLICT
alert,QDe.004,AL-QAIDA,Al-Qaida,0.70,,2026-10-03,organiser.org,Flydubai Terror Attack: Co-pilot Al-Hammami has Al Qaeda link,https://organiser.org/2026/10/03/384200/world/flydubai-attack-who-is-co-pilot-hamam-al-hammami-al-qaeda-link-syrian-roots-linkedin-profile-reveal-terror-motives/,"Matched: al qaeda | signals: al qaeda, terror",al qaeda,al qaeda; attack; terror; topic:ARMEDCONFLICT; topic:EXTREMISM; topic:SUICIDE_ATTACK
alert,QDe.004,AL-QAIDA,Al-Qaida,0.70,,2026-10-03,nypost.com,Al Qaeda calls for copycats to target US citizens on planes while praising Dubai flight hijacker,https://nypost.com/2026/10/03/world-news/al-qaeda-calls-for-copycats-to-target-us-citizens-on-planes-while-praising-dubai-flight-hijacker/,"Matched: al qaeda, al qaida | signals: al qaeda, terror",al qaeda; al qaida,al qaeda; al qaida; attack; bombing; topic:ARMEDCONFLICT; topic:ARREST
alert,QDe.004,AL-QAIDA,Al-Qaida,0.70,,2026-10-04,businesstoday.in,"Flydubai flight hijack plot: Terror group Al Qaeda hails incident, calls for copycat hijackings",https://www.businesstoday.in/world/story/flydubai-flight-hijack-plot-terror-group-al-qaeda-hails-incident-calls-for-copycat-hijackings-559369-2026-10-04,"Matched: al qaeda | signals: al qaeda, terror",al qaeda,al qaeda; attack; extremis; financ; terror; topic:ARMEDCONFLICT
alert,QDe.004,AL-QAIDA,Al-Qaida,0.70,,2026-10-04,organiser.org,Flydubai Terror: Al Qaeda hails Omani pilot; Urges copycat attacks,https://organiser.org/2026/10/04/384347/world/flydubai-terror-al-qaeda-hails-omani-pilot-declares-war-isnt-over-urges-9-11-style-attacks-on-enemies-of-islam/,"Matched: al qaeda | signals: al qaeda, terror",al qaeda,al qaeda; attack; terror; topic:ARMEDCONFLICT; topic:ARREST; topic:EXTREMISM
alert,QDe.004,AL-QAIDA,Al-Qaida,0.70,,2026-07-15,larazon.es,Detenido un miembro de Al Qaeda en Melilla que intentaba crear una infraestructura y presencia en la ciudad,https://www.larazon.es/economia/detenido-miembro-qaeda-melilla-que-intentaba-crear-infraestructura-presencia-ciudad_202607156a5756510500ab412c963bbb.html,"Matched: al qaeda | signals: al qaeda, terror",al qaeda,al qaeda; armas; arrest; atentado; detenid; topic:ARMEDCONFLICT
alert,QDe.004,AL-QAIDA,Al-Qaida,0.70,,2026-07-15,internazionale.it,"Brazil charges 22 with laundering $20 million for gangs, probes possible al Qaeda link",https://www.internazionale.it/ultime-notizie-reuters/2026/07/15/twenty-two-charged-in-brazil-with-money-laundering-for-crime-gangs,"Matched: al qaeda | signals: al qaeda, launder",al qaeda,al qaeda; arrest; charged; designat; launder; topic:ARMEDCONFLICT
alert,QDe.004,AL-QAIDA,Al-Qaida,0.70,,2026-07-28,nortedigital.mx,Asesor de Trump equipara a c&#xE1;rteles mexicanos con ISIS y Al Qaeda,https://nortedigital.mx/asesor-de-trump-equipara-a-carteles-mexicanos-con-isis-y-al-qaeda/,"Matched: al qaeda | signals: al qaeda, isis",al qaeda,al qaeda; isis; lavado; secuestr; topic:ARMEDCONFLICT; topic:KILL
alert,QDe.004,AL-QAIDA,Al-Qaida,0.70,,2026-07-28,cnn.com,"Gobierno de Trump compara a carteles mexicanos con ISIS y Al Qaeda. Sheinbaum dice que EE.UU. ""tiene que mirarse a s&#xED; mismo""",http://cnnespanol.cnn.com/2026/07/28/mexico/trump-carteles-mexicanos-isis-al-qaeda-sheinbaum-eeuu-orix,"Matched: al qaeda | signals: al qaeda, isis",al qaeda,al qaeda; ataque; extremis; isis; topic:ARMEDCONFLICT; topic:ECON_MONEYLAUNDERING
alert,QDe.004,AL-QAIDA,Al-Qaida,0.70,,2026-07-28,intoleranciadiario.com,"C&#xE1;rteles mexicanos, amenaza comparable a la de ISIS y Al Qaeda: Stephen Miller",https://intoleranciadiario.com/articles/internacional/2026/07/28/1055851-en-tepatlaxco-continua-la-limpieza-y-desazolve.html,"Matched: al qaeda | signals: al qaeda, isis",al qaeda,al qaeda; ataque; financ; isis; topic:ARMEDCONFLICT; topic:KIDNAP
alert,QDe.004,AL-QAIDA,Al-Qaida,0.70,,2026-08-09,larazon.es,Dudas sobre el liderazgo de Al Qaeda en el Sahel,https://www.larazon.es/internacional/dudas-liderazgo-qaeda-sahel_202608096a78b07ea046ad6ebca7e873.html,"Matched: al qaeda | signals: al qaeda, terror",al qaeda,al qaeda; ataque; jnim; militan; topic:ARMEDCONFLICT; topic:TAX_TERROR_GROUP
alert,QDe.004,AL-QAIDA,Al-Qaida,0.70,,2026-08-13,bhaskar.com,UN Report on Red Fort Blast | Al-Qaeda AQIS Role & Terror Network Exposed,https://www.bhaskar.com/g/international/news/un-report-red-fort-blast-al-qaeda-aqis-investigation-update-138713345.html,"Matched: al qaeda | signals: al qaeda, terror",al qaeda,al qaeda; terror; topic:ARMEDCONFLICT; topic:ARREST; topic:EXTREMISM
alert,QDe.004,AL-QAIDA,Al-Qaida,0.60,,2026-07-10,presstv.ir,"Mali says Ukraine training, arming Al-Qaeda-linked militants in Sahel",https://www.presstv.ir/Detail/2026/07/10/771986/Malian-authorities-accuse-Ukraine-of-training-and-arming-Al-Qaeda-linked-militants-in-the-Sahel,Matched: al qaeda | signals: al qaeda,al qaeda,al qaeda; attack; extremis; insurg; militan; topic:ARMEDCONFLICT
alert,QDe.004,AL-QAIDA,Al-Qaida,0.60,,2026-07-18,dailymail.com,Hate cleric Abu Hamza's son launches legal bid to return to Britain after allegedly fighting for Al Qaeda in Syria,https://www.dailymail.com/news/article-15987669/Hate-cleric-Abu-Hamzas-son-launches-legal-bid-return-UK-denies-fighting-Al-Qaeda-Syria.html,Matched: al qaeda | signals: al qaeda,al qaeda,al qaeda; topic:ARMEDCONFLICT; topic:ARREST; topic:EXTREMISM
alert,QDe.004,AL-QAIDA,Al-Qaida,0.60,,2026-07-21,prokerala.com,"Al Qaeda, Islamic State join hands to expand online radicalisation in South India",https://www.prokerala.com/news/articles/a1790555.html,Matched: al qaeda | signals: al qaeda,al qaeda,al qaeda; islamic state; radicali; topic:EXTREMISM; topic:SECURITY_SERVICES; topic:TAX_TERROR_GROUP
alert,QDe.004,AL-QAIDA,Al-Qaida,0.60,,2026-08-13,indiatimes.com,Al-Qaida offshoot AQIS behind Red Fort blast in 2025: UNSC report confirms,https://timesofindia.indiatimes.com/india/al-qaida-offshoot-aqis-behind-red-fort-blast-in-2025-unsc-report-confirms/articleshow/133197551.cms,Matched: al qaida | signals: al qaida,al qaida,al qaida; attack; bounty; extradi; topic:ARMEDCONFLICT; topic:KILL
alert,QDe.004,AL-QAIDA,Al-Qaida,0.60,,2026-08-13,keralakaumudi.com,"Red Fort attack officially attributed to Al-Qaeda, says UN, sleeping cells in Bangladesh",https://keralakaumudi.com/en/en/india/general/red-fort-attack-officially-attributed-to-al-qaeda-says-un-sleeping-cells-in-bangladesh-1791351,Matched: al qaeda | signals: al qaeda,al qaeda,al qaeda; attack; topic:ARMEDCONFLICT; topic:ARREST; topic:KILL
alert,QDe.004,AL-QAIDA,Al-Qaida,0.60,,2026-08-15,yahoo.com,"A $50 million hostage ransom funded al Qaeda's Mali offensive, UN says",https://www.yahoo.com/news/articles/50-million-hostage-ransom-funded-231716697.html,Matched: al qaeda | signals: al qaeda,al qaeda,al qaeda; hostage; topic:ARMEDCONFLICT; topic:EXTREMISM; topic:INSURGENCY
alert,QDe.004,AL-QAIDA,Al-Qaida,0.60,,2026-08-27,newsweek.com,"As 9/11 Neared, Al-Qaeda Prepared a Second Attack on America",https://www.newsweek.com/9-11-al-qaeda-second-attack-america-boeing-cockpit-12249460,Matched: al qaeda | signals: al qaeda,al qaeda,al qaeda; attack; financ; terror; topic:ARMEDCONFLICT; topic:ARREST
alert,QDe.004,AL-QAIDA,Al-Qaida,0.60,,2026-08-31,sacurrent.com,Assclown Alert: Calling out James Talarico as a 'backdoor to Al Qaeda' with Texas pastor Lance Wallnau,https://www.sacurrent.com/news/assclown-alert/assclown-alert-calling-out-james-talarico-as-a-backdoor-to-al-qaeda-with-texas-pastor-lance-wallnau/,Matched: al qaeda | signals: al qaeda,al qaeda,al qaeda; captur; extremis; topic:EXTREMISM; topic:TAX_TERROR_GROUP; topic:TAX_TERROR_GROUP_AL_QAEDA
alert,QDe.004,AL-QAIDA,Al-Qaida,0.60,,2026-09-04,newsweek.com,"Al-Qaeda Isn't Afraid to Kill Americans, a Memo Warned One Week Before 9/11",https://www.newsweek.com/al-qaeda-memo-richard-clarke-terrorism-9-11-12253319,Matched: al qaeda | signals: al qaeda,al qaeda,al qaeda; assassinat; attack; bomb; kill; topic:KILL
alert,QDe.004,AL-QAIDA,Al-Qaida,0.60,,2026-09-06,newsweek.com,How Much Did Al-Qaeda Pay for the Entire 9/11 Operation?,https://www.newsweek.com/al-qaeda-pay-9-11-terror-attack-12253472,Matched: al qaeda | signals: al qaeda,al qaeda,al qaeda; bomb; evade; financ; topic:TAX_TERROR_GROUP; topic:TAX_TERROR_GROUP_AL_QAEDA
alert,QDe.004,AL-QAIDA,Al-Qaida,0.60,,2026-09-09,pakobserver.net,Why is Al-Qaeda backing TTP against Pakistan? UN Report reveals Shocking Links,https://pakobserver.net/why-is-al-qaeda-backing-ttp-against-pakistan-un-report-reveals-shocking-links/,Matched: al qaeda | signals: al qaeda,al qaeda,al qaeda; financ; militan; mujahid; topic:ARMEDCONFLICT; topic:MILITARY
alert,QDe.004,AL-QAIDA,Al-Qaida,0.60,,2026-09-10,dailymail.com,Shocking new life of CIA's 'Queen of Torture' who hunted Al-Qaeda and inspired beloved movie: Neighbors reveal ugly local whispers... as truth Hollywood edited out returns to haunt her,https://www.dailymail.com/news/article-16111843/cia-queen-torture-zero-dark-thirty-alfreda-frances-bikowsky.html,Matched: al qaeda | signals: al qaeda,al qaeda,al qaeda
alert,QDe.004,AL-QAIDA,Al-Qaida,0.60,,2026-09-10,washingtonexaminer.com,What does al Qaeda want?,http://www.washingtonexaminer.com/in_focus/4711680/what-does-al-qaeda-want-25-years-after-sept-11/,"Matched: al qaeda, the base | signals: al qaeda",al qaeda; the base,al qaeda; assassinat; attack; bombing; topic:ARMEDCONFLICT; topic:ARREST
alert,QDe.004,AL-QAIDA,Al-Qaida,0.60,,2026-09-11,thehindubusinessline.com,What's happened to&#xA0;al Qaeda in the 25 years since 9/11? - The HinduBusinessLine,https://www.thehindubusinessline.com/news/world/whats-happened-toal-qaeda-in-the-25-years-since-911/article71454615.ece,Matched: al qaeda | signals: al qaeda,al qaeda,al qaeda; attack; bombing; captur; topic:ARMEDCONFLICT; topic:INSURGENCY
alert,QDe.004,AL-QAIDA,Al-Qaida,0.60,,2026-09-11,latimes.com,CIA releases dozens of presidential daily briefs on Bin Laden and Al Qaeda before Sept. 11,https://www.latimes.com/world-nation/story/2026-09-11/cia-releases-dozens-of-presidential-daily-briefs-on-bin-laden-al-qaeda-before-sept-11,Matched: al qaeda | signals: al qaeda,al qaeda,al qaeda; topic:ARMEDCONFLICT; topic:EXTREMISM; topic:KILL
alert,QDe.004,AL-QAIDA,Al-Qaida,0.60,,2026-09-11,ynetnews.com,"Before 9/11, the warnings were there: CIA files reveal Al-Qaeda alarm bells",https://www.ynetnews.com/article/skkhjlgygl,Matched: al qaeda | signals: al qaeda,al qaeda,al qaeda; assassinat; attack; bombing; topic:ARMEDCONFLICT; topic:KIDNAP
alert,QDe.004,AL-QAIDA,Al-Qaida,0.60,,2026-09-11,attackofthefanboy.com,"A 1998 CIA Document Warned Al Qaeda Could Fly a Bomb Loaded Plane Into a US City, and the Warning Went Unheeded for Three Years",https://attackofthefanboy.com/news/a-cia-analyst-wrote-in-1998-that-al-qaeda-may-fly-an-explosive-packed-airplane-into-a-u-s-city-and-the-warning-sat-unheeded-for-three-years/,Matched: al qaeda | signals: al qaeda,al qaeda,al qaeda; arrest; attack; bomb; topic:ARMEDCONFLICT; topic:KIDNAP
alert,QDe.004,AL-QAIDA,Al-Qaida,0.60,,2026-09-12,wchstv.com,Former CIA officer warns US shift leaves gaps as al-Qaida regroups in Afghanistan,https://wchstv.com/news/nation-world/former-cia-officer-warns-us-shift-leaves-gaps-as-al-qaida-regroups-in-afghanistan-911-25-years-saudi-arabia,"Matched: al qaeda, al qaida | signals: al qaida",al qaeda; al qaida,al qaeda; al qaida; attack; charged; topic:ARMEDCONFLICT; topic:EXTREMISM
alert,QDe.004,AL-QAIDA,Al-Qaida,0.60,,2026-09-12,prokerala.com,Al Qaeda revives Bin Laden brand to reclaim lost ground from Islamic State,https://www.prokerala.com/news/articles/a1811465.html,Matched: al qaeda | signals: al qaeda,al qaeda,al qaeda; islamic state; topic:TAX_TERROR_GROUP; topic:TAX_TERROR_GROUP_AL_QAEDA; topic:TAX_TERROR_GROUP_ISLAMIC_STATE
alert,QDe.004,AL-QAIDA,Al-Qaida,0.60,,2026-09-12,homelandsecuritynewswire.com,"Trump Loses the Other Strait | Gulf Tankers Are Running Out of Ways to Export Oil | Al-Qaeda Regroups in Afghanistan, and more",https://www.homelandsecuritynewswire.com/dr20260912-trump-loses-the-other-strait-gulf-tankers-are-running-out-of-ways-to-export-oil-alqaeda-regroups-in-afghanistan-and-m,Matched: al qaeda | signals: al qaeda,al qaeda,al qaeda; topic:ARMEDCONFLICT; topic:TAX_TERROR_GROUP; topic:TAX_TERROR_GROUP_ALQAEDA
alert,QDe.004,AL-QAIDA,Al-Qaida,0.60,,2026-09-16,indiatimes.com,"'Captain M Network': How al-Qaeda-linked Coimbatore teen's Java, Python skills caught UP ATS's eye",https://timesofindia.indiatimes.com/city/lucknow/up-ats-arrests-2nd-accused-from-tamil-nadu-in-aqis-linked-radicalisation-module/articleshow/134285981.cms,Matched: al qaeda | signals: al qaeda,al qaeda,al qaeda; arms; arrest; attack; topic:ARMEDCONFLICT; topic:ARREST
alert,QDe.004,AL-QAIDA,Al-Qaida,0.60,,2026-09-16,strategypage.com,Information Warfare: Al Qaeda Net,http://www.strategypage.com/htmw/htiw/articles/202609167613.aspx,Matched: al qaeda | signals: al qaeda,al qaeda,al qaeda; topic:ARMEDCONFLICT; topic:ARREST; topic:EXTREMISM
alert,QDe.004,AL-QAIDA,Al-Qaida,0.60,,2026-09-17,cbs12.com,Hasan Piker says U.S. is worse than al-Qaeda 'pound for pound' in 'number of deaths',https://cbs12.com/news/nation-world/hasan-piker-says-us-is-worse-than-al-qaeda-pound-for-pound-in-number-of-deaths-terrorism-iran-abdul-el-sayed-michigan-mike-rogers,Matched: al qaeda | signals: al qaeda,al qaeda,al qaeda; attack; convict; extremis; topic:ARMEDCONFLICT; topic:EXTREMISM
alert,QDe.004,AL-QAIDA,Al-Qaida,0.60,,2026-09-18,ibtimes.co.uk,Tillamook Faces Boycott Calls Over Halal Labelling as Critics Brand Its Products 'Al Qaeda Cheese',https://www.ibtimes.co.uk/tillamook-boycott-halal-certification-label-cheese-1820591,Matched: al qaeda | signals: al qaeda,al qaeda,al qaeda; proces; topic:TAX_TERROR_GROUP; topic:TAX_TERROR_GROUP_AL_QAEDA
alert,QDe.004,AL-QAIDA,Al-Qaida,0.60,,2026-10-03,oneindia.com,"Al-Qaeda Leader's Photo, Syrian Roots: Details Emerge On Flydubai's Omani Co-Pilot Hamam Al-Hammami",https://www.oneindia.com/international/al-qaeda-leader-s-photo-syrian-roots-details-emerge-on-flydubai-s-omani-co-pilot-hamam-al-hammami-8223531.html,Matched: al qaeda | signals: al qaeda,al qaeda,al qaeda; attack; extremis; militan; topic:ARMEDCONFLICT; topic:EXTREMISM
alert,QDe.004,AL-QAIDA,Al-Qaida,0.60,,2026-10-03,freepressjournal.in,FPJ Quick Take At 5 PM: 'Aman Sehrawat Wins Asian Games Gold To Al Qaeda-Linked Posts Surface In Flydubai Attack Probe'; Your Daily Evening Guide To News Headlines,https://www.freepressjournal.in/india/fpj-quick-take-at-5-pm-aman-sehrawat-wins-asian-games-gold-to-al-qaeda-linked-posts-surface-in-flydubai-attack-probe-your-daily-evening-guide-to-news-headlines-3-october-2026,Matched: al qaeda | signals: al qaeda,al qaeda,al qaeda; attack; extremis; killed
alert,QDe.004,AL-QAIDA,Al-Qaida,0.60,,2026-10-03,freepressjournal.in,Flydubai Co-Pilot Attack: Social Media Posts Linked To Al Qaeda Figures Surface,https://www.freepressjournal.in/world/flydubai-co-pilot-attack-social-media-posts-linked-to-al-qaeda-figures-surface,Matched: al qaeda | signals: al qaeda,al qaeda,al qaeda; attack; bombing; extremis; topic:ARMEDCONFLICT; topic:EXTREMISM
alert,QDe.004,AL-QAIDA,Al-Qaida,0.60,,2026-10-04,bdnews24.com,"Pro-Al Qaeda publication calls for attacks on US, Israeli flights after Flydubai cockpit assault",https://bdnews24.com/world/tp7p3vl1qa,Matched: al qaeda | signals: al qaeda,al qaeda,al qaeda; attack; bombing; extremis; topic:ARMEDCONFLICT; topic:ARREST
alert,QDe.004,AL-QAIDA,Al-Qaida,0.60,,2026-10-04,moneycontrol.com,"'Evil America will end': Al Qaeda calls for copycat attacks, praises flydubai incident",https://www.moneycontrol.com/world/evil-america-will-end-al-qaeda-calls-for-copycat-attacks-praises-flydubai-incident-article-14044111.html,Matched: al qaeda | signals: al qaeda,al qaeda,al qaeda; arrest; attack; financ; topic:ARMEDCONFLICT; topic:EXTREMISM
alert,QDe.004,AL-QAIDA,Al-Qaida,0.60,,2026-10-04,indiatimes.com,'War isn't over': Al Qaeda-linked magazine calls for 'copycat attacks' after flydubai incident,https://timesofindia.indiatimes.com/world/middle-east/war-isnt-over-al-qaeda-linked-magazine-calls-for-copycat-attacks-after-flydubai-incident/articleshow/134670759.cms,Matched: al qaeda | signals: al qaeda,al qaeda,al qaeda; arrest; attack; charged; topic:ARMEDCONFLICT; topic:EXTREMISM
alert,QDe.004,AL-QAIDA,Al-Qaida,0.60,,2026-10-04,pragativadi.com,Al-Qaeda Flight Threats: Renewed Call for Attacks - Pragativadi I Latest Odisha News in English I Breaking News,https://pragativadi.com/al-qaeda-flight-threats-renewed-call-for-attacks/,Matched: al qaeda | signals: al qaeda,al qaeda,al qaeda; attack; bombing; extremis; topic:ARMEDCONFLICT; topic:ARREST
alert,QDe.004,AL-QAIDA,Al-Qaida,0.60,,2026-10-04,mirror.co.uk,Al Qaeda issues horror call for attacks on US and Israeli flights after FlyDubai 'hijack attempt',https://www.mirror.co.uk/news/uk-news/al-qaeda-issues-horror-call-37732977,Matched: al qaeda | signals: al qaeda,al qaeda,al qaeda; attack; extremis; terror; topic:ARMEDCONFLICT; topic:EXTREMISM
alert,QDe.004,AL-QAIDA,Al-Qaida,0.60,,2026-10-04,the-sun.com,'Hijacker who stabbed pilot' called for women to be 'stomped on' as online rants revealed & Al Qaeda issues warning,https://www.the-sun.com/news/17094930/,Matched: al qaeda | signals: al qaeda,al qaeda,al qaeda; topic:ARMEDCONFLICT; topic:ARREST; topic:EXTREMISM
alert,QDe.004,AL-QAIDA,Al-Qaida,0.60,,2026-10-05,indiatimes.com,"Al Qaeda-linked magazine calls for copycat attacks on US, Israeli planes after flydubai incident",https://economictimes.indiatimes.com/news/international/global-trends/al-qaeda-linked-magazine-calls-for-copycat-attacks-on-us-israeli-planes-after-flydubai-incident/articleshow/134684957.cms,Matched: al qaeda | signals: al qaeda,al qaeda,al qaeda; attack; charged; extremis; topic:ARMEDCONFLICT; topic:EXTREMISM
alert,QDe.004,AL-QAIDA,Al-Qaida,0.60,,2026-07-15,uol.com.br,"Opera&#xE7;&#xE3;o mira esquema que lavava dinheiro para CV, PCC e TCP e investiga elo com a Al-Qaeda",https://jc.uol.com.br/colunas/seguranca/2026/07/15/operacao-mira-esquema-que-lavava-dinheiro-para-cv-pcc-e-tcp-e-investiga-elo-com-a-al-qaeda.html,Matched: al qaeda | signals: al qaeda,al qaeda,al qaeda; contraband; financ; lavagem; topic:ARMEDCONFLICT; topic:ECON_MONEYLAUNDERING
alert,QDe.004,AL-QAIDA,Al-Qaida,0.60,,2026-07-15,globo.com,"Investigado por integrar esquema que lavou R$ 100 milh&#xF5;es do tr&#xE1;fico, com poss&#xED;vel conex&#xE3;o com Al-Qaeda, &#xE9; preso no Paran&#xE1;",https://g1.globo.com/pr/oeste-sudoeste/noticia/2026/07/15/operacao-hawala-parana.ghtml,Matched: al qaeda | signals: al qaeda,al qaeda,al qaeda; ataque; financ; lavagem; preso; topic:ARMEDCONFLICT
alert,QDe.004,AL-QAIDA,Al-Qaida,0.60,,2026-07-15,abril.com.br,Como operava rede de lavagem de dinheiro para CV e PCC com ind&#xED;cios de la&#xE7;os com Al-Qaeda,https://veja.abril.com.br/brasil/como-operava-rede-de-lavagem-de-dinheiro-para-cv-e-pcc-com-indicios-de-lacos-com-al-qaeda/,Matched: al qaeda | signals: al qaeda,al qaeda,al qaeda; extremis; financ; lavagem; topic:ARMEDCONFLICT; topic:ECON_MONEYLAUNDERING
alert,QDe.004,AL-QAIDA,Al-Qaida,0.60,,2026-07-15,ansa.it,"Brasile, smantellata rete di riciclaggio dei narcos con legami ad Al-Qaeda - America Latina",https://www.ansa.it/sito/notizie/mondo/americalatina/2026/07/15/brasile-smantellata-rete-di-riciclaggio-dei-narcos-con-legami-ad-al-qaeda_79ce809b-a024-4060-85f2-83f14bac20bb.html,Matched: al qaeda | signals: al qaeda,al qaeda,al qaeda; arrest; attentat; hamas; topic:ARMEDCONFLICT; topic:ARREST
alert,QDe.004,AL-QAIDA,Al-Qaida,0.60,,2026-07-15,ultimahora.com,Operaci&#xF3;n Hawala: Investigan nexo del PCC con Al Qaeda para lavar dinero en Triple Frontera,https://www.ultimahora.com/operacion-hawala-investigan-nexo-del-pcc-con-al-qaeda-para-lavar-dinero-en-triple-frontera,Matched: al qaeda | signals: al qaeda,al qaeda,al qaeda; ataque; captur; detenid; topic:ARMEDCONFLICT; topic:ARREST
alert,QDe.004,AL-QAIDA,Al-Qaida,0.60,,2026-07-15,entornointeligente.com,Brasil desmonta red acusada de lavar dinero de narcos con posibles v&#xED;nculos con al-Qaeda &#x2013; EntornoInteligente.com,https://www.entornointeligente.com/brasil-desmonta-red-acusada-de-lavar-dinero-de-narcos-con-posibles-vinculos-con-al-qaeda/,Matched: al qaeda | signals: al qaeda,al qaeda,acusad; al qaeda; topic:ARMEDCONFLICT; topic:ARREST; topic:ECON_MONEYLAUNDERING
alert,QDe.004,AL-QAIDA,Al-Qaida,0.60,,2026-07-15,tribunademinas.com.br,Liga&#xE7;&#xE3;o com a Al-Qaeda: opera&#xE7;&#xE3;o contra grupo que lavou R$ 100 milh&#xF5;es tem alvos em Minas Gerais,https://tribunademinas.com.br/noticias/minas/15-07-2026/operacao-contra-grupo-que-lavou-r-100-milhoes-tem-alvos-em-minas-gerais-e-apura-elo-com-al-qaeda.html,Matched: al qaeda | signals: al qaeda,al qaeda,al qaeda; contraband; detid; financ; topic:ARMEDCONFLICT; topic:ECON_MONEYLAUNDERING
alert,QDe.004,AL-QAIDA,Al-Qaida,0.60,,2026-07-16,ultimahora.com,Investigan nexo del PCC con Al Qaeda en Triple Frontera,https://www.ultimahora.com/investigan-nexo-del-pcc-con-al-qaeda-en-triple-frontera,Matched: al qaeda | signals: al qaeda,al qaeda,al qaeda; captur; conden; detenid; topic:ARMEDCONFLICT; topic:ARREST
alert,QDe.004,AL-QAIDA,Al-Qaida,0.60,,2026-07-18,antaranews.com,Lima tentara Yaman tewas dalam dugaan serangan al-Qaida,https://www.antaranews.com/berita/5655215/lima-tentara-yaman-tewas-dalam-dugaan-serangan-al-qaida,Matched: al qaida | signals: al qaida,al qaida,al qaida; houthi; serangan; teror; topic:ARMEDCONFLICT; topic:KILL
alert,QDe.004,AL-QAIDA,Al-Qaida,0.60,,2026-07-22,radiocataratas.com,"Operaci&#xF3;n Hawala: Empresarios libaneses de la Triple Frontera en la mira por lavado de dinero, v&#xED;nculos con PCC y Al Qaeda &#x2013; Radio Cataratas",https://radiocataratas.com/2026/07/22/operacion-hawala-empresarios-libaneses-de-la-triple-frontera-en-la-mira-por-lavado-de-dinero-vinculos-con-pcc-y-al-qaeda/,Matched: al qaeda | signals: al qaeda,al qaeda,al qaeda; lavado; topic:ARREST; topic:ECON_MONEYLAUNDERING; topic:KILL
alert,QDe.004,AL-QAIDA,Al-Qaida,0.60,,2026-07-23,omnia.com.mx,Trump eval&#xFA;a atacar a un grupo yihadista afiliado a Al Qaeda en &#xC1;frica,https://www.omnia.com.mx/noticia/435643/trump-evalua-atacar-a-un-grupo-yihadista-afiliado-a-al-qaeda-en-frica,Matched: al qaeda | signals: al qaeda,al qaeda,acusad; al qaeda; ataque; captur; topic:ARMEDCONFLICT; topic:JIHAD
alert,QDe.004,AL-QAIDA,Al-Qaida,0.60,,2026-08-02,forbes.com.mx,"Al Qaeda y el Estado Isl&#xE1;mico adoptan la IA, pero difieren en su enfoque",https://forbes.com.mx/al-qaeda-y-el-estado-islamico-adoptan-la-ia-pero-difieren-en-su-enfoque/,Matched: al qaeda | signals: al qaeda,al qaeda,al qaeda; topic:ARMEDCONFLICT; topic:TAX_TERROR_GROUP; topic:TAX_TERROR_GROUP_AL_QAEDA
alert,QDe.004,AL-QAIDA,Al-Qaida,0.60,,2026-08-13,rt.com,"Narcotraficantes ser&#xE1;n objetivos militares ""al igual que EI o Al Qaeda"", advierte Hegseth",https://actualidad.rt.com/actualidad/622075-secretario-guerra-eeuu-narcotraficantes-obejtivos-militares-isis-alqaeda,Matched: al qaeda | signals: al qaeda,al qaeda,al qaeda; armas; narcotrafic; nuclear; topic:ARMEDCONFLICT; topic:MILITARY
alert,QDe.004,AL-QAIDA,Al-Qaida,0.60,,2026-08-13,radiosantafe.com,EE.UU combatir&#xE1; a los narcos igual que a el Estado Isl&#xE1;mico y Al Qaeda &#x2013; Radio Santa Fe 1070 a.m. Noticias de Colombia,https://www.radiosantafe.com/2026/08/13/ee-uu-combatira-a-los-narcos-igual-que-a-el-estado-islamico-y-al-qaeda/,Matched: al qaeda | signals: al qaeda,al qaeda,al qaeda; narcotrafic; terror; topic:ARMEDCONFLICT; topic:MILITARY; topic:ORGANIZED_CRIME
alert,QDe.006,ARMED ISLAMIC GROUP,Al-Qaida,0.90,,2026-08-15,highlandcountypress.com,Retired FAA whistleblowers warn another 9/11 could happen again,https://highlandcountypress.com/index.php/news/retired-faa-whistleblowers-warn-another-911-could-happen-again,"Matched: armed islamic group | signals: algeria, killed, terror, terrorist",armed islamic group,al qaeda; attack; bomb; bombing; topic:ARMEDCONFLICT; topic:ARREST
alert,QDe.006,ARMED ISLAMIC GROUP,Al-Qaida,0.80,,2026-10-01,israelnationalnews.com,Not learning from History,https://www.israelnationalnews.com/news/433937,"Matched: armed islamic group, gia | signals: algeria, terror, terrorist",armed islamic group; gia,al qaeda; arrest; attack; bombing; topic:ARMEDCONFLICT; topic:ARREST
alert,QDe.006,ARMED ISLAMIC GROUP,Al-Qaida,0.70,,2026-09-24,countercurrents.org,"Two Empires, One Night - H&#xE0;m Nghi in Algeria: A King Without a Kingdom, a Continent Without Justice",https://countercurrents.org/2026/09/two-empires-one-night-ham-nghi-in-algeria-a-king-without-a-kingdom-a-continent-without-justice/,"Matched: gia | signals: algeria, designated",gia,arms; attack; designat; houthi; topic:ARMEDCONFLICT; topic:ARREST
alert,QDe.008,HARAKAT UL-MUJAHIDIN / HUM,Al-Qaida,0.60,,2026-09-08,artdaily.com,"The Grolier Club marks 1,000th exhibition with survey of Dieu Donn&#xE9; hand papermaking",https://artdaily.com/news/199988/The-Grolier-Club-marks-1-000th-exhibition-with-survey-of-Dieu-Donn--hand-papermaking,Matched: al hadid | signals: adf,al hadid,financ; proces; topic:MILITARY; topic:SECURITY_SERVICES; topic:WB_2432_FRAGILITY_CONFLICT_AND_VIOLENCE
alert,QDe.009,ISLAMIC ARMY OF ADEN,Al-Qaida,0.90,,2026-07-28,jpost.com,Israel should follow Washington and designate Sudan's Muslim Brotherhood,http://www.jpost.com/opinion/article-903859,"Matched: islamic army of aden | signals: al qaeda, armed group, jihad, terror",islamic army of aden,al qaeda; armed group; attack; blacklist; designat; topic:ARMEDCONFLICT
alert,QDe.010,ISLAMIC MOVEMENT OF UZBEKISTAN,Al-Qaida,1.00,,2026-07-18,pakobserver.net,Pak role in Afghan jihad & Taliban's hostile policy,https://pakobserver.net/pak-role-in-afghan-jihad-talibans-hostile-policy/,"Matched: islamic movement of uzbekistan | signals: al qaeda, isis, jihad, taliban, terror",islamic movement of uzbekistan,al qaeda; attack; financ; houthi; jihad; taliban
alert,QDe.010,ISLAMIC MOVEMENT OF UZBEKISTAN,Al-Qaida,1.00,,2026-09-11,americanthinker.com,Guess who is walking around with those US weapons?,https://www.americanthinker.com/blog/2026/09/guess-who-is-walking-around-with-those-us-weapons/,"Matched: islamic movement of uzbekistan | signals: al qaeda, sanction, sanctions, security council, taliban",islamic movement of uzbekistan,al qaeda; bomb; captur; killed; topic:ARMEDCONFLICT; topic:BLACK_MARKET
alert,QDe.010,ISLAMIC MOVEMENT OF UZBEKISTAN,Al-Qaida,1.00,,2026-09-25,dnd.com.pk,Has Doha Peace Accord provided a license to Afghan Taliban to kill neighbors?,https://dnd.com.pk/has-doha-peace-accord-provided-a-license-to-afghan-taliban-to-kill-neighbors/330427/,"Matched: imu, islamic movement of uzbekistan | signals: al qaeda, isis, jihad, taliban, terror",imu; islamic movement of uzbekistan,al qaeda; attack; designat; financ; kill; taliban
alert,QDe.010,ISLAMIC MOVEMENT OF UZBEKISTAN,Al-Qaida,0.90,,2026-10-03,newsweekpakistan.com,"After Karachi, War! &#x2013; Newsweek Pakistan",https://www.newsweekpakistan.com/after-karachi-war/,"Matched: islamic movement of uzbekistan | signals: taliban, terror, terrorist, weapons",islamic movement of uzbekistan,al qaeda; arrest; assassinat; attack; topic:ARMEDCONFLICT; topic:ARREST
alert,QDe.010,ISLAMIC MOVEMENT OF UZBEKISTAN,Al-Qaida,0.70,,2026-09-16,countercurrents.org,Taliban's Selective Counterterrorism Is Exporting Insecurity,https://countercurrents.org/2026/09/talibans-selective-counterterrorism-is-exporting-insecurity/,"Matched: islamic movement of uzbekistan | signals: taliban, terror",islamic movement of uzbekistan,al qaeda; armed group; attack; islamic state; taliban; topic:ARMEDCONFLICT
alert,QDe.010,ISLAMIC MOVEMENT OF UZBEKISTAN,Al-Qaida,0.70,,2026-09-30,timesca.com,Cementing Peace in the Ferghana Valley - The Times Of Central Asia,https://timesca.com/cementing-peace-in-the-ferghana-valley/,"Matched: islamic movement of uzbekistan | signals: killed, smuggl",islamic movement of uzbekistan,killed; militan; smuggl; topic:ARMEDCONFLICT; topic:KILL; topic:MILITARY
alert,QDe.010,ISLAMIC MOVEMENT OF UZBEKISTAN,Al-Qaida,0.70,,2026-09-30,timesca.com,ISKP and Central Asia: How the Threat Extends Beyond Afghanistan's Borders,https://timesca.com/iskp-central-asia-threat-beyond-geography/,"Matched: imu, islamic movement of uzbekistan | signals: al qaeda, taliban",imu; islamic movement of uzbekistan,al qaeda; arrest; attack; blacklist; topic:ARMEDCONFLICT; topic:ARREST
alert,QDe.010,ISLAMIC MOVEMENT OF UZBEKISTAN,Al-Qaida,0.60,,2026-09-23,timesca.com,Opinion: Weaponizing Faith - The Cold War Roots of Central Asia's Security Dilemma,https://timesca.com/the-cold-war-roots-of-central-asias-security-dilemma/,"Matched: imu, islamic movement of uzbekistan | signals: armed group",imu; islamic movement of uzbekistan,armed group; attack; convict; financ; topic:ARMEDCONFLICT; topic:EXTREMISM
alert,QDe.092,JEMAAH ISLAMIYAH,Al-Qaida,1.00,,2026-07-12,balidiscovery.com,Bali Bomber Hambali: Justice Delayed 24 Years and Counting,https://balidiscovery.com/bali-bomber-hambali-justice-delayed-24-years-and-counting/,"Matched: jemaah islamiyah | signals: arrest, arrested, killed, terror, terrorist",jemaah islamiyah,arrest; attack; bomb; bombing; topic:ARMEDCONFLICT; topic:ARREST
alert,QDe.092,JEMAAH ISLAMIYAH,Al-Qaida,0.70,,2026-10-02,thejakartapost.com,Indonesia's new terrorism challenge: The terrorist criminal continuum - Academia,http://www.thejakartapost.com/opinion/2026/10/02/indonesias-new-terrorism-challenge-the-terrorist-criminal-continuum,"Matched: jamaah islamiyah | signals: terror, terrorist",jamaah islamiyah,attack; densus; extremis; killing; terror; topic:ARMEDCONFLICT
alert,QDe.092,JEMAAH ISLAMIYAH,Al-Qaida,0.60,,2026-08-06,thejakartapost.com,"No leader, no ideology: Indonesia's new terror threat - Academia",http://www.thejakartapost.com/opinion/2026/08/06/no-leader-no-ideology-indonesias-new-terror-threat,Matched: jamaah islamiyah | signals: terror,jamaah islamiyah,bomb; densus; extremis; terror; topic:ARMEDCONFLICT; topic:EXTREMISM
alert,QDe.093,BENEVOLENCE INTERNATIONAL FOUNDATION,Al-Qaida,1.00,,2026-08-14,highlandcountypress.com,How Hamas' attack on Israel is transforming American politics | The Highland County Press,https://highlandcountypress.com/opinions/how-hamas-attack-israel-transforming-american-politics,"Matched: benevolence international foundation | signals: al qaeda, commander, jihad, terror, trial",benevolence international foundation,al qaeda; assassinat; attack; bomb; hamas; topic:ARMEDCONFLICT
alert,QDe.093,BENEVOLENCE INTERNATIONAL FOUNDATION,Al-Qaida,0.90,,2026-08-23,yourdemocracy.net.au,america funded its enemies to fight its other enemies....,https://www.yourdemocracy.net.au/drupal/node/60897,"Matched: benevolence international foundation | signals: al qaeda, jihad, rebel, terror",benevolence international foundation,al qaeda; arms; attack; bombing; topic:ARMEDCONFLICT; topic:BLACK_MARKET
alert,QDe.093,BENEVOLENCE INTERNATIONAL FOUNDATION,Al-Qaida,0.70,,2026-07-09,thefederalist.com,Dems Only Ditched Platner Because He Was Going To Lose,https://thefederalist.com/2026/07/09/after-defending-murder-fantasies-and-9-11-apologists-dems-only-dumped-platner-because-he-was-going-to-lose/,"Matched: benevolence international foundation, bif | signals: al qaida, convicted",benevolence international foundation; bif,al qaida; bombing; convict; suicide; topic:ARMEDCONFLICT; topic:EXTREMISM
alert,QDe.093,BENEVOLENCE INTERNATIONAL FOUNDATION,Al-Qaida,0.70,,2026-07-10,freerepublic.com,"After Defending Murder Fantasies And 9/11 Apologists, Dems Only Dumped Graham Platner Because He Was Going To Lose",https://freerepublic.com/focus/f-news/4387381/posts,"Matched: benevolence international foundation, bif | signals: al qaida, convicted",benevolence international foundation; bif,al qaida; bombing; convict; suicide; topic:ARMEDCONFLICT; topic:EXTREMISM
alert,QDe.098,ANSAR AL-ISLAM,Al-Qaida,1.00,,2026-10-01,kashmirtimes.com,India's Doval Doctrine: A Strategic Visit to Dhaka,https://kashmirtimes.com/news/news-analysis/the-doval-doctrine-lands-in-dhaka,"Matched: ansar al islam | signals: arrest, arrested, jihad, terror, trial",ansar al islam,arms; arrest; fugitive; jihad; topic:ARMEDCONFLICT; topic:ARREST
alert,QDe.098,ANSAR AL-ISLAM,Al-Qaida,0.90,,2026-08-18,thediplomat.com,Al-Qaida's Renewed Confidence in Bangladesh &#x2013; The Diplomat,https://thediplomat.com/2026/08/al-qaidas-renewed-confidence-in-bangladesh/,"Matched: ansar al islam | signals: al qaida, taliban, terror, terrorist",ansar al islam,al qaida; attack; bomb; isis; topic:ARMEDCONFLICT; topic:ARREST
alert,QDe.098,ANSAR AL-ISLAM,Al-Qaida,0.80,,2026-07-17,gatestoneinstitute.org,"'All Christians Must Die': The Extremist Persecution of Christians, April 2026",https://www.gatestoneinstitute.org/22694/persecution-of-christians-april,"Matched: ansar al sunna | signals: isis, jihad, killed",ansar al sunna,adf; al qaeda; arrest; attack; extremis; topic:ARMEDCONFLICT
alert,QDe.098,ANSAR AL-ISLAM,Al-Qaida,0.70,,2026-07-12,indiablooms.com,Martial Arts Centre under scanner: Bangladesh Police book 16 in suspected extremist outfit case | Indiablooms,https://www.indiablooms.com/world/martial-arts-centre-under-scanner-bangladesh-police-book-16-in-suspected-extremist-outfit-case/details,"Matched: ansar al islam | signals: arrest, jihad",ansar al islam,arrest; attack; detain; explosive; extremis; topic:ARMEDCONFLICT
alert,QDe.098,ANSAR AL-ISLAM,Al-Qaida,0.60,,2026-08-22,ianslive.in,Concerns grow over resurgence of extremist networks in Bangladesh,https://ianslive.in/concerns-grow-over-resurgence-of-extremist-networks-in-bangladesh--20260822145727,Matched: ansar al islam | signals: terror,ansar al islam,al qaeda; al qaida; arrest; attack; extremis; topic:ARMEDCONFLICT
alert,QDe.107,AL FURQAN,Al-Qaida,0.90,,2026-09-11,kesq.com,ISIS Fast Facts,https://kesq.com/news/national-world/cnn-world/2026/09/10/isis-fast-facts-5/,"Matched: al furqan | signals: isis, killed, terror, terrorist",al furqan,al qaeda; arms; attack; boko haram; isis; topic:ARMEDCONFLICT
alert,QDe.107,AL FURQAN,Al-Qaida,0.80,,2026-08-03,khabaragency.net,"Houthi Militants Killed, Injured; Vehicle Destroyed in Taiz Clash",https://www.khabaragency.net/news251030.html,"Matched: al furqan | signals: houthi, killed, militia",al furqan,attack; explosive; houthi; killed; militan; topic:ARMEDCONFLICT
alert,QDe.115,AL-QAIDA IN IRAQ,Al-Qaida,1.00,,2026-07-28,jpost.com,Israel should follow Washington and designate Sudan's Muslim Brotherhood,http://www.jpost.com/opinion/article-903859,"Matched: al tawhid | signals: al qaeda, armed group, designated, jihad, terror",al tawhid,al qaeda; armed group; attack; blacklist; designat; topic:ARMEDCONFLICT
alert,QDe.115,AL-QAIDA IN IRAQ,Al-Qaida,1.00,,2026-09-25,dnd.com.pk,Has Doha Peace Accord provided a license to Afghan Taliban to kill neighbors?,https://dnd.com.pk/has-doha-peace-accord-provided-a-license-to-afghan-taliban-to-kill-neighbors/330427/,"Matched: al tawhid, isi | signals: al qaeda, isis, jihad, taliban, terror",al tawhid; isi,al qaeda; attack; designat; financ; kill; taliban
alert,QDe.118,LASHKAR-E-TAYYIBA,Al-Qaida,1.00,,2026-08-30,indiatimes.com,From Afghan jihad to Pahalgam: How Hafiz Saeed built Lashkar-e-Taiba,https://timesofindia.indiatimes.com/world/pakistan/from-afghan-jihad-to-pahalgam-how-hafiz-saeed-built-lashkar-e-taiba/articleshow/133626789.cms,"Matched: jamaat ud dawa, jud, let | signals: court, jihad, killed, terror, trial",jamaat ud dawa; jud; let,al qaida; arrest; attack; captur; jihad; lashkar
alert,QDe.118,LASHKAR-E-TAYYIBA,Al-Qaida,1.00,,2026-09-29,hindustantimes.com,"Dawood Ibrahim, Masood Azhar among terrorists on India's 10 most wanted list; Goldy Brar on 56",https://www.hindustantimes.com/india-news/indias-own-list-of-top-10-terrorists-goldie-brar-on-56-101790644820639.html,"Matched: let | signals: designated, killed, security council, terror, terrorist",let,al qaeda; al qaida; arms; arrest; terror; topic:ARMEDCONFLICT
alert,QDe.118,LASHKAR-E-TAYYIBA,Al-Qaida,0.90,,2026-09-30,ibtimes.co.in,LeT Commander Hashim Moosa killed in overnight encounter in Budgam's Yousmarg,https://www.ibtimes.co.in/let-commander-hashim-moosa-linked-pahalgam-attack-killed-kashmirs-budgam-906733,"Matched: let | signals: commander, killed, terror, terrorist",let,attack; detain; jaish; killed; topic:ARMEDCONFLICT; topic:KILL
alert,QDe.118,LASHKAR-E-TAYYIBA,Al-Qaida,0.80,,2026-09-30,moneycontrol.com,Hashim Moosa killed in Budgam: All about the LeT terrorist linked to Pahalgam attack,https://www.moneycontrol.com/news/india/hashim-moosa-killed-in-budgam-who-was-the-let-terrorist-linked-to-pahalgam-attack-14041667.html,"Matched: let | signals: killed, terror, terrorist",let,armed group; arrest; attack; financ; killed; terror
alert,QDe.118,LASHKAR-E-TAYYIBA,Al-Qaida,0.80,,2026-09-30,indiatimes.com,"Ex-Pakistan SSG commando, highly trained LeT terrorist, Pahalgam mastermind: Who was Hashim Moosa",https://timesofindia.indiatimes.com/india/ex-pakistan-ssg-commando-highly-trained-let-terrorist-pahalgam-mastermind-who-was-hashim-moosa/articleshow/134588500.cms,"Matched: let | signals: killed, terror, terrorist",let,attack; charged; convict; detain; terror; topic:ARMEDCONFLICT
alert,QDe.118,LASHKAR-E-TAYYIBA,Al-Qaida,0.80,,2026-09-30,pragativadi.com,&#x200B;Operation Korag: Top Lashkar-e-Taiba Terrorist 'Moosa' Neutralised in J&K's Budgam,https://pragativadi.com/operation-korag-top-lashkar-e-taiba-terrorist-moosa-neutralised-in-jks-budgam/,"Matched: let | signals: commander, terror, terrorist",let,arrest; attack; jaish; lashkar; terror; topic:ARMEDCONFLICT
alert,QDe.118,LASHKAR-E-TAYYIBA,Al-Qaida,0.70,,2026-09-17,rediff.com,Pahalgam attack: NIA court issues warrant against Pak-based LeT commander,https://www.rediff.com/news/report/pahalgam-attack-nia-court-issues-warrant-against-pak-based-let-commander/20260917.htm,"Matched: let | signals: commander, court",let,arrest; attack; designat; killed; topic:ARMEDCONFLICT; topic:ARREST
alert,QDe.118,LASHKAR-E-TAYYIBA,Al-Qaida,0.70,,2026-09-29,indiablooms.com,Jammu and Kashmir: Pakistani LeT commander killed during encounter with security forces | Indiablooms,https://www.indiablooms.com/news/jammu-and-kashmir-pakistani-let-commander-killed-during-encounter-with-security-forces/details,"Matched: let | signals: commander, killed",let,attack; detain; explosive; extremis; killed; topic:ARMEDCONFLICT
alert,QDe.118,LASHKAR-E-TAYYIBA,Al-Qaida,0.70,,2026-09-30,thehindubusinessline.com,Pakistan-based LeT commander Mohammad Asif killed in encounter in central Kashmir,https://www.thehindubusinessline.com/news/pakistan-based-let-commander-mohammad-asif-killed-in-encounter-in-central-kashmir/article71528932.ece,"Matched: let | signals: commander, killed",let,detain; insurg; killed; lashkar; topic:ARMEDCONFLICT; topic:KILL
alert,QDe.118,LASHKAR-E-TAYYIBA,Al-Qaida,0.70,,2026-08-18,indiatimes.com,Ball set rolling for trial in absentia against six 26/11 Pakistani accused | Mumbai News,https://timesofindia.indiatimes.com/city/mumbai/ball-set-rolling-for-trial-in-absentia-against-six-26/11-pakistani-accused/articleshow/133302907.cms,"Matched: let | signals: terror, trial",let,arms; arrest; attack; bomb; topic:ARMEDCONFLICT; topic:ARREST
alert,QDe.118,LASHKAR-E-TAYYIBA,Al-Qaida,0.70,,2026-09-17,freepressjournal.in,'9/11 Architects Were Not Hiding In Caves': India Targets Pakistan At UNSC Over Terror Safe Havens,https://www.freepressjournal.in/india/911-architects-were-not-hiding-in-caves-india-targets-pakistan-at-unsc-over-terror-safe-havens,"Matched: let | signals: al qaeda, terror",let,al qaeda; arrest; attack; captur; terror; topic:ARREST
alert,QDe.118,LASHKAR-E-TAYYIBA,Al-Qaida,0.60,,2026-08-22,indiatimes.com,NIA searches 10 J&K locations linked to Pakistan-based LeT handlers,https://timesofindia.indiatimes.com/india/nia-searches-10-jk-locations-linked-to-pakistan-based-let-handlers/articleshow/133427625.cms,Matched: let | signals: court,let,arms; arrest; attack; captur; topic:ARMEDCONFLICT; topic:ARREST
alert,QDe.118,LASHKAR-E-TAYYIBA,Al-Qaida,0.60,,2026-08-31,freepressjournal.in,'Dhurandhar-Style' Killing? Jaish Recruiter Reportedly Shot Dead By Unknown Gunman In Pakistan,https://www.freepressjournal.in/world/dhurandhar-style-killing-jaish-recruiter-reportedly-shot-dead-by-unknown-gunman-in-pakistan,Matched: let | signals: terror,let,attack; jaish; killed; killing; topic:ARMEDCONFLICT; topic:KILL
alert,QDe.119,ISLAMIC JIHAD GROUP,Al-Qaida,1.00,,2026-08-13,miragenews.com,"UNSC Updates Four ISIL, Al-Qaida Sanctions Entries",https://www.miragenews.com/unsc-updates-four-isil-al-qaida-sanctions-1727060/,"Matched: islamic jihad group, islamic jihad union | signals: al qaida, interpol, isil, jihad, sanction",islamic jihad group; islamic jihad union,al qaida; arms; designat; interpol; isil; sanction
alert,QDe.119,ISLAMIC JIHAD GROUP,Al-Qaida,1.00,,2026-09-25,dnd.com.pk,Has Doha Peace Accord provided a license to Afghan Taliban to kill neighbors?,https://dnd.com.pk/has-doha-peace-accord-provided-a-license-to-afghan-taliban-to-kill-neighbors/330427/,"Matched: islamic jihad union | signals: al qaeda, isis, jihad, taliban, terror",islamic jihad union,al qaeda; attack; designat; financ; kill; taliban
alert,QDe.119,ISLAMIC JIHAD GROUP,Al-Qaida,0.90,,2026-07-17,rediff.com,"Bomb-making lessons, blast plot: ATS reveals Jaish module's Guj terror plan",https://www.rediff.com/news/report/bomb-making-lessons-blast-plot-ats-reveals-jaish-modules-guj-terror-plan/20260717.htm,"Matched: jamiyat | signals: arrest, arrested, court, terror",jamiyat,arrest; attack; bomb; captur; jaish; terror
alert,QDe.119,ISLAMIC JIHAD GROUP,Al-Qaida,0.80,,2026-09-29,newsweek.com,RAF Fairford Exposes US Military's Weak Link Fighting Iran War,https://www.newsweek.com/raf-fairford-exposes-us-militarys-weak-link-fighting-iran-war-12497104,"Matched: islamic jihad union | signals: arrest, arrested, jihad",islamic jihad union,arrest; attack; bomb; explosive; topic:ARMEDCONFLICT; topic:ARREST
alert,QDe.130,HARAKAT-UL JIHAD ISLAMI,Al-Qaida,0.70,,2026-07-12,indiablooms.com,Martial Arts Centre under scanner: Bangladesh Police book 16 in suspected extremist outfit case | Indiablooms,https://www.indiablooms.com/world/martial-arts-centre-under-scanner-bangladesh-police-book-16-in-suspected-extremist-outfit-case/details,"Matched: harkat ul jihad al islami | signals: arrest, jihad",harkat ul jihad al islami,arrest; attack; detain; explosive; extremis; topic:ARMEDCONFLICT
alert,QDe.132,TEHRIK-E TALIBAN PAKISTAN (TTP),Al-Qaida,0.90,,2026-07-14,indiatimes.com,Afghanistan-backed plot behind Karachi Rangers attack: Pakistan,https://economictimes.indiatimes.com/news/international/world-news/afghanistan-backed-plot-behind-karachi-rangers-attack-pakistan/articleshow/132385128.cms,"Matched: tehreek e taliban | signals: killed, taliban, terror, terrorist",tehreek e taliban,attack; captur; killed; militan; topic:ARMEDCONFLICT; topic:KILL
alert,QDe.132,TEHRIK-E TALIBAN PAKISTAN (TTP),Al-Qaida,0.90,,2026-07-15,thediplomat.com,Pakistan's Operation Shaban Targets Both the TTP and BLA in Balochistan &#x2013; The Diplomat,https://thediplomat.com/2026/07/pakistans-operation-shaban-targets-both-the-ttp-and-bla-in-balochistan/,"Matched: tehreek e taliban | signals: killed, taliban, terror, terrorist",tehreek e taliban,attack; extremis; killed; militan; topic:ARMEDCONFLICT; topic:EXTREMISM
alert,QDe.132,TEHRIK-E TALIBAN PAKISTAN (TTP),Al-Qaida,0.90,,2026-07-22,orissapost.com,"Pakistan forces kill 10 militants, arrest two female suicide bombers",https://www.orissapost.com/pakistan-forces-kill-10-militants-arrest-two-female-suicide-bombers/,"Matched: tehreek e taliban | signals: arrest, taliban, terror, weapons",tehreek e taliban,arrest; attack; explosive; kill; militan; suicide
alert,QDe.132,TEHRIK-E TALIBAN PAKISTAN (TTP),Al-Qaida,0.80,,2026-08-15,newsx.com,Bengaluru Security Guard With Tehrik-e-Taliban Links Arrested Over Planning Attack On Pakistan Army,https://www.newsx.com/regionals/bengaluru-security-guard-with-tehrik-e-taliban-links-arrested-over-planning-attack-on-pakistan-army-260922/,"Matched: tehrik e taliban | signals: arrest, arrested, taliban",tehrik e taliban,arrest; attack; taliban; topic:ARMEDCONFLICT; topic:ARREST; topic:KILL
alert,QDe.132,TEHRIK-E TALIBAN PAKISTAN (TTP),Al-Qaida,0.80,,2026-07-10,hngn.com,Pakistan PM Vows To Continue Crackdown After Militant Attacks Kill 42 In Balochistan,https://www.hngn.com/articles/271990/20260709/pakistan-pm-vows-continue-crackdown-after-militant-attacks-kill-42-balochistan.htm,"Matched: tehreek e taliban | signals: killed, taliban, weapons",tehreek e taliban,attack; financ; insurg; kill; militan; topic:ARMEDCONFLICT
alert,QDe.132,TEHRIK-E TALIBAN PAKISTAN (TTP),Al-Qaida,0.80,,2026-07-10,winnipegfreepress.com,Pakistani forces say they killed 75 insurgents after attacks in Balochistan &#x2013; Winnipeg Free Press,https://www.winnipegfreepress.com/world/2026/07/10/pakistani-forces-say-they-killed-75-insurgents-after-attacks-in-balochistan,"Matched: pakistani taliban | signals: insurgent, killed, taliban",pakistani taliban,attack; charged; financ; insurg; killed; topic:ARMEDCONFLICT
alert,QDe.132,TEHRIK-E TALIBAN PAKISTAN (TTP),Al-Qaida,0.80,,2026-07-16,pakobserver.net,Pakistan's renewed battle against terrorism - Pakistan Observer,https://pakobserver.net/pakistans-renewed-battle-against-terrorism/,"Matched: tehreek e taliban | signals: taliban, terror, terrorist",tehreek e taliban,attack; extremis; financ; houthi; terror; topic:ARMEDCONFLICT
alert,QDe.132,TEHRIK-E TALIBAN PAKISTAN (TTP),Al-Qaida,0.80,,2026-07-17,kunr.org,Pakistani forces kill 24 militants in border raids near Afghanistan,https://www.kunr.org/world-headlines/2026-07-17/pakistani-forces-kill-24-militants-in-border-raids-near-afghanistan,"Matched: pakistani taliban, tehrik e taliban | signals: killed, taliban, weapons",pakistani taliban; tehrik e taliban,attack; explosive; kill; killed; militan; topic:ARMEDCONFLICT
alert,QDe.132,TEHRIK-E TALIBAN PAKISTAN (TTP),Al-Qaida,0.80,,2026-07-17,cinaradio.com,"Pakistan Army Kills 24 Taliban, Baloch Militants During Raids, Weapons Seized",https://www.cinaradio.com/2026/07/17/pakistan-army-kills-24-taliban-baloch-militants-during-raids-weapons-seized/,"Matched: pakistani taliban | signals: killed, taliban, weapons",pakistani taliban,killed; militan; taliban; topic:ARMEDCONFLICT; topic:KILL; topic:TAX_TERROR_GROUP
alert,QDe.132,TEHRIK-E TALIBAN PAKISTAN (TTP),Al-Qaida,0.80,,2026-07-19,samaa.tv,Balochistan part and parcel of Pakistan: CM Bugti,https://www.samaa.tv/2087353857-balochistan-part-and-parcel-of-pakistan-cm-bugti,"Matched: tehreek e taliban | signals: taliban, terror, terrorist",tehreek e taliban,missile; taliban; terror; topic:ARMEDCONFLICT; topic:BLACK_MARKET; topic:KILL
alert,QDe.132,TEHRIK-E TALIBAN PAKISTAN (TTP),Al-Qaida,0.80,,2026-07-23,dunyanews.tv,"'India is violating Indus Waters Treaty and sponsoring terrorism,' Pakistan tells UNSC",https://dunyanews.tv/en/Pakistan/964163-india-is-violating-indus-waters-treaty-and-sponsoring-terrorism-pak,"Matched: tehrik i taliban pakistan | signals: killed, taliban, terror",tehrik i taliban pakistan,financ; killed; killing; militan; terror; topic:ARMEDCONFLICT
alert,QDe.132,TEHRIK-E TALIBAN PAKISTAN (TTP),Al-Qaida,0.80,,2026-07-23,geo.tv,"Pakistan urges Amnesty, global community to scrutinise Afghan Taliban's terror patronage",https://www.geo.tv/latest/674414-pakistan-urges-amnesty-global-community-to-scrutinise-afghan-talibans-terror-patronage,"Matched: tehreek e taliban | signals: taliban, terror, terrorist",tehreek e taliban,attack; houthi; missile; taliban; terror; topic:ARMEDCONFLICT
alert,QDe.132,TEHRIK-E TALIBAN PAKISTAN (TTP),Al-Qaida,0.70,,2026-09-20,investmentwatchblog.com,31 killed in Pakistan after mosque-bombing and 20 hours of fighting against security forces by the Pakistani Taliban (TTP).,https://www.investmentwatchblog.com/31-killed-in-pakistan-after-mosque-bombing-and-20-hours-of-fighting-against-security-forces-by-the-pakistani-taliban-ttp/,"Matched: pakistani taliban | signals: killed, taliban",pakistani taliban,attack; bomb; bombing; explosive; killed; taliban
alert,QDe.132,TEHRIK-E TALIBAN PAKISTAN (TTP),Al-Qaida,0.70,,2026-09-26,jpost.com,Tehreek-e-Taliban claims responsibility for deadly attack in Pakistan,https://www.jpost.com/international/article-909771,"Matched: pakistani taliban, tehreek e taliban | signals: killed, taliban",pakistani taliban; tehreek e taliban,attack; killed; militan; suicide; taliban; topic:ARMEDCONFLICT
alert,QDe.132,TEHRIK-E TALIBAN PAKISTAN (TTP),Al-Qaida,0.70,,2026-07-12,thefrontierpost.com,Three more killed as Operation Shaban tightens noose around militants in Balochistan,https://thefrontierpost.com/three-more-killed-as-operation-shaban-tightens-noose-around-militants-in-balochistan/,"Matched: tehreek e taliban | signals: killed, taliban",tehreek e taliban,killed; militan; taliban; terror; topic:ARMEDCONFLICT; topic:KILL
alert,QDe.132,TEHRIK-E TALIBAN PAKISTAN (TTP),Al-Qaida,0.70,,2026-07-13,thefrontierpost.com,"Two policemen killed, two injured in roadside blast in KP's Tank district &#x2013; The Frontier Post",https://thefrontierpost.com/two-policemen-killed-two-injured-in-roadside-blast-in-kps-tank-district/,"Matched: tehreek e taliban | signals: killed, taliban",tehreek e taliban,attack; bomb; killed; killing; topic:ARMEDCONFLICT; topic:KILL
alert,QDe.132,TEHRIK-E TALIBAN PAKISTAN (TTP),Al-Qaida,0.70,,2026-07-15,thediplomat.com,"Amid the Afghanistan-Pakistan Conflict, India-Taliban Diplomatic Ties Are Strengthening",https://thediplomat.com/2026/07/amid-the-afghanistan-pakistan-conflict-india-taliban-diplomatic-ties-are-strengthening/,"Matched: tehreek e taliban | signals: taliban, terror",tehreek e taliban,attack; jaish; taliban; terror; topic:ARMEDCONFLICT; topic:TAX_TERROR_GROUP
alert,QDe.132,TEHRIK-E TALIBAN PAKISTAN (TTP),Al-Qaida,0.70,,2026-07-15,winnipegfreepress.com,"Twin attacks by militants kill 3 police officers, wound 20 in restive northwest Pakistan &#x2013; Winnipeg Free Press",https://www.winnipegfreepress.com/world/2026/07/15/twin-attacks-by-militants-kill-3-police-officers-wound-20-in-restive-northwest-pakistan,"Matched: pakistani taliban, tehrik e taliban | signals: killed, taliban",pakistani taliban; tehrik e taliban,attack; charged; explosive; financ; kill; militan
alert,QDe.132,TEHRIK-E TALIBAN PAKISTAN (TTP),Al-Qaida,0.70,,2026-07-16,orissapost.com,Four TTP militants killed after foiled suicide attack in Pakistan,https://www.orissapost.com/four-ttp-militants-killed-after-foiled-suicide-attack-in-pakistan/,"Matched: tehreek e taliban | signals: killed, taliban",tehreek e taliban,attack; bombing; explosive; killed; militan; suicide
alert,QDe.132,TEHRIK-E TALIBAN PAKISTAN (TTP),Al-Qaida,0.70,,2026-07-17,winnipegfreepress.com,Pakistani troops kill 24 militants in raids as violence escalates in region near Afghanistan &#x2013; Winnipeg Free Press,https://www.winnipegfreepress.com/world/2026/07/17/pakistani-troops-kill-24-militants-in-raids-as-violence-escalates-in-region-near-afghanistan,"Matched: pakistani taliban, tehrik e taliban | signals: taliban, weapons",pakistani taliban; tehrik e taliban,attack; charged; explosive; financ; kill; militan
alert,QDe.132,TEHRIK-E TALIBAN PAKISTAN (TTP),Al-Qaida,0.70,,2026-07-20,dailypioneer.com,Pakistan faces mounting internal crises as terror threats and PoK unrest intensify,https://dailypioneer.com/news/pakistan-faces-mounting-internal-crises-as-terror-threats-and-pok-unrest-intensify,"Matched: tehreek e taliban | signals: taliban, terror",tehreek e taliban,attack; detain; extremis; militan; terror; topic:ARMEDCONFLICT
alert,QDe.132,TEHRIK-E TALIBAN PAKISTAN (TTP),Al-Qaida,0.70,,2026-07-24,winnipegfreepress.com,"Suicide bomber, gunmen attack security post in northwest Pakistan, killing 15 security personnel &#x2013; Winnipeg Free Press",https://www.winnipegfreepress.com/world/2026/07/24/suicide-bomber-gunmen-attack-security-post-in-northwest-pakistan-killing-15-security-personnel,"Matched: pakistani taliban, tehrik e taliban | signals: killed, taliban",pakistani taliban; tehrik e taliban,attack; charged; explosive; financ; killing; suicide
alert,QDe.132,TEHRIK-E TALIBAN PAKISTAN (TTP),Al-Qaida,0.60,,2026-09-18,punjabijagran.com,"&#xA05;&#xA70;&#xA2E;&#xA4D;&#xA30;&#xA3F;&#xA24;&#xA38;&#xA30; '&#xA1A; &#xA2A;&#xA41;&#xA32;&#xA3F;&#xA38; &#xA2E;&#xA41;&#xA32;&#xA3E;&#xA1C;&#xA3C;&#xA2E; &#xA26;&#xA40; &#xA17;&#xA4B;&#xA32;&#xA40; &#xA2E;&#xA3E;&#xA30; &#xA15;&#xA47; &#xA39;&#xA71;&#xA24;&#xA3F;&#xA06;, &#xA24;&#xA39;&#xA3F;&#xA30;&#xA40;&#xA15;-&#xA0F;-&#xA24;&#xA3E;&#xA32;&#xA3F;&#xA2C;&#xA3E;&#xA28; &#xA39;&#xA3F;&#xA70;&#xA26;&#xA41;&#xA38;&#xA24;&#xA3E;&#xA28; &#xA28;&#xA47; &#xA32;&#xA08; &#xA1C;&#xA3C;&#xA3F;&#xA70;&#xA2E;&#xA47;&#xA35;&#xA3E;&#xA30;&#xA40; - Police personnel shot dead in Amritsar Tehreek e Taliban Hindustan claims responsibility",https://www.punjabijagran.com/punjab/amritsar-police-personnel-shot-dead-in-amritsar-tehreek-e-taliban-hindustan-claims-responsibility-9683594.html,Matched: tehreek e taliban | signals: taliban,tehreek e taliban,taliban; topic:ARMEDCONFLICT; topic:KILL; topic:SECURITY_SERVICES
alert,QDe.132,TEHRIK-E TALIBAN PAKISTAN (TTP),Al-Qaida,0.60,,2026-09-18,khaskhabar.com,"Punjab: ASI shot dead while on duty; Tehreek-e-Taliban Hindustan claims responsibility., Amritsar News in Hindi",https://www.khaskhabar.com/local/punjab/amritsar-news/news-punjab-asi-shot-dead-while-on-duty-tehreek-e-taliban-hindustan-claims-responsibility-news-hindi-1-845610-KKN.html,Matched: tehreek e taliban | signals: taliban,tehreek e taliban,taliban; topic:ARMEDCONFLICT; topic:KILL; topic:SECURITY_SERVICES
alert,QDe.132,TEHRIK-E TALIBAN PAKISTAN (TTP),Al-Qaida,0.60,,2026-09-26,divyabhaskar.co.in,Pakistan Suicide Attack; Tehreek-e-Taliban Claims Khyber Pakhtunkhwa Blast,https://www.divyabhaskar.co.in/international/news/pakistan-suicide-bombing-khyber-pakhtunkhwa-police-attack-139158457.html,Matched: tehreek e taliban | signals: taliban,tehreek e taliban,attack; suicide; taliban; topic:ARMEDCONFLICT; topic:EXTREMISM; topic:KILL
alert,QDe.132,TEHRIK-E TALIBAN PAKISTAN (TTP),Al-Qaida,0.60,,2026-07-14,ariananews.af,Fitrat says Pakistan's attacks on Afghanistan have always been met with a response | Ariana News,https://www.ariananews.af/fitrat-says-pakistans-attacks-on-afghanistan-have-always-been-met-with-a-response/,Matched: tehreek e taliban | signals: taliban,tehreek e taliban,attack; daesh; houthi; militan; topic:ARMEDCONFLICT; topic:KILL
alert,QDe.132,TEHRIK-E TALIBAN PAKISTAN (TTP),Al-Qaida,0.60,,2026-07-24,thehindu.com,"Suicide bombing in Pakistan kills 15, including 12 soldiers: Army",https://www.thehindu.com/news/international/suicide-bombing-in-pakistan-kills-several-people-including-soldiers-updates/article71262870.ece,Matched: tehreek e taliban | signals: taliban,tehreek e taliban,attack; bombing; explosive; killing; suicide; topic:ARMEDCONFLICT
alert,QDe.132,TEHRIK-E TALIBAN PAKISTAN (TTP),Al-Qaida,0.60,,2026-07-24,bordermail.com.au,"Pakistan suicide bomb kills 15, including 12 soldiers",https://www.bordermail.com.au/story/9317306/pakistan-suicide-bomb-kills-15-including-12-soldiers/,Matched: tehreek e taliban | signals: taliban,tehreek e taliban,attack; bomb; explosive; financ; suicide; topic:ARMEDCONFLICT
alert,QDe.135,ANSAR EDDINE,Al-Qaida,0.90,,2026-07-29,thepoint.gm,Focus on violent extremism in the Sahel!,https://thepoint.gm/africa/gambia/editorial/focus-on-violent-extremism-in-the-sahel,"Matched: ansar dine | signals: al qaeda, jihad, mali, rebel",ansar dine,al qaeda; attack; boko haram; captur; extremis; topic:ARMEDCONFLICT
alert,QDe.135,ANSAR EDDINE,Al-Qaida,0.90,,2026-07-31,indiatimes.com,Sahel: How this African region became the hub of global jihad,https://timesofindia.indiatimes.com/world/rest-of-world/sahel-how-this-african-region-became-the-hub-of-global-jihad/articleshow/132769286.cms,"Matched: ansar dine | signals: al qaeda, isis, jihad, mali",ansar dine,al qaeda; arrest; attack; boko haram; jihad; topic:ARMEDCONFLICT
alert,QDe.135,ANSAR EDDINE,Al-Qaida,0.90,,2026-09-08,cfr.org,Global Experts Reflect on the Legacy of the War on Terrorism | Council on Foreign Relations,https://www.cfr.org/articles/the-war-on-terrorism-global-experts-reflect-on-lessons-learned-twenty-five-years-after-9-11,"Matched: ansar dine | signals: al shabaab, mali, terror, terrorist",ansar dine,al qaeda; armed group; arrest; attack; terror; topic:ARMEDCONFLICT
alert,QDe.135,ANSAR EDDINE,Al-Qaida,0.70,,2026-07-09,warontherocks.com,Victory for al-Qaeda's Affiliate in Mali Would be a Regional Catastrophe,https://warontherocks.com/victory-for-al-qaedas-affiliate-in-mali-would-be-a-regional-catastrophe/,"Matched: ansar eddine | signals: al qaeda, mali",ansar eddine,al qaeda; arrest; attack; boko haram; topic:TAX_TERROR_GROUP; topic:TAX_TERROR_GROUP_ISLAMIC_STATE
alert,QDe.135,ANSAR EDDINE,Al-Qaida,0.70,,2026-07-09,warontherocks.com,Victory for al-Qaeda's Affiliate in Mali Would be a Catastrophe,https://warontherocks.com/victory-for-al-qaedas-affiliate-in-mali-would-be-a-catastrophe/,"Matched: ansar eddine | signals: al qaeda, mali",ansar eddine,al qaeda; arrest; attack; boko haram; topic:TAX_TERROR_GROUP; topic:TAX_TERROR_GROUP_ISLAMIC_STATE
alert,QDe.138,JAMA'ATU AHLIS SUNNA LIDDA'AWATI WAL-JIHAD,Al-Qaida,1.00,,2026-07-28,dailypost.ng,Wanted Boko Haram spy arrested in Borno,https://dailypost.ng/2026/07/28/wanted-boko-haram-spy-arrested-in-borno/,"Matched: boko haram | signals: arrest, arrested, nigeria, terror, terrorist",boko haram,arrest; attack; boko haram; killed; topic:ARMEDCONFLICT; topic:ARREST
alert,QDe.138,JAMA'ATU AHLIS SUNNA LIDDA'AWATI WAL-JIHAD,Al-Qaida,1.00,,2026-07-29,thecable.ng,Wanted 'Boko Haram spy' arrested over link to terrorist attack in Borno,https://www.thecable.ng/wanted-boko-haram-spy-arrested-over-link-to-terrorist-attack-in-borno/,"Matched: boko haram | signals: arrest, arrested, terror, terrorist, wanted",boko haram,arrest; attack; boko haram; terror; topic:ARMEDCONFLICT; topic:ARREST
alert,QDe.138,JAMA'ATU AHLIS SUNNA LIDDA'AWATI WAL-JIHAD,Al-Qaida,1.00,,2026-08-04,dailypost.ng,Army arrests suspected Boko Haram fighter linked to attack on military school in Yobe,https://dailypost.ng/2026/08/04/army-arrests-suspected-boko-haram-fighter-linked-to-attack-on-military-school-in-yobe/,"Matched: boko haram | signals: arrest, arrested, nigeria, terror, terrorist",boko haram,arrest; attack; boko haram; designat; topic:ARMEDCONFLICT; topic:ARREST
alert,QDe.138,JAMA'ATU AHLIS SUNNA LIDDA'AWATI WAL-JIHAD,Al-Qaida,1.00,,2026-08-05,allafrica.com,Nigeria: Troops Arrest Suspected Boko Haram Fighter Linked to Attack On Military School,https://allafrica.com/stories/202608050120.html,"Matched: boko haram | signals: arrest, arrested, nigeria, terror, terrorist",boko haram,arms; arrest; attack; boko haram; topic:ARMEDCONFLICT; topic:ARREST
alert,QDe.138,JAMA'ATU AHLIS SUNNA LIDDA'AWATI WAL-JIHAD,Al-Qaida,0.90,,2026-07-11,vanguardngr.com,"'Boko Haram uses AI to make bombs, plot operations'",https://www.vanguardngr.com/2026/07/boko-haram-uses-ai-to-make-bombs-plot-operations/,"Matched: boko haram | signals: insurgent, terror, terrorist, weapons",boko haram,arms; arrest; boko haram; bomb; topic:INSURGENCY; topic:KILL
alert,QDe.138,JAMA'ATU AHLIS SUNNA LIDDA'AWATI WAL-JIHAD,Al-Qaida,0.90,,2026-07-11,dailypost.ng,How Boko Haram uses AI to build bombs &#x2014; Report reveals,https://dailypost.ng/2026/07/11/how-boko-haram-uses-ai-to-build-bombs-report-reveals/,"Matched: boko haram | signals: nigeria, terror, terrorist, weapons",boko haram,attack; boko haram; explosive; extremis; topic:ARMEDCONFLICT; topic:EXTREMISM
alert,QDe.138,JAMA'ATU AHLIS SUNNA LIDDA'AWATI WAL-JIHAD,Al-Qaida,0.90,,2026-07-11,aa.com.tr,Dozens of Boko Haram terrorists killed in Nigerian airstrike,https://aa.com.tr/en/africa/dozens-of-boko-haram-terrorists-killed-in-nigerian-airstrike/3995296,"Matched: boko haram | signals: killed, nigeria, terror, terrorist",boko haram,boko haram; killed; terror; topic:ARMEDCONFLICT; topic:KILL; topic:MILITARY
alert,QDe.138,JAMA'ATU AHLIS SUNNA LIDDA'AWATI WAL-JIHAD,Al-Qaida,0.90,,2026-07-14,medafricatimes.com,Nigerian airstrike kills dozens of Boko Haram fighters in Borno &#x2013; Medafrica Times,https://medafricatimes.com/46219-nigerian-airstrike-kills-dozens-of-boko-haram-fighters-in-borno.html,"Matched: boko haram | signals: killed, nigeria, terror, terrorist",boko haram,attack; boko haram; explosive; insurg; topic:ARMEDCONFLICT; topic:INSURGENCY
alert,QDe.138,JAMA'ATU AHLIS SUNNA LIDDA'AWATI WAL-JIHAD,Al-Qaida,0.90,,2026-07-20,allafrica.com,Nigeria: A Decade of Boko Haram Insurgency - Nigeria's Enduring Security Crisis and the Human Cost of Terror,https://allafrica.com/stories/202607200077.html,"Matched: boko haram | signals: insurgent, isis, nigeria, terror",boko haram,armed group; attack; boko haram; bombing; insurg; terror
alert,QDe.138,JAMA'ATU AHLIS SUNNA LIDDA'AWATI WAL-JIHAD,Al-Qaida,0.90,,2026-07-26,pmnewsnigeria.com,Troops arrest two suspected Boko Haram informants at Yobe market,https://pmnewsnigeria.com/2026/07/26/troops-arrest-two-suspected-boko-haram-informants-at-yobe-market/,"Matched: boko haram | signals: arrest, arrested, killed, nigeria",boko haram,arrest; attack; boko haram; insurg; topic:ARMEDCONFLICT; topic:ARREST
alert,QDe.138,JAMA'ATU AHLIS SUNNA LIDDA'AWATI WAL-JIHAD,Al-Qaida,0.90,,2026-08-02,dailypost.ng,"Troops storm suspected Boko Haram hideouts in Yobe, intensify hunt for terrorists",https://dailypost.ng/2026/08/02/troops-storm-suspected-boko-haram-hideouts-in-yobe-intensify-hunt-for-terrorists/,"Matched: boko haram | signals: insurgent, nigeria, terror, terrorist",boko haram,arrest; attack; boko haram; insurg; terror; topic:ARMEDCONFLICT
alert,QDe.138,JAMA'ATU AHLIS SUNNA LIDDA'AWATI WAL-JIHAD,Al-Qaida,0.90,,2026-08-05,saharareporters.com,"Nigerian Troops Arrest Four Suspected Boko Haram Collaborators, Intercept 20 Terrorists' Family Members",https://saharareporters.com/2026/08/04/nigerian-troops-arrest-four-suspected-boko-haram-collaborators-intercept-20-terrorists,"Matched: boko haram | signals: arrest, nigeria, terror, terrorist",boko haram,arrest; boko haram; terror; topic:ARMEDCONFLICT; topic:ARREST; topic:INSURGENCY
alert,QDe.138,JAMA'ATU AHLIS SUNNA LIDDA'AWATI WAL-JIHAD,Al-Qaida,0.90,,2026-08-07,dailypost.ng,"Troops ambush Boko Haram tax collectors, recover AK-47 in Borno",https://dailypost.ng/2026/08/07/troops-ambush-boko-haram-tax-collectors-recover-ak-47-in-borno/,"Matched: boko haram | signals: nigeria, terror, terrorist, weapons",boko haram,arrest; boko haram; insurg; kidnap; topic:ARMEDCONFLICT; topic:INSURGENCY
alert,QDe.138,JAMA'ATU AHLIS SUNNA LIDDA'AWATI WAL-JIHAD,Al-Qaida,0.80,,2026-07-09,thesun.ng,"Boko Haram overruns Borno base, burns hospital, police post &#x2013; The Sun Nigeria",https://thesun.ng/boko-haram-overruns-borno-base-burns-hospital-police-post/,"Matched: boko haram | signals: nigeria, terror, terrorist",boko haram,attack; boko haram; insurg; kill; topic:ARMEDCONFLICT; topic:INSURGENCY
alert,QDe.138,JAMA'ATU AHLIS SUNNA LIDDA'AWATI WAL-JIHAD,Al-Qaida,0.80,,2026-07-09,pmnewsnigeria.com,"Soldier killed as Boko Haram razes police post, clinic in Borno",https://pmnewsnigeria.com/2026/07/09/soldier-killed-as-boko-haram-razes-police-post-clinic-in-borno/,"Matched: boko haram | signals: killed, terror, terrorist",boko haram,attack; boko haram; insurg; killed; topic:ARMEDCONFLICT; topic:INSURGENCY
alert,QDe.138,JAMA'ATU AHLIS SUNNA LIDDA'AWATI WAL-JIHAD,Al-Qaida,0.80,,2026-07-13,allafrica.com,"Nigeria: No Info About Our 78 Children Kidnapped By Boko Haram Weeks Ago, Parents Lament",https://allafrica.com/stories/202607130104.html,"Matched: boko haram | signals: nigeria, terror, terrorist",boko haram,boko haram; kidnap; proces; terror; topic:ARMEDCONFLICT; topic:KIDNAP
alert,QDe.138,JAMA'ATU AHLIS SUNNA LIDDA'AWATI WAL-JIHAD,Al-Qaida,0.80,,2026-07-13,modernghana.com,"Boko Haram, ISWAP And The AI Frontier: How Terrorists In Nigeria Are Weaponizing Chatbots",https://www.modernghana.com/news/1510068/boko-haram-iswap-and-the-ai-frontier-how-terrori.html,"Matched: boko haram | signals: nigeria, terror, terrorist",boko haram,attack; boko haram; bomb; explosive; terror; topic:ARMEDCONFLICT
alert,QDe.138,JAMA'ATU AHLIS SUNNA LIDDA'AWATI WAL-JIHAD,Al-Qaida,0.80,,2026-07-15,nationalaccordnewspaper.com,Troops arrest pregnant woman with suspected Boko Haram supplies in Borno,https://www.nationalaccordnewspaper.com/troops-arrest-pregnant-woman-with-suspected-boko-haram-supplies-in-borno/,"Matched: boko haram | signals: arrest, arrested, insurgent",boko haram,arrest; attack; boko haram; insurg; topic:ARMEDCONFLICT; topic:ARREST
alert,QDe.138,JAMA'ATU AHLIS SUNNA LIDDA'AWATI WAL-JIHAD,Al-Qaida,0.80,,2026-07-18,dailypost.ng,Suspected Boko Haram informant confesses to spying on troops,https://dailypost.ng/2026/07/18/suspected-boko-haram-informant-confesses-to-spying-on-troops/,"Matched: boko haram | signals: nigeria, terror, terrorist",boko haram,arrest; attack; boko haram; insurg; topic:ARMEDCONFLICT; topic:ARREST
alert,QDe.138,JAMA'ATU AHLIS SUNNA LIDDA'AWATI WAL-JIHAD,Al-Qaida,0.80,,2026-07-22,allafrica.com,"Nigeria's Boko Haram Trials Flawed and Ineffective, HRW Warns",https://allafrica.com/view/group/main/main/id/00097529.html,"Matched: boko haram | signals: nigeria, terror, trial",boko haram,armed group; attack; boko haram; convict; topic:ARMEDCONFLICT; topic:ARREST
alert,QDe.138,JAMA'ATU AHLIS SUNNA LIDDA'AWATI WAL-JIHAD,Al-Qaida,0.80,,2026-07-24,dailypost.ng,Troops arrest two suspected Boko Haram members in Borno,https://dailypost.ng/2026/07/24/troops-arrest-two-suspected-boko-haram-members-in-borno/,"Matched: boko haram | signals: arrest, arrested, nigeria",boko haram,arrest; attack; boko haram; insurg; topic:ARMEDCONFLICT; topic:ARREST
alert,QDe.138,JAMA'ATU AHLIS SUNNA LIDDA'AWATI WAL-JIHAD,Al-Qaida,0.80,,2026-07-28,dailypost.ng,"Suspected Boko Haram terrorists kill forest guard, three others in Adamawa",https://dailypost.ng/2026/07/28/suspected-boko-haram-terrorists-kill-forest-guard-three-others-in-adamawa/,"Matched: boko haram | signals: nigeria, terror, terrorist",boko haram,attack; boko haram; kill; killed; terror; topic:ARMEDCONFLICT
alert,QDe.138,JAMA'ATU AHLIS SUNNA LIDDA'AWATI WAL-JIHAD,Al-Qaida,0.80,,2026-08-06,allafrica.com,Nigeria: Suspected Boko Haram Fighter Arrested Over Attack On Army School,https://allafrica.com/stories/202608060469.html,"Matched: boko haram | signals: arrest, arrested, nigeria",boko haram,arms; arrest; attack; boko haram; topic:ARMEDCONFLICT; topic:ARREST
alert,QDe.138,JAMA'ATU AHLIS SUNNA LIDDA'AWATI WAL-JIHAD,Al-Qaida,0.80,,2026-08-06,dailypost.ng,ISWAP wipes out top Boko Haram commanders in Borno ambush,https://dailypost.ng/2026/08/06/iswap-wipes-out-top-boko-haram-commanders-in-borno-ambush/,"Matched: boko haram, jama atu ahlis sunna lidda awati wal jihad | signals: commander, jihad, nigeria",boko haram; jama atu ahlis sunna lidda awati wal jihad,arrest; attack; boko haram; insurg; topic:ARMEDCONFLICT; topic:INSURGENCY
alert,QDe.138,JAMA'ATU AHLIS SUNNA LIDDA'AWATI WAL-JIHAD,Al-Qaida,0.80,,2026-08-06,dailypost.ng,"How ISWAP turned on Boko Haram, triggering Nigeria's deadliest terror rivalry",https://dailypost.ng/2026/08/06/how-iswap-turned-on-boko-haram-triggering-nigerias-deadliest-terror-rivalry/,"Matched: boko haram, jama atu ahlis sunna lidda awati wal jihad | signals: jihad, nigeria, terror",boko haram; jama atu ahlis sunna lidda awati wal jihad,arrest; boko haram; explosive; insurg; terror; topic:ARMEDCONFLICT
alert,QDe.138,JAMA'ATU AHLIS SUNNA LIDDA'AWATI WAL-JIHAD,Al-Qaida,0.70,,2026-07-09,dailytrust.com,"Borno: Boko Haram attacks military base, set police post on fire &#x2013; Daily Trust",https://dailytrust.com/borno-boko-haram-attacks-military-base-set-police-post-on-fire/,"Matched: boko haram | signals: terror, terrorist",boko haram,arrest; attack; boko haram; insurg; topic:ARMEDCONFLICT; topic:INSURGENCY
alert,QDe.138,JAMA'ATU AHLIS SUNNA LIDDA'AWATI WAL-JIHAD,Al-Qaida,0.70,,2026-07-10,dailytrust.com,Borno: Bride killed as Soldiers exchange gunfire with Boko Haram &#x2013; Daily Trust,https://dailytrust.com/bride-killed-as-soldiers-exchange-bullets-with-boko-haram-in-borno/,"Matched: boko haram | signals: insurgent, killed",boko haram,attack; boko haram; explosive; insurg; killed; topic:ARMEDCONFLICT
alert,QDe.138,JAMA'ATU AHLIS SUNNA LIDDA'AWATI WAL-JIHAD,Al-Qaida,0.70,,2026-07-14,nigeriasun.com,How jihadist groups like Boko Haram use AI for acts of terror,http://www.nigeriasun.com/news/279187258/how-jihadist-groups-like-boko-haram-use-ai-for-acts-of-terror,"Matched: boko haram | signals: jihad, terror",boko haram,boko haram; jihad; terror; topic:ARMEDCONFLICT; topic:JIHAD; topic:KILL
alert,QDe.138,JAMA'ATU AHLIS SUNNA LIDDA'AWATI WAL-JIHAD,Al-Qaida,0.70,,2026-07-14,scmp.com,"Boko Haram exploited US and Chinese AI chatbots for attacks, Cambridge study finds",https://www.scmp.com/news/us/article/3360585/boko-haram-exploited-us-and-chinese-ai-chatbots-attacks-cambridge-study-finds,"Matched: boko haram | signals: terror, terrorist",boko haram,attack; boko haram; bomb; islamic state; topic:ARMEDCONFLICT; topic:RELEASE_HOSTAGE
alert,QDe.138,JAMA'ATU AHLIS SUNNA LIDDA'AWATI WAL-JIHAD,Al-Qaida,0.70,,2026-07-22,hrw.org,"Nigeria: Boko Haram Trials Ineffective, Flawed",https://www.hrw.org/news/2026/07/22/nigeria-boko-haram-trials-ineffective-flawed,"Matched: boko haram | signals: nigeria, trial",boko haram,boko haram; topic:ARMEDCONFLICT; topic:ARREST; topic:INSURGENCY; trial
alert,QDe.138,JAMA'ATU AHLIS SUNNA LIDDA'AWATI WAL-JIHAD,Al-Qaida,0.70,,2026-07-22,miragenews.com,"Nigeria: Boko Haram Trials Flawed, Ineffective",https://www.miragenews.com/nigeria-boko-haram-trials-flawed-ineffective-1714273/,"Matched: boko haram | signals: nigeria, trial",boko haram,armed group; arrest; attack; boko haram; topic:ARMEDCONFLICT; topic:ARREST
alert,QDe.138,JAMA'ATU AHLIS SUNNA LIDDA'AWATI WAL-JIHAD,Al-Qaida,0.70,,2026-07-22,pmnewsnigeria.com,Kaigame tried to set me up over &#x20A6;5bn Boko Haram ransom payment - Ndume,https://pmnewsnigeria.com/2026/07/22/kaigame-tried-to-set-me-up-over-%E2%82%A65bn-boko-haram-ransom-payment-ndume/,"Matched: boko haram | signals: killed, wanted",boko haram,boko haram; killed; topic:KIDNAP; topic:TAX_TERROR_GROUP; topic:TAX_TERROR_GROUP_BOKO_HARAM; wanted
alert,QDe.138,JAMA'ATU AHLIS SUNNA LIDDA'AWATI WAL-JIHAD,Al-Qaida,0.70,,2026-07-23,dailypost.ng,"Boko Haram has mega sponsorship from within, outside Nigeria - Ex-Army Chief",https://dailypost.ng/2026/07/23/boko-haram-has-mega-sponsorship-from-within-outside-nigeria-ex-army-chief/,"Matched: boko haram | signals: commander, nigeria",boko haram,boko haram; killing; terror; topic:TAX_MILITARY_TITLE; topic:TAX_MILITARY_TITLE_COMMANDER; topic:TAX_TERROR_GROUP
alert,QDe.138,JAMA'ATU AHLIS SUNNA LIDDA'AWATI WAL-JIHAD,Al-Qaida,0.70,,2026-07-24,saharareporters.com,DSS Arrests Borno Youths Association President After Interview On Channels TV On Alleged Ransom Payments To Boko Haram,https://saharareporters.com/2026/07/23/dss-arrests-borno-youths-association-president-after-interview-channels-tv-alleged,"Matched: boko haram | signals: arrest, arrested",boko haram,arrest; boko haram; detain; terror; topic:ARMEDCONFLICT; topic:ARREST
alert,QDe.138,JAMA'ATU AHLIS SUNNA LIDDA'AWATI WAL-JIHAD,Al-Qaida,0.70,,2026-07-24,nationalaccordnewspaper.com,"Sowore alleges DSS arrested BOSYA President Kaigama over Boko Haram ransom claims, demands immediate release",https://www.nationalaccordnewspaper.com/sowore-alleges-dss-arrested-bosya-president-kaigama-over-boko-haram-ransom-claims-demands-immediate-release/,"Matched: boko haram | signals: arrest, arrested",boko haram,arrest; boko haram; detain; financ; topic:ARMEDCONFLICT; topic:ARREST
alert,QDe.138,JAMA'ATU AHLIS SUNNA LIDDA'AWATI WAL-JIHAD,Al-Qaida,0.70,,2026-07-25,dailypost.ng,"Who will visit Boko Haram, bandits like Jonathan did militants &#x2014; Gumi asks",https://dailypost.ng/2026/07/25/who-will-visit-boko-haram-bandits-like-jonathan-did-militants-gumi-asks/,"Matched: boko haram | signals: insurgent, nigeria",boko haram,attack; boko haram; insurg; killing; militan; topic:ARMEDCONFLICT
alert,QDe.138,JAMA'ATU AHLIS SUNNA LIDDA'AWATI WAL-JIHAD,Al-Qaida,0.70,,2026-07-28,dw.com,Are Nigeria's Boko Haram trials delivering justice?,https://www.dw.com/en/are-nigerias-boko-haram-trials-delivering-justice/audio-78147089,"Matched: boko haram | signals: nigeria, trial",boko haram,armed group; boko haram; convict; financ; topic:ARMEDCONFLICT; topic:INSURGENCY
alert,QDe.138,JAMA'ATU AHLIS SUNNA LIDDA'AWATI WAL-JIHAD,Al-Qaida,0.70,,2026-07-30,thesun.ng,"DSS arraigns man for raising funds for ISWAP, Boko Haram",https://thesun.ng/dss-arraigns-man-for-raising-funds-for-iswap-boko-haram/,"Matched: boko haram, jama atu ahlis sunna lidda awati wal jihad | signals: court, jihad",boko haram; jama atu ahlis sunna lidda awati wal jihad,attack; boko haram; financ; islamic state; topic:ARMEDCONFLICT; topic:ARREST
alert,QDe.138,JAMA'ATU AHLIS SUNNA LIDDA'AWATI WAL-JIHAD,Al-Qaida,0.70,,2026-08-01,nationalaccordnewspaper.com,Troops rescue woman abducted by Boko Haram in 2021 as Gwoza corridor recoveries hit 117,https://www.nationalaccordnewspaper.com/troops-rescue-woman-abducted-by-boko-haram-in-2021-as-gwoza-corridor-recoveries-hit-117/,"Matched: boko haram | signals: terror, terrorist",boko haram,attack; boko haram; insurg; kidnap; topic:ARMEDCONFLICT; topic:INSURGENCY
alert,QDe.138,JAMA'ATU AHLIS SUNNA LIDDA'AWATI WAL-JIHAD,Al-Qaida,0.70,,2026-08-01,vanguardngr.com,Nigerien soldiers reported killed in Boko Haram attack,https://www.vanguardngr.com/2026/08/nigerien-soldiers-reported-killed-in-boko-haram-attack/,"Matched: boko haram | signals: jihad, killed",boko haram,attack; boko haram; insurg; jihad; killed; topic:ARMEDCONFLICT
alert,QDe.138,JAMA'ATU AHLIS SUNNA LIDDA'AWATI WAL-JIHAD,Al-Qaida,0.70,,2026-08-03,premiumtimesng.com,Boko Haram's Cameroonian commanders are extending the group's reach,https://www.premiumtimesng.com/news/top-news/900366-boko-harams-cameroonian-commanders-are-extending-the-groups-reach.html,"Matched: boko haram | signals: commander, nigeria",boko haram,armed group; attack; boko haram; extremis; topic:ARMEDCONFLICT; topic:EXTREMISM
alert,QDe.138,JAMA'ATU AHLIS SUNNA LIDDA'AWATI WAL-JIHAD,Al-Qaida,0.70,,2026-08-05,dailytrust.com,"4 suspected Boko Haram collaborators arrested in Yobe, Borno",https://dailytrust.com/4-suspected-boko-haram-collaborators-arrested-in-yobe-borno/,"Matched: boko haram, jama atu ahlis sunna lidda awati wal jihad | signals: arrest, arrested",boko haram; jama atu ahlis sunna lidda awati wal jihad,arrest; boko haram; islamic state; jihad; topic:ARMEDCONFLICT; topic:ARREST
alert,QDe.138,JAMA'ATU AHLIS SUNNA LIDDA'AWATI WAL-JIHAD,Al-Qaida,0.70,,2026-08-06,leadership.ng,Suspected Boko Haram Fighter Arrested Over Attack On Army School,https://leadership.ng/suspected-boko-haram-fighter-arrested-over-attack-on-army-school/,"Matched: boko haram | signals: arrest, arrested",boko haram,arrest; attack; boko haram; topic:ARMEDCONFLICT; topic:ARREST; topic:INSURGENCY
alert,QDe.138,JAMA'ATU AHLIS SUNNA LIDDA'AWATI WAL-JIHAD,Al-Qaida,0.70,,2026-08-06,nigerianeye.com,"ISWAP wipes out top Boko Haram commanders in Borno ambush - Latest News In Nigeria, Nigeria News Today, Your Online Nigerian Newspaper",https://www.nigerianeye.com/2026/08/iswap-wipes-out-top-boko-haram.html,"Matched: boko haram | signals: commander, nigeria",boko haram,boko haram; topic:ARMEDCONFLICT; topic:INSURGENCY; topic:KILL
alert,QDe.138,JAMA'ATU AHLIS SUNNA LIDDA'AWATI WAL-JIHAD,Al-Qaida,0.70,,2026-08-07,dailypost.ng,ISWAP captures key Boko Haram enclave after &#x20A6;40m cash raid sparks fierce battle,https://dailypost.ng/2026/08/07/iswap-captures-key-boko-haram-enclave-after-%E2%82%A640m-cash-raid-sparks-fierce-battle/,"Matched: boko haram, jama atu ahlis sunna lidda awati wal jihad | signals: jihad, nigeria",boko haram; jama atu ahlis sunna lidda awati wal jihad,arrest; attack; boko haram; captur; topic:ARMEDCONFLICT; topic:KILL
alert,QDe.138,JAMA'ATU AHLIS SUNNA LIDDA'AWATI WAL-JIHAD,Al-Qaida,0.60,,2026-07-10,promptnewsonline.com,"Bride, two others killed as troops repel Boko Haram attack",https://promptnewsonline.com/bride-two-others-killed-as-troops-repel-boko-haram-attack/,Matched: boko haram | signals: killed,boko haram,arrest; attack; boko haram; explosive; killed; topic:ARMEDCONFLICT
alert,QDe.138,JAMA'ATU AHLIS SUNNA LIDDA'AWATI WAL-JIHAD,Al-Qaida,0.60,,2026-07-11,dailypost.ng,"Troops, local hunters destroy Boko Haram hideouts after Miringa attack in Borno",https://dailypost.ng/2026/07/11/troops-local-hunters-destroy-boko-haram-hideouts-after-miringa-attack-in-borno/,Matched: boko haram | signals: nigeria,boko haram,arms; arrest; attack; boko haram; topic:ARMEDCONFLICT; topic:INSURGENCY
alert,QDe.138,JAMA'ATU AHLIS SUNNA LIDDA'AWATI WAL-JIHAD,Al-Qaida,0.60,,2026-07-11,nigerianeye.com,"Boko Haram Exploiting AI Tools to Enhance Bombs, Attacks - Report - Latest News In Nigeria, Nigeria News Today, Your Online Nigerian Newspaper",https://www.nigerianeye.com/2026/07/boko-haram-exploiting-ai-tools-to.html,Matched: boko haram | signals: nigeria,boko haram,attack; boko haram; topic:ARMEDCONFLICT; topic:EXTREMISM; topic:INSURGENCY
alert,QDe.138,JAMA'ATU AHLIS SUNNA LIDDA'AWATI WAL-JIHAD,Al-Qaida,0.60,,2026-07-12,thisdaylive.com,"Report: Boko Haram Uses AI to Make Bombs, Plot Operations &#x2013; THISDAYLIVE",https://www.thisdaylive.com/2026/07/12/report-boko-haram-uses-ai-to-make-bombs-plot-operations/,Matched: boko haram | signals: nigeria,boko haram,boko haram; bomb; insurg; islamic state; topic:INSURGENCY; topic:KILL
alert,QDe.138,JAMA'ATU AHLIS SUNNA LIDDA'AWATI WAL-JIHAD,Al-Qaida,0.60,,2026-07-12,techtimes.com,"Boko Haram Built AI Units for Explosives Design, Attack Planning as ISIS Taught Jailbreaks",https://www.techtimes.com/articles/320203/20260712/boko-haram-built-ai-units-attack-planning-isis-taught-jailbreaks.htm,Matched: boko haram | signals: isis,boko haram,armed group; attack; boko haram; bomb; explosive; isis
alert,QDe.138,JAMA'ATU AHLIS SUNNA LIDDA'AWATI WAL-JIHAD,Al-Qaida,0.60,,2026-07-12,premiumtimesng.com,"Boko Haram used ChatGPT, other AI tools to plan attacks, build bombs",https://www.premiumtimesng.com/news/top-news/894830-boko-haram-used-chatgpt-other-ai-tools-to-plan-attacks-build-bombs-report.html,"Matched: boko haram, jama atu ahlis sunna lidda awati wal jihad | signals: nigeria",boko haram; jama atu ahlis sunna lidda awati wal jihad,al qaeda; attack; boko haram; captur; topic:ARMEDCONFLICT; topic:EXTREMISM
alert,QDe.138,JAMA'ATU AHLIS SUNNA LIDDA'AWATI WAL-JIHAD,Al-Qaida,0.60,,2026-07-15,english.news.cn,"1 civilian killed, 4 soldiers injured in Boko Haram attack in Cameroon's Far North-Xinhua",https://english.news.cn/africa/20260715/58e384b174bb41a688233ad75f32820a/c.html,Matched: boko haram | signals: killed,boko haram,attack; boko haram; killed; killing; topic:ARMEDCONFLICT; topic:KILL
alert,QDe.138,JAMA'ATU AHLIS SUNNA LIDDA'AWATI WAL-JIHAD,Al-Qaida,0.60,,2026-07-22,punchng.com,Boko Haram Releases Obituary for Killed Cameraman,https://punchng.com/boko-haram-releases-obituary-for-cameraman-killed-in-attack/,Matched: boko haram | signals: killed,boko haram,attack; boko haram; islamic state; kidnap; killed; topic:ARMEDCONFLICT
alert,QDe.138,JAMA'ATU AHLIS SUNNA LIDDA'AWATI WAL-JIHAD,Al-Qaida,0.60,,2026-07-22,dailypost.ng,Boko Haram recruits kidnapped children after losing fighters &#x2013; Presidency,https://dailypost.ng/2026/07/22/boko-haram-recruits-kidnapped-children-after-losing-fighters-presidency/,Matched: boko haram | signals: nigeria,boko haram,attack; boko haram; kidnap; killing; topic:KIDNAP; topic:TAX_TERROR_GROUP
alert,QDe.138,JAMA'ATU AHLIS SUNNA LIDDA'AWATI WAL-JIHAD,Al-Qaida,0.60,,2026-07-23,nigerianeye.com,"Boko Haram Has Mega Sponsorship From Within, Outside Nigeria &#x2013; Ex-Army Chief - Latest News In Nigeria, Nigeria News Today, Your Online Nigerian Newspaper",https://www.nigerianeye.com/2026/07/boko-haram-has-mega-sponsorship-from.html,Matched: boko haram | signals: nigeria,boko haram,boko haram; topic:TAX_MILITARY_TITLE; topic:TAX_MILITARY_TITLE_COMMANDER; topic:TAX_TERROR_GROUP
alert,QDe.138,JAMA'ATU AHLIS SUNNA LIDDA'AWATI WAL-JIHAD,Al-Qaida,0.60,,2026-07-23,informationng.com,"Nigerian Army announce killing of Boko Haram chief photographer, oda members &#x2013; Information Nigeria Pidgin",https://pidgin.informationng.com/?p=35491,Matched: boko haram | signals: nigeria,boko haram,boko haram; killing; topic:ARMEDCONFLICT; topic:EXTREMISM; topic:INSURGENCY
alert,QDe.138,JAMA'ATU AHLIS SUNNA LIDDA'AWATI WAL-JIHAD,Al-Qaida,0.60,,2026-07-25,thisdaylive.com,Ndume Demands Public Probe into N5bn Boko Haram Ransom Allegation &#x2013; THISDAYLIVE,https://www.thisdaylive.com/2026/07/25/ndume-demands-public-probe-into-n5bn-boko-haram-ransom-allegation/,Matched: boko haram | signals: nigeria,boko haram,boko haram; detain; financ; insurg; topic:ARMEDCONFLICT; topic:ARREST
alert,QDe.138,JAMA'ATU AHLIS SUNNA LIDDA'AWATI WAL-JIHAD,Al-Qaida,0.60,,2026-07-25,dailypost.ng,"Gumi questions absence of government dialogue with Boko Haram, bandits",https://dailypost.ng/2026/07/25/gumi-questions-absence-of-government-dialogue-with-boko-haram-bandits/,Matched: boko haram | signals: nigeria,boko haram,armed group; attack; boko haram; financ; topic:ARMEDCONFLICT; topic:TAX_FNCACT_MILITARY_OFFICER
alert,QDe.138,JAMA'ATU AHLIS SUNNA LIDDA'AWATI WAL-JIHAD,Al-Qaida,0.60,,2026-07-25,nigerianeye.com,"Who'll Visit Boko Haram, Bandits Like Jonathan, Osinbajo Visited Militants &#x2013; Gumi - Latest News In Nigeria, Nigeria News Today, Your Online Nigerian Newspaper",https://www.nigerianeye.com/2026/07/wholl-visit-boko-haram-bandits-like.html,Matched: boko haram | signals: nigeria,boko haram,armed group; boko haram; insurg; kidnap; militan; topic:ARMEDCONFLICT
alert,QDe.138,JAMA'ATU AHLIS SUNNA LIDDA'AWATI WAL-JIHAD,Al-Qaida,0.60,,2026-07-26,thesun.ng,"Ex-IG, Mike Okiro's bombshell: How FG's error birthed Boko Haram",https://thesun.ng/ex-ig-mike-okiros-bombshell-how-fgs-error-birthed-boko-haram/,Matched: boko haram | signals: terror,boko haram,arms; arrest; attack; boko haram; topic:ARMEDCONFLICT; topic:ARREST
alert,QDe.138,JAMA'ATU AHLIS SUNNA LIDDA'AWATI WAL-JIHAD,Al-Qaida,0.60,,2026-07-29,premiumtimesng.com,"EXCLUSIVE: How alleged coup plotters planned to recruit repentant Boko Haram, civilian JTF members",https://www.premiumtimesng.com/news/headlines/898905-exclusive-how-alleged-coup-plotters-planned-to-recruit-repentant-boko-haram-civilian-jtf-members.html,Matched: boko haram | signals: nigeria,boko haram,arms; arrest; attack; boko haram; topic:ARMEDCONFLICT; topic:ARREST
alert,QDe.138,JAMA'ATU AHLIS SUNNA LIDDA'AWATI WAL-JIHAD,Al-Qaida,0.60,,2026-07-29,allafrica.com,"Nigeria: Exclusive - How Alleged Coup Plotters Planned to Recruit Repentant Boko Haram, Civilian JTF Members",https://allafrica.com/stories/202607290043.html,Matched: boko haram | signals: nigeria,boko haram,arms; arrest; boko haram; explosive; topic:ARMEDCONFLICT; topic:ARREST
alert,QDe.138,JAMA'ATU AHLIS SUNNA LIDDA'AWATI WAL-JIHAD,Al-Qaida,0.60,,2026-07-29,thesun.ng,"DSS arraigns man for allegedly raising funds for ISWAP, Boko Haram",https://thesun.ng/dss-arraigns-man-for-allegedly-raising-funds-for-iswap-boko-haram/,"Matched: boko haram, jama atu ahlis sunna lidda awati wal jihad | signals: court",boko haram; jama atu ahlis sunna lidda awati wal jihad,attack; boko haram; financ; islamic state; topic:ARMEDCONFLICT; topic:ARREST
alert,QDe.138,JAMA'ATU AHLIS SUNNA LIDDA'AWATI WAL-JIHAD,Al-Qaida,0.60,,2026-07-29,premiumtimesng.com,"SSS arraigns man for soliciting funds for ISWAP, Boko Haram following kidnap incident",https://www.premiumtimesng.com/news/top-news/899248-sss-arraigns-man-for-soliciting-funds-for-iswap-boko-haram-following-kidnap-incident.html,"Matched: boko haram, jama atu ahlis sunna lidda awati wal jihad | signals: nigeria",boko haram; jama atu ahlis sunna lidda awati wal jihad,arrest; attack; boko haram; financ; kidnap; topic:ARMEDCONFLICT
alert,QDe.138,JAMA'ATU AHLIS SUNNA LIDDA'AWATI WAL-JIHAD,Al-Qaida,0.60,,2026-08-01,punchng.com,Boko Haram Ready for Negotiation Over Borno Abductions,https://punchng.com/were-ready-for-negotiation-abductors-of-50-borno-residents-tell-families/,Matched: boko haram | signals: insurgent,boko haram,attack; boko haram; insurg; kidnap; topic:ARMEDCONFLICT; topic:KIDNAP
alert,QDe.138,JAMA'ATU AHLIS SUNNA LIDDA'AWATI WAL-JIHAD,Al-Qaida,0.60,,2026-08-01,saharareporters.com,"Nigerian Troops Foil Boko Haram Abduction On Borno Road, Rescue 31 Civilians",https://saharareporters.com/2026/07/31/nigerian-troops-foil-boko-haram-abduction-borno-road-rescue-31-civilians,Matched: boko haram | signals: nigeria,boko haram,boko haram; topic:ARMEDCONFLICT; topic:INSURGENCY; topic:KIDNAP
alert,QDe.138,JAMA'ATU AHLIS SUNNA LIDDA'AWATI WAL-JIHAD,Al-Qaida,0.60,,2026-08-03,nationalaccordnewspaper.com,"Allamin Foundation intensifies peace, reintegration campaign for Boko Haram-affected widows, orphans in Borno",https://www.nationalaccordnewspaper.com/allamin-foundation-intensifies-peace-reintegration-campaign-for-boko-haram-affected-widows-orphans-in-borno/,Matched: boko haram | signals: nigeria,boko haram,boko haram; extremis; insurg; proces; topic:INSURGENCY; topic:TAX_TERROR_GROUP
alert,QDe.138,JAMA'ATU AHLIS SUNNA LIDDA'AWATI WAL-JIHAD,Al-Qaida,0.60,,2026-08-03,allafrica.com,Cameroon: Boko Haram's Cameroonian Commanders Are Extending the Group's Reach,https://allafrica.com/stories/202608030669.html,Matched: boko haram | signals: commander,boko haram,armed group; arms; attack; boko haram; topic:ARMEDCONFLICT; topic:EXTREMISM
alert,QDe.138,JAMA'ATU AHLIS SUNNA LIDDA'AWATI WAL-JIHAD,Al-Qaida,0.60,,2026-08-04,punchng.com,Army Arrests Four Boko Haram Logistics Suppliers in Borno,https://punchng.com/army-arrests-four-boko-haram-logistics-suppliers-in-borno/,"Matched: boko haram, jama atu ahlis sunna lidda awati wal jihad | signals: arrest",boko haram; jama atu ahlis sunna lidda awati wal jihad,arrest; boko haram; insurg; islamic state; topic:ARMEDCONFLICT; topic:ARREST
alert,QDe.138,JAMA'ATU AHLIS SUNNA LIDDA'AWATI WAL-JIHAD,Al-Qaida,0.60,,2026-08-07,africa.com,Cameroonian Commanders Strengthen Boko Haram's Reach,https://www.africa.com/top-10-news/cameroonian-commanders-strengthen-boko-harams-reach,Matched: boko haram | signals: commander,boko haram,boko haram; topic:ARMEDCONFLICT; topic:EXTREMISM; topic:TAX_TERROR_GROUP
alert,QDe.138,JAMA'ATU AHLIS SUNNA LIDDA'AWATI WAL-JIHAD,Al-Qaida,0.60,,2026-08-08,thesun.ng,Life in Sambissa: Ex-Boko Haram insurgents open up,https://thesun.ng/life-in-sambissa-ex-boko-haram-insurgents-open-up/,Matched: boko haram | signals: insurgent,boko haram,arms; arrest; attack; boko haram; insurg; topic:ARMEDCONFLICT
alert,QDe.138,JAMA'ATU AHLIS SUNNA LIDDA'AWATI WAL-JIHAD,Al-Qaida,0.60,,2026-08-08,english.news.cn,8 killed in suspected Boko Haram raid in Cameroon-Xinhua,https://english.news.cn/20260808/163c83b6c8c94a86a53f881f2ce28f65/c.html,Matched: boko haram | signals: killed,boko haram,attack; boko haram; killed; terror; topic:ARMEDCONFLICT; topic:KILL
alert,QDe.138,JAMA'ATU AHLIS SUNNA LIDDA'AWATI WAL-JIHAD,Al-Qaida,0.60,,2026-08-08,news.az,8 killed in suspected Boko Haram raid in Cameroon,https://news.az/news/8-killed-in-suspected-boko-haram-raid-in-cameroon,Matched: boko haram | signals: killed,boko haram,boko haram; killed; topic:ARMEDCONFLICT; topic:KILL; topic:TAX_TERROR_GROUP
alert,QDe.141,AL MOURABITOUN,Al-Qaida,0.60,,2026-08-13,wordpress.com,What about the Fatimid sultan kingdom in Egypt and their  alliance with the Crusading campaigns?,https://adonis49.wordpress.com/2026/08/13/what-about-the-fatimid-sultan-kingdom-in-egypt-and-their-alliance-with-the-crusading-campaigns/,Matched: al mourabitoun | signals: adf,al mourabitoun,assassinat; bombing; captur; designat; topic:ARMEDCONFLICT; topic:ARREST
alert,QDe.142,ANSARUL MUSLIMINA FI BILADIS SUDAN,Al-Qaida,1.00,,2026-07-22,channelstv.com,"Two Ansaru Commanders Plead Guilty To Terrorism, Kidnapping",https://www.channelstv.com/2026/07/20/ansaru-commanders-plead-guilty-to-terrorism-kidnapping/,"Matched: ansaru | signals: arrest, arrested, commander, court, terror",ansaru,al qaeda; arrest; attack; boko haram; kidnap; terror
alert,QDe.142,ANSARUL MUSLIMINA FI BILADIS SUDAN,Al-Qaida,1.00,,2026-07-24,bentelevision.com,"Terrorism, Kidnapping: DSS Pushes Tougher Punishment, Demands Death Penalty - Ben Television | Breaking",https://bentelevision.com/terrorism-kidnapping-dss-pushes-tougher-punishment-demands-death-penalty/,"Matched: ansaru | signals: convicted, court, nigeria, terror, terrorist",ansaru,attack; convict; extremis; financ; kidnap; terror
alert,QDe.142,ANSARUL MUSLIMINA FI BILADIS SUDAN,Al-Qaida,0.90,,2026-07-09,premiumtimesng.com,Captured suspected Ansaru commander considers changing not-guilty plea in terrorism trial,https://www.premiumtimesng.com/news/top-news/894158-captured-suspected-ansaru-commander-considers-changing-not-guilty-plea-in-terrorism-trial.html,"Matched: ansaru, ansarul muslimina fi biladis sudan | signals: commander, nigeria, terror, trial",ansaru; ansarul muslimina fi biladis sudan,al qaeda; arrest; attack; boko haram; captur; terror
alert,QDe.142,ANSARUL MUSLIMINA FI BILADIS SUDAN,Al-Qaida,0.90,,2026-07-20,vanguardngr.com,DSS to appeal life sentences on 2 Ansaru top terror commanders,https://www.vanguardngr.com/2026/07/dss-to-appeal-life-sentences-on-2-ansaru-top-terror-commanders/,"Matched: ansaru | signals: commander, court, nigeria, terror",ansaru,convict; insurg; kidnap; sentenced; terror; topic:ARMEDCONFLICT
alert,QDe.142,ANSARUL MUSLIMINA FI BILADIS SUDAN,Al-Qaida,0.90,,2026-07-29,channelstv.com,"FG Arraigns Ansaru Commanders, Three Others Over Oriire Kidnap",https://www.channelstv.com/2026/07/29/fg-arraigns-ansaru-commanders-three-others-over-oriire-kidnap/,"Matched: ansaru | signals: commander, court, terror, terrorist",ansaru,al qaeda; arrest; attack; designat; kidnap; topic:ARMEDCONFLICT
alert,QDe.142,ANSARUL MUSLIMINA FI BILADIS SUDAN,Al-Qaida,0.90,,2026-07-14,thisdaylive.com,"The Oriire Rescue, Hijab Saga and Fundamental Rights &#x2013; THISDAYLIVE",https://www.thisdaylive.com/2026/07/14/the-oriire-rescue-hijab-saga-and-fundamental-rights/,"Matched: ansaru | signals: al qaeda, jihad, terror, terrorist",ansaru,al qaeda; arrest; boko haram; convict; topic:ARMEDCONFLICT; topic:ARREST
alert,QDe.142,ANSARUL MUSLIMINA FI BILADIS SUDAN,Al-Qaida,0.90,,2026-07-21,dailypost.ng,Nigerian Newspapers: 10 things you need to know Tuesday morning,https://dailypost.ng/2026/07/21/nigerian-newspapers-10-things-you-need-to-know-tuesday-morning-137/,"Matched: ansaru | signals: commander, court, nigeria, terror",ansaru,arrest; attack; financ; killing; topic:ARMEDCONFLICT; topic:ARREST
alert,QDe.142,ANSARUL MUSLIMINA FI BILADIS SUDAN,Al-Qaida,0.90,,2026-07-21,allafrica.com,"Africa: All of Africa Today - July 21, 2026",https://allafrica.com/stories/202607210133.html,"Matched: ansaru | signals: court, nigeria, terror, terrorist",ansaru,al qaeda; arms; arrest; convict; topic:ARMEDCONFLICT; topic:ARREST
alert,QDe.142,ANSARUL MUSLIMINA FI BILADIS SUDAN,Al-Qaida,0.90,,2026-07-23,thesun.ng,Court jails three for life over Oyo school abduction,https://thesun.ng/court-jails-three-for-life-over-oyo-school-abduction/,"Matched: ansaru | signals: court, nigeria, terror, terrorist",ansaru,attack; kidnap; kill; prosecut; topic:ARMEDCONFLICT; topic:ARREST
alert,QDe.142,ANSARUL MUSLIMINA FI BILADIS SUDAN,Al-Qaida,0.90,,2026-07-23,premiumtimesng.com,Court sentences three men linked to Oyo school abduction to life imprisonment,https://www.premiumtimesng.com/news/headlines/897629-court-sentences-three-men-linked-to-oyo-school-abduction-to-life-imprisonment.html,"Matched: ansaru, ansarul muslimina fi biladis sudan | signals: court, nigeria, terror, terrorist",ansaru; ansarul muslimina fi biladis sudan,arrest; attack; charged; convict; topic:ARMEDCONFLICT; topic:ARREST
alert,QDe.142,ANSARUL MUSLIMINA FI BILADIS SUDAN,Al-Qaida,0.90,,2026-07-24,allafrica.com,Nigeria: Court Sentences Three Men Linked to Oyo School Abduction to Life Imprisonment,https://allafrica.com/stories/202607240055.html,"Matched: ansaru, ansarul muslimina fi biladis sudan | signals: court, nigeria, terror, terrorist",ansaru; ansarul muslimina fi biladis sudan,arrest; attack; charged; convict; topic:ARMEDCONFLICT; topic:ARREST
alert,QDe.142,ANSARUL MUSLIMINA FI BILADIS SUDAN,Al-Qaida,0.80,,2026-07-20,nationalaccordnewspaper.com,"DSS appeals life sentence on Ansaru terror commanders, seeks maximum penalty on behalf of murdered Oriire teachers",https://www.nationalaccordnewspaper.com/dss-appeals-life-sentence-on-ansaru-terror-commanders-seeks-maximum-penalty-on-behalf-of-murdered-oriire-teachers/,"Matched: ansaru | signals: commander, court, terror",ansaru,convict; financ; kidnap; terror; topic:ARMEDCONFLICT; topic:ARREST
alert,QDe.142,ANSARUL MUSLIMINA FI BILADIS SUDAN,Al-Qaida,0.80,,2026-09-08,silverbirdtv.com,US Embassy Commends Arrest of Ansaru Terrorist Leaders,http://silverbirdtv.com/us-embassy-commends-arrest-of-ansaru-terrorist-leaders/,"Matched: ansaru, ansarul muslimina fi biladis sudan | signals: arrest, terror, terrorist",ansaru; ansarul muslimina fi biladis sudan,arrest; attack; boko haram; captur; terror; topic:ARMEDCONFLICT
alert,QDe.142,ANSARUL MUSLIMINA FI BILADIS SUDAN,Al-Qaida,0.80,,2026-07-17,promptnewsonline.com,"FG arraigns three over Oyo school abduction, terrorism offences",https://promptnewsonline.com/fg-arraigns-three-over-oyo-school-abduction-terrorism-offences/,"Matched: ansaru, ansarul muslimina fi biladis sudan | signals: nigeria, terror, terrorist",ansaru; ansarul muslimina fi biladis sudan,charged; kidnap; prosecut; terror; topic:ARMEDCONFLICT; topic:KIDNAP
alert,QDe.142,ANSARUL MUSLIMINA FI BILADIS SUDAN,Al-Qaida,0.80,,2026-07-17,premiumtimesng.com,"Nigerian govt charges three men with terrorism over Oyo school children, teachers abduction",https://www.premiumtimesng.com/news/headlines/896167-nigerian-govt-charges-three-men-with-terrorism-over-oyo-school-children-teachers-abduction.html,"Matched: ansaru, ansarul muslimina fi biladis sudan | signals: nigeria, terror, terrorist",ansaru; ansarul muslimina fi biladis sudan,arrest; attack; charged; financ; terror; topic:ARMEDCONFLICT
alert,QDe.142,ANSARUL MUSLIMINA FI BILADIS SUDAN,Al-Qaida,0.80,,2026-07-23,premiumtimesng.com,BREAKING: Three suspected terrorists linked to Oyo school abduction plead guilty to terrorism charges,https://www.premiumtimesng.com/news/headlines/897577-breaking-three-suspected-terrorists-linked-to-oyo-school-abduction-plead-guilty-to-terrorism-charges.html,"Matched: ansaru, ansarul muslimina fi biladis sudan | signals: nigeria, terror, terrorist",ansaru; ansarul muslimina fi biladis sudan,arrest; attack; charged; financ; terror; topic:ARMEDCONFLICT
alert,QDe.142,ANSARUL MUSLIMINA FI BILADIS SUDAN,Al-Qaida,0.80,,2026-07-24,allafrica.com,Nigeria: Three Suspected Terrorists Linked to Oyo School Abduction Plead Guilty to Terrorism Charges,https://allafrica.com/stories/202607240030.html,"Matched: ansaru, ansarul muslimina fi biladis sudan | signals: nigeria, terror, terrorist",ansaru; ansarul muslimina fi biladis sudan,arrest; attack; charged; kidnap; terror; topic:ARMEDCONFLICT
alert,QDe.142,ANSARUL MUSLIMINA FI BILADIS SUDAN,Al-Qaida,0.70,,2026-07-29,premiumtimesng.com,"SSS re-arraigns two jailed Ansaru leaders, three life-sentence terrorism convicts linked to Oyo school abduction",https://www.premiumtimesng.com/news/headlines/899273-sss-re-arraigns-two-jailed-ansaru-leaders-three-life-sentence-terrorism-convicts-linked-to-oyo-school-abduction.html,"Matched: ansaru | signals: nigeria, terror",ansaru,al qaeda; arrest; attack; boko haram; convict; terror
alert,QDe.142,ANSARUL MUSLIMINA FI BILADIS SUDAN,Al-Qaida,0.70,,2026-07-30,allafrica.com,"Nigeria: SSS Re-Arraigns Two Jailed Ansaru Leaders, Three Life-Sentence Terrorism Convicts Linked to Oyo School Abduction",https://allafrica.com/stories/202607300040.html,"Matched: ansaru | signals: nigeria, terror",ansaru,al qaeda; arrest; attack; boko haram; convict; terror
alert,QDe.142,ANSARUL MUSLIMINA FI BILADIS SUDAN,Al-Qaida,0.70,,2026-07-14,thesun.ng,Insecurity and the broken window theory,https://thesun.ng/insecurity-and-the-broken-window-theory/,"Matched: ansaru | signals: arrest, arrested",ansaru,arms; arrest; assassinat; attack; topic:ARMEDCONFLICT; topic:ARREST
alert,QDe.142,ANSARUL MUSLIMINA FI BILADIS SUDAN,Al-Qaida,0.70,,2026-07-20,thenationonlineng.net,Oriire saga - The Nation Newspaper,https://thenationonlineng.net/oriire-saga/,"Matched: ansaru | signals: terror, terrorist",ansaru,boko haram; captur; charged; kidnap; topic:ARMEDCONFLICT; topic:KIDNAP
alert,QDe.142,ANSARUL MUSLIMINA FI BILADIS SUDAN,Al-Qaida,0.70,,2026-07-30,channelstv.com,"Joint Security Forces Rescue Nine Kidnapped Victims, Kill Three Bandits In Kwara",https://www.channelstv.com/2026/07/30/joint-security-forces-rescue-nine-kidnapped-victims-kill-three-bandits-in-kwara/,"Matched: ansaru | signals: arrest, commander",ansaru,arrest; attack; kidnap; kill; topic:ARMEDCONFLICT; topic:ARREST
alert,QDe.143,ANSAR AL-SHARI’A IN TUNISIA (AAS-T),Al-Qaida,0.70,,2026-08-08,theconservativetreehouse.com,August 8th - 2026 Presidential Politics - Trump Administration Day 566,https://theconservativetreehouse.com/blog/2026/08/08/august-8th-2026-presidential-politics-trump-administration-day-566/comment-page-2/,"Matched: ansar al sharia | signals: missile, taliban",ansar al sharia,arms; arrest; attack; charged; topic:MIL_SELF_IDENTIFIED_ARMS_DEAL; topic:REBELLION
alert,QDe.145,ANSAR AL CHARIA DERNA,Al-Qaida,0.70,,2026-08-08,theconservativetreehouse.com,August 8th - 2026 Presidential Politics - Trump Administration Day 566,https://theconservativetreehouse.com/blog/2026/08/08/august-8th-2026-presidential-politics-trump-administration-day-566/comment-page-2/,"Matched: ansar al sharia | signals: missile, taliban",ansar al sharia,arms; arrest; attack; charged; topic:MIL_SELF_IDENTIFIED_ARMS_DEAL; topic:REBELLION
alert,QDe.146,ANSAR AL CHARIA BENGHAZI,Al-Qaida,0.70,,2026-08-08,theconservativetreehouse.com,August 8th - 2026 Presidential Politics - Trump Administration Day 566,https://theconservativetreehouse.com/blog/2026/08/08/august-8th-2026-presidential-politics-trump-administration-day-566/comment-page-2/,"Matched: ansar al sharia | signals: missile, taliban",ansar al sharia,arms; arrest; attack; charged; topic:MIL_SELF_IDENTIFIED_ARMS_DEAL; topic:REBELLION
alert,QDe.150,MUJAHIDIN INDONESIAN TIMUR (MIT),Al-Qaida,1.00,,2026-10-05,straitstimes.com,Indonesia arrests 11 terrorism suspects in six provinces,https://www.straitstimes.com/asia/se-asia/indonesia-arrests-11-terrorism-suspects-in-raids-across-six-provinces,"Matched: east indonesia mujahideen | signals: arrest, arrested, indonesia, isis, terror",east indonesia mujahideen,arrest; attack; bombing; densus; terror; topic:ARMEDCONFLICT
alert,QDe.156,JUND AL AQSA,Al-Qaida,1.00,,2026-09-30,nltimes.nl,Dual national who joined Syria terror groups can lose Dutch citizenship: High Court,https://nltimes.nl/2026/09/30/dual-national-joined-syria-terror-groups-can-lose-dutch-citizenship-high-court,"Matched: jund al aqsa | signals: arrest, arrested, convicted, court, jihad",jund al aqsa,arrest; charged; convict; detain; terror; topic:ARMEDCONFLICT
alert,QDe.161,ISLAMIC STATE IN IRAQ AND THE LEVANT - KHORASAN (ISIL-K),Al-Qaida,0.80,,2026-08-31,patriotpost.us,Comprehensive Account: The Deadly Biden/Harris Afghanistan Surrender and Retreat &#x2014; Trump Was Right,https://patriotpost.us/alexander/82415-comprehensive-account-the-deadly-biden-harris-afghanistan-surrender-and-retreat-trump-was-right-2021-09-01,"Matched: isis k | signals: isis, taliban, terror",isis k,al qaeda; attack; bombing; bounty; topic:ARMEDCONFLICT; topic:EXTREMISM
alert,QDe.161,ISLAMIC STATE IN IRAQ AND THE LEVANT - KHORASAN (ISIL-K),Al-Qaida,0.80,,2026-08-31,patriotpost.us,"Mid-Day Digest &#x2014; August 31, 2026",https://patriotpost.us/digests/2026-08-31-mid-day-digest,"Matched: isis k | signals: isis, taliban, terror",isis k,al qaeda; arms; arrest; attack; topic:ARMEDCONFLICT; topic:EXTREMISM
alert,QDe.164,JAMAAH ANSHARUT DAULAH,Al-Qaida,0.90,,2026-10-05,channelnewsasia.com,Indonesia arrests 11 over suspected links to terrorist networks,https://www.channelnewsasia.com/asia/indonesia-arrests-11-suspected-terrorists-densus-88-6432196,"Matched: jamaah ansharut daulah | signals: arrest, arrested, terror, terrorist",jamaah ansharut daulah,arrest; densus; extremis; islamic state; terror; topic:ARMEDCONFLICT
alert,QDe.164,JAMAAH ANSHARUT DAULAH,Al-Qaida,0.70,,2026-10-02,thejakartapost.com,Indonesia's new terrorism challenge: The terrorist criminal continuum - Academia,http://www.thejakartapost.com/opinion/2026/10/02/indonesias-new-terrorism-challenge-the-terrorist-criminal-continuum,"Matched: jamaah ansharut daulah | signals: terror, terrorist",jamaah ansharut daulah,arrest; attack; densus; extremis; terror; topic:ARMEDCONFLICT
alert,QDe.167,JUND AL-KHILAFAH IN TUNISIA (JAK-T),Al-Qaida,1.00,,2026-07-28,jpost.com,Israel should follow Washington and designate Sudan's Muslim Brotherhood,http://www.jpost.com/opinion/article-903859,"Matched: jund al khilafah | signals: al qaeda, armed group, designated, jihad, terror",jund al khilafah,al qaeda; armed group; attack; blacklist; designat; topic:ARMEDCONFLICT
alert,QDi.001,MOHAMMED SALAHALDIN ABD EL HALIM ZIDANE,Al-Qaida,1.00,,2026-08-13,miragenews.com,"UNSC Updates Four ISIL, Al-Qaida Sanctions Entries",https://www.miragenews.com/unsc-updates-four-isil-al-qaida-sanctions-1727060/,"Matched: aber sabil, abu khaled al san ani, hazem al madani, ibrahim al madani, muhamad ibrahim makkawi, muhannad salem, saif al adil, salem al sharif, sayf al adl, seif al adel, محمد صلاح الدين عبدالحليم زيدان | signals: al qaida, designation, egypt, embargo, isil",aber sabil; abu khaled al san ani; hazem al madani; ibrahim al madani; muhamad ibrahim makkawi; muhannad salem; saif al adil; salem al sharif; sayf al adl; seif al adel; محمد صلاح الدين عبدالحليم زيدان,al qaida; arms; designat; interpol; isil; sanction
alert,QDi.028,AHMED KHALFAN GHAILANI,Al-Qaida,1.00,,2026-07-23,kesq.com,1998 US Embassies in Africa Bombings Fast Facts,https://kesq.com/news/national-world/cnn-world/2026/07/23/1998-us-embassies-in-africa-bombings-fast-facts-6/,"Matched: ahmed khalfan ghailani | signals: al qaeda, arrest, court, extradit, killed",ahmed khalfan ghailani,al qaeda; arrest; attack; bombing; topic:ARMEDCONFLICT; topic:ARREST
alert,QDi.028,AHMED KHALFAN GHAILANI,Al-Qaida,0.90,,2026-09-11,cbsnews.com,Where the case against the alleged 9/11 plotters stands 25 years after the attack,https://www.cbsnews.com/news/khalid-sheikh-mohammed-911-plotters-trial/,"Matched: ahmed khalfan ghailani | signals: convicted, court, terror, trial",ahmed khalfan ghailani,al qaeda; arrest; attack; bombing; topic:ARMEDCONFLICT; topic:ARREST
alert,QDi.028,AHMED KHALFAN GHAILANI,Al-Qaida,0.70,,2026-07-23,punchng.com,"NSCDC, Kogi Monarchs Partner to Curb Illegal Coal Mining",https://punchng.com/nscdc-kogi-monarchs-partner-to-curb-illegal-coal-mining/,"Matched: abubakar ahmed | signals: commander, court",abubakar ahmed,killing; prosecut; sanction; topic:ARMEDCONFLICT; topic:KILL; topic:TAX_MILITARY_TITLE
alert,QDi.028,AHMED KHALFAN GHAILANI,Al-Qaida,0.70,,2026-07-31,dailytrust.com,"Six arrested for allegedly abducting, killing cattle owner in Kwara &#x2013; Daily Trust",https://dailytrust.com/six-arrested-for-allegedly-abducting-killing-cattle-owner-in-kwara/,"Matched: abubakar ahmed | signals: arrest, arrested",abubakar ahmed,arms; arrest; attack; kidnap; killing; topic:ARREST
alert,QDi.028,AHMED KHALFAN GHAILANI,Al-Qaida,0.70,,2026-07-31,dailypost.ng,Kwara: Sixteen suspects in police custody for various alleged crimes,https://dailypost.ng/2026/07/31/kwara-sixteen-suspects-in-police-custody-for-various-alleged-crimes/,"Matched: abubakar ahmed | signals: arrest, arrested",abubakar ahmed,arrest; attack; captur; kidnap; topic:ARREST; topic:KIDNAP
alert,QDi.028,AHMED KHALFAN GHAILANI,Al-Qaida,0.70,,2026-09-01,udaipurkiran.com,Priyanka Maurya Criticizes Akhilesh Yadav Over Womens Rights,https://udaipurkiran.com/priyanka-maurya-criticizes-akhilesh-yadav-over-womens-rights/,"Matched: abubakar ahmed | signals: terror, terrorist",abubakar ahmed,arrest; terror; topic:ARMEDCONFLICT; topic:TERROR
alert,QDi.028,AHMED KHALFAN GHAILANI,Al-Qaida,0.60,,2026-08-16,dailypost.ng,"Women leaders seek more govt support for farming, action on child trafficking, early marriage in Niger",https://dailypost.ng/2026/08/16/women-leaders-seek-more-govt-support-for-farming-action-on-child-trafficking-early-marriage-in-niger/,Matched: abubakar ahmed | signals: trafficking,abubakar ahmed,attack; killing; proces; topic:TAX_MILITARY_TITLE; topic:TAX_MILITARY_TITLE_OFFICER; topic:WB_1226_INDUSTRIAL_CLUSTERS_AND_VALUE_CHAINS
alert,QDi.028,AHMED KHALFAN GHAILANI,Al-Qaida,0.60,,2026-08-17,nigerianeye.com,"Niger Women Leaders Urge Stronger Action Against Child Trafficking, Early Marriage  - Latest News In Nigeria, Nigeria News Today, Your Online Nigerian Newspaper",https://www.nigerianeye.com/2026/08/niger-women-leaders-urge-stronger.html,Matched: abubakar ahmed | signals: trafficking,abubakar ahmed,topic:TAX_MILITARY_TITLE; topic:TAX_MILITARY_TITLE_OFFICER; topic:WB_1226_INDUSTRIAL_CLUSTERS_AND_VALUE_CHAINS; traffick
alert,QDi.028,AHMED KHALFAN GHAILANI,Al-Qaida,0.60,,2026-08-18,punchng.com,"Kwara Crime Web: Police Crack Kidnap, Cult, Murder Rings",https://punchng.com/inside-kwaras-crime-web-how-police-cracked-kidnap-cult-murder-rings/,Matched: abubakar ahmed | signals: arrest,abubakar ahmed,arms; arrest; attack; charged; kidnap; topic:ARMEDCONFLICT
alert,QDi.042,HASSAN DAHIR AWEYS,Al-Qaida,0.90,,2026-07-30,wardheernews.com,U.S. Treasury Clarifies OFAC Sanctions Records; Hassan Dahir Aweys Remains Under U.S. and U.N. Sanctions,https://wardheernews.com/u-s-treasury-clarifies-ofac-sanctions-records-hassan-dahir-aweys-remains-under-u-s-and-u-n-sanctions/,"Matched: hassan dahir awes, hassan dahir aweys, sheikh hassan dahir aweys | signals: ofac, sanction, sanctions, treasury",hassan dahir awes; hassan dahir aweys; sheikh hassan dahir aweys,designat; financ; ofac; sanction; topic:SANCTIONS; topic:SECURITY_SERVICES
alert,QDi.055,MAHMOOD SULTAN BASHIR-UD-DIN,Al-Qaida,1.00,,2026-08-13,miragenews.com,"UNSC Updates Four ISIL, Al-Qaida Sanctions Entries",https://www.miragenews.com/unsc-updates-four-isil-al-qaida-sanctions-1727060/,"Matched: mahmood sultan bashir ud din | signals: afghanistan, al qaida, interpol, isil, pakistan",mahmood sultan bashir ud din,al qaida; arms; designat; interpol; isil; sanction
alert,QDi.059,KHALID ABD AL-RAHMAN HAMD AL-FAWAZ,Al-Qaida,1.00,,2026-07-23,kesq.com,1998 US Embassies in Africa Bombings Fast Facts,https://kesq.com/news/national-world/cnn-world/2026/07/23/1998-us-embassies-in-africa-bombings-fast-facts-6/,"Matched: khaled al fawwaz | signals: al qaeda, court, extradit, killed, trial",khaled al fawwaz,al qaeda; arrest; attack; bombing; topic:ARMEDCONFLICT; topic:ARREST
alert,QDi.067,MOSTAFA KAMEL MOSTAFA IBRAHIM,Al-Qaida,0.80,,2026-08-23,americanthinker.com,The Mohammunist Manifesto&#x2014;Control of Education and Formation of the Young,https://www.americanthinker.com/articles/2026/08/the-mohammunist-manifesto-control-of-education-and-formation-of-the-young/,"Matched: abu hamza al masri | signals: convicted, extradit, taliban",abu hamza al masri,attack; convict; extradi; extremis; topic:ARMEDCONFLICT; topic:JIHAD
alert,QDi.068,ADEL BEN AL-AZHAR BEN YOUSSEF HAMDI,Al-Qaida,1.00,,2026-07-17,thehindu.com,Five more arrested in Gujarat Anti-Terrorist Squad probe into alleged JeM module; total accused rises to 13,https://www.thehindu.com/news/national/gujarat/five-more-arrested-in-gujarat-anti-terrorist-squad-probe-into-alleged-jem-module-total-accused-rises-to-13/article71233601.ece,"Matched: zakariya | signals: arrest, arrested, court, jihad, terror",zakariya,arrest; bomb; explosive; extremis; terror; topic:ARMEDCONFLICT
alert,QDi.068,ADEL BEN AL-AZHAR BEN YOUSSEF HAMDI,Al-Qaida,0.80,,2026-07-17,rediff.com,"Bomb-making lessons, blast plot: ATS reveals Jaish module's Guj terror plan",https://www.rediff.com/news/report/bomb-making-lessons-blast-plot-ats-reveals-jaish-modules-guj-terror-plan/20260717.htm,"Matched: zakariya | signals: arrest, arrested, terror",zakariya,arrest; attack; bomb; captur; jaish; terror
alert,QDi.068,ADEL BEN AL-AZHAR BEN YOUSSEF HAMDI,Al-Qaida,0.80,,2026-07-29,thehindu.com,"Eight held from Gujarat, Madhya Pradesh for suspected terror links",https://www.thehindu.com/news/national/eight-held-from-gujarat-madhya-pradesh-for-suspected-terror-links/article71179073.ece,"Matched: zakariya | signals: arrest, arrested, terror",zakariya,arrest; attack; explosive; extremis; terror; topic:ARMEDCONFLICT
alert,QDi.080,SAID BAHAJI,Al-Qaida,0.90,,2026-08-20,newsweek.com,The 'Insecure' German Terrorist Who Loaned Mohammed Atta His Computer,https://www.newsweek.com/german-terrorist-9-11-said-bahaji-mohammed-atta-12248592,"Matched: said bahaji | signals: germany, morocco, terror, terrorist",said bahaji,al qaeda; arrest; attack; financ; terror; topic:ARMEDCONFLICT
alert,QDi.081,RAMZI MOHAMED ABDULLAH BINALSHIBH,Al-Qaida,0.90,,2026-07-22,adn.com,"Trump administration weighing military options in Mali, officials say",https://www.adn.com/nation-world/2026/07/22/trump-administration-weighing-military-options-in-mali-officials-say/,"Matched: abu ubaydah | signals: al qaeda, killed, sanction, sanctions",abu ubaydah,al qaeda; armed group; attack; captur; topic:ARMEDCONFLICT; topic:INSURGENCY
alert,QDi.081,RAMZI MOHAMED ABDULLAH BINALSHIBH,Al-Qaida,0.80,,2026-07-23,jpost.com,Donald Trump admin. weighs military options for African Al-Qaeda affiliated terrorists,http://www.jpost.com/international/article-903407,"Matched: abu ubaydah | signals: al qaeda, terror, terrorist",abu ubaydah,al qaeda; designat; isis; jihad; terror; topic:ARMEDCONFLICT
alert,QDi.083,ZAKARYA ESSABAR,Al-Qaida,1.00,,2026-08-20,newsweek.com,The 'Insecure' German Terrorist Who Loaned Mohammed Atta His Computer,https://www.newsweek.com/german-terrorist-9-11-said-bahaji-mohammed-atta-12248592,"Matched: zakariya essabar | signals: al qaeda, arrest, terror, terrorist, wanted",zakariya essabar,al qaeda; arrest; attack; financ; terror; topic:ARMEDCONFLICT
alert,QDi.083,ZAKARYA ESSABAR,Al-Qaida,0.90,,2026-08-29,newsweek.com,Osama bin Laden Told His Team: The Hell With Taliban Leader Mullah Omar,https://www.newsweek.com/osama-bin-laden-taliban-mullah-omar-9-11-12252957,"Matched: zakariya essabar | signals: al qaeda, taliban, terror, terrorist",zakariya essabar,al qaeda; attack; bombing; captur; taliban
alert,QDi.083,ZAKARYA ESSABAR,Al-Qaida,0.80,,2026-08-27,newsweek.com,"As 9/11 Neared, Al-Qaeda Prepared a Second Attack on America",https://www.newsweek.com/9-11-al-qaeda-second-attack-america-boeing-cockpit-12249460,"Matched: zakariya essabar | signals: al qaeda, terror, terrorist",zakariya essabar,al qaeda; attack; financ; terror; topic:ARMEDCONFLICT; topic:ARREST
alert,QDi.087,NURJAMAN RIDUAN ISAMUDDIN,Al-Qaida,0.90,,2026-08-06,miragenews.com,Renewed Registration for 2002-03 Indonesia Attack Victims,https://www.miragenews.com/renewed-registration-for-2002-03-indonesia-1722983/,"Matched: encep nurjaman, hambali | signals: arrest, arrested, indonesia, killed",encep nurjaman; hambali,arrest; attack; bomb; bombing; topic:ARMEDCONFLICT; topic:ARREST
alert,QDi.087,NURJAMAN RIDUAN ISAMUDDIN,Al-Qaida,0.80,,2026-07-09,smh.com.au,"Bali bomber Hambali: Prosecutors rule out repatriation of Encep Nurjaman, with trial set to start next year",https://www.smh.com.au/world/north-america/prosecutors-rule-out-repatriation-for-alleged-bali-bomber-hambali-tell-families-trial-to-start-next-year-20260708-p60dgo.html,"Matched: encep nurjaman, hambali, nurjaman | signals: indonesia, killed, trial",encep nurjaman; hambali; nurjaman,bomb; bombing; charged; convict; prosecut; topic:ARMEDCONFLICT
alert,QDi.087,NURJAMAN RIDUAN ISAMUDDIN,Al-Qaida,0.80,,2026-07-12,balidiscovery.com,Bali Bomber Hambali: Justice Delayed 24 Years and Counting,https://balidiscovery.com/bali-bomber-hambali-justice-delayed-24-years-and-counting/,"Matched: hambali, nurjaman | signals: killed, terror, terrorist",hambali; nurjaman,arrest; attack; bomb; bombing; topic:ARMEDCONFLICT; topic:ARREST
alert,QDi.087,NURJAMAN RIDUAN ISAMUDDIN,Al-Qaida,0.80,,2026-08-31,freemalaysiatoday.com,"After Guantanamo, Nazir is discovering what it means to be free",https://www.freemalaysiatoday.com/category/leisure/2026/08/31/after-guantanamo-nazir-is-discovering-what-it-means-to-be-free,"Matched: encep nurjaman, hambali | signals: indonesia, killed, malaysia",encep nurjaman; hambali,arrest; attack; bombing; captur; topic:ARMEDCONFLICT; topic:ARREST
alert,QDi.087,NURJAMAN RIDUAN ISAMUDDIN,Al-Qaida,0.70,,2026-08-30,antaranews.com,"Batang SEZ job fair draws 3,500 job seekers for 1,000 openings",https://en.antaranews.com/news/429068/batang-sez-job-fair-draws-3500-job-seekers-for-1000-openings,"Matched: nurjaman | signals: designated, trial",nurjaman,designat; proces; topic:WB_1202_INDUSTRIAL_ZONES
alert,QDi.087,NURJAMAN RIDUAN ISAMUDDIN,Al-Qaida,0.60,,2026-08-06,miragenews.com,Australians Invited to Register for Hambali Trial,https://www.miragenews.com/australians-invited-to-register-for-hambali-1722985/,"Matched: encep nurjaman, hambali | signals: trial",encep nurjaman; hambali,attack; bombing; proces; prosecut; topic:ARMEDCONFLICT; topic:SECURITY_SERVICES
alert,QDi.087,NURJAMAN RIDUAN ISAMUDDIN,Al-Qaida,0.60,,2026-09-03,thestar.com.my,Elephant encounter highlights recurring threat in Pos Gob,https://www.thestar.com.my/news/nation/2026/09/03/elephant-encounter-highlights-recurring-threat-in-pos-gob,Matched: hambali | signals: malaysia,hambali,arrest; charged; topic:TAX_MILITARY_TITLE; topic:TAX_MILITARY_TITLE_OFFICERS; topic:WB_2432_FRAGILITY_CONFLICT_AND_VIOLENCE
alert,QDi.096,MOUSSA BEN OMAR BEN ALI ESSAADI,Al-Qaida,1.00,,2026-08-25,miragenews.com,Action Urged on Tunisia Rights Crisis at UN Council,https://www.miragenews.com/action-urged-on-tunisia-rights-crisis-at-un-1732951/,"Matched: bechir | signals: convicted, court, isis, terror, tunisia",bechir,arrest; asset freeze; attack; charged; topic:ARMEDCONFLICT; topic:ARREST
alert,QDi.096,MOUSSA BEN OMAR BEN ALI ESSAADI,Al-Qaida,1.00,,2026-08-26,allafrica.com,Tunisia: Call for Action On the Human Rights Crisis in Tunisia At the Human Rights Council,https://allafrica.com/stories/202608260045.html,"Matched: bechir | signals: convicted, court, isis, terror, tunisia",bechir,arrest; asset freeze; attack; captur; topic:ARMEDCONFLICT; topic:ARREST
alert,QDi.096,MOUSSA BEN OMAR BEN ALI ESSAADI,Al-Qaida,0.60,,2026-09-25,middle-east-online.com,"Boussandel brings heat, dust and memory of Tunisia to Geneva",https://www.middle-east-online.com/en/boussandel-brings-heat-dust-and-memory-tunisia-geneva,Matched: bechir | signals: tunisia,bechir,arrest; houthi; proces; topic:KILL
alert,QDi.120,ABDUL HAKIM MURAD,Al-Qaida,0.80,,2026-09-26,premiumtimesng.com,"Twenty-five years in the shadow of 9/11, By Osmund Agbo",https://www.premiumtimesng.com/opinion/912574-twenty-five-years-in-the-shadow-of-9-11-by-osmund-agbo.html,"Matched: abdul hakim murad | signals: arrest, arrested, pakistan",abdul hakim murad,al qaeda; armed group; arrest; assassinat; topic:ARMEDCONFLICT; topic:TAX_TERROR_GROUP
alert,QDi.120,ABDUL HAKIM MURAD,Al-Qaida,0.70,,2026-07-18,philstar.com,Confronting political terrorism: A global menace,https://www.philstar.com/opinion/2026/07/19/2543039/confronting-political-terrorism-global-menace,"Matched: abdul hakim murad | signals: al qaeda, terror",abdul hakim murad,al qaeda; assassinat; bomb; bombing; terror; topic:ARMEDCONFLICT
alert,QDi.123,YASSIN SYAWAL,Al-Qaida,0.60,,2026-08-28,antaranews.com,Indonesia's consumer agency urges tax relief for retirees,https://en.antaranews.com/news/428856/indonesias-consumer-agency-urges-tax-relief-for-retirees,Matched: mubarok | signals: indonesia,mubarok,financ; topic:WB_1484_EDUCATION_SKILLS_DEVELOPMENT_AND_LABOR_MARKET; topic:WB_2131_EMPLOYABILITY_SKILLS_AND_JOBS
alert,QDi.123,YASSIN SYAWAL,Al-Qaida,0.60,,2026-08-11,antaranews.com,BKPRMI minta promosi miras dikaitkan hafalan Al Quran diusut,https://www.antaranews.com/berita/5689689/bkprmi-minta-promosi-miras-dikaitkan-hafalan-al-quran-diusut,Matched: mubarok | signals: indonesia,mubarok,topic:SECURITY_SERVICES
alert,QDi.123,YASSIN SYAWAL,Al-Qaida,0.60,,2026-08-17,antaranews.com,"Paskibraka ""Indonesia Berdaulat"" siap bertugas, ini formasi lengkapnya",https://www.antaranews.com/berita/5697769/paskibraka-indonesia-berdaulat-siap-bertugas-ini-formasi-lengkapnya,Matched: mubarok | signals: indonesia,mubarok,topic:MILITARY; topic:TAX_MILITARY_TITLE; topic:TAX_MILITARY_TITLE_CAPTAIN
alert,QDi.123,YASSIN SYAWAL,Al-Qaida,0.60,,2026-08-17,liputan6.com,Tim Paskibraka Indonesia Berdaulat Siap Kibarkan Merah Putih di Istana Merdeka,https://www.liputan6.com/news/read/8271286/tim-paskibraka-indonesia-berdaulat-siap-kibarkan-merah-putih-di-istana-merdeka,Matched: mubarok | signals: indonesia,mubarok,topic:TAX_MILITARY_TITLE; topic:TAX_MILITARY_TITLE_COMMANDER
alert,QDi.123,YASSIN SYAWAL,Al-Qaida,0.60,,2026-08-17,antaranews.com,"Paskibraka ""Indonesia Berdaulat"" sukses kibarkan Merah Putih di Istana",https://www.antaranews.com/berita/5697883/paskibraka-indonesia-berdaulat-sukses-kibarkan-merah-putih-di-istana,Matched: mubarok | signals: indonesia,mubarok,topic:TAX_MILITARY_TITLE; topic:TAX_MILITARY_TITLE_COMMANDER
alert,QDi.123,YASSIN SYAWAL,Al-Qaida,0.60,,2026-08-17,kompas.com,"Sosok Celine Olivia, Siswi Asal Kalbar yang Dipercaya Bawa Baki Sang Merah Putih",https://www.kompas.com/tren/read/2026/08/17/111625365/sosok-celine-olivia-siswi-asal-kalbar-yang-dipercaya-bawa-baki-sang-merah,Matched: mubarok | signals: indonesia,mubarok,finans; houthi; topic:MILITARY; topic:TAX_MILITARY_TITLE; topic:TAX_MILITARY_TITLE_COMMANDER
alert,QDi.123,YASSIN SYAWAL,Al-Qaida,0.60,,2026-08-17,rri.co.id,Tim Paskibraka 'Indonesia Berdaulat' Siap Kibarkan Sang Merah Putih,https://rri.co.id/nasional/2657231/tim-paskibraka-indonesia-berdaulat-siap-kibarkan-sang-merah-putih,Matched: mubarok | signals: indonesia,mubarok,topic:MILITARY; topic:TAX_MILITARY_TITLE; topic:TAX_MILITARY_TITLE_CAPTAIN
alert,QDi.123,YASSIN SYAWAL,Al-Qaida,0.60,,2026-08-17,liputan6.com,Tepuk Tangan Menggema Usai Paskibraka Sukses Kibarkan Merah Putih di Istana,https://www.liputan6.com/news/read/8271373/tepuk-tangan-menggema-usai-paskibraka-sukses-kibarkan-merah-putih-di-istana,Matched: mubarok | signals: indonesia,mubarok,topic:MILITARY; topic:TAX_MILITARY_TITLE; topic:TAX_MILITARY_TITLE_CAPTAIN
alert,QDi.123,YASSIN SYAWAL,Al-Qaida,0.60,,2026-08-20,kompas.com,"80 Persen Orang Indonesia Alami Karies, Begini Cara Mencegah Menurut Medis dan Sunnah",https://cahaya.kompas.com/aktual/26H20100100290/80-persen-orang-indonesia-alami-karies-begini-cara-mencegah-menurut-medis-dan,Matched: mubarok | signals: indonesia,mubarok,finans; topic:WB_2432_FRAGILITY_CONFLICT_AND_VIOLENCE; topic:WB_2433_CONFLICT_AND_VIOLENCE; topic:WB_2453_ORGANIZED_CRIME
alert,QDi.124,YAZID SUFAAT,Al-Qaida,0.60,,2026-08-15,newsweek.com,The Flight Instructor Was Struck by a Hijacker's Odd Meaning of 'Joy Ride',https://www.newsweek.com/flight-instructor-9-11-zacarias-moussaoui-12248119,Matched: yazid sufaat | signals: malaysia,yazid sufaat,detain; financ; terror; topic:ARMEDCONFLICT; topic:RELEASE_HOSTAGE; topic:SECURITY_SERVICES
alert,QDi.135,DAWOOD IBRAHIM KASKAR,Al-Qaida,1.00,,2026-09-29,hindustantimes.com,"Dawood Ibrahim, Masood Azhar among terrorists on India's 10 most wanted list; Goldy Brar on 56",https://www.hindustantimes.com/india-news/indias-own-list-of-top-10-terrorists-goldie-brar-on-56-101790644820639.html,"Matched: dawood ibrahim kaskar | signals: designated, india, launder, pakistan, security council",dawood ibrahim kaskar,al qaeda; al qaida; arms; arrest; terror; topic:ARMEDCONFLICT
alert,QDi.135,DAWOOD IBRAHIM KASKAR,Al-Qaida,1.00,,2026-09-29,moneycontrol.com,"India's UAPA terror list has 80 names: From Masood Azhar to Pannun, who is on it?",https://www.moneycontrol.com/news/india/india-s-uapa-terror-list-has-80-names-from-masood-azhar-to-pannun-who-is-on-it-14040704.html,"Matched: dawood ibrahim kaskar | signals: al qaida, arrest, commander, designated, india",dawood ibrahim kaskar,al qaida; arms; arrest; attack; terror; topic:ARMEDCONFLICT
alert,QDi.135,DAWOOD IBRAHIM KASKAR,Al-Qaida,0.80,,2026-09-12,indiankanoon.org,"Gunaselan vs The State Represented By on 24 August, 2026",https://indiankanoon.org/doc/22368698/,"Matched: dawood ibrahim kaskar | signals: arrest, arrested, court",dawood ibrahim kaskar,arrest; attack; financ; proces; topic:ARREST; topic:KILL
alert,QDi.135,DAWOOD IBRAHIM KASKAR,Al-Qaida,0.70,,2026-08-10,filmfare.com,"Salman Khan, Sanjay Dutt's 7 Dogs Release Date Is Here",https://www.filmfare.com/news/bollywood/salman-khan-sanjay-dutts-7-dogs-release-date-is-here-85305.html,"Matched: bada bhai | signals: india, interpol",bada bhai,interpol; topic:ORGANIZED_CRIME; topic:WB_2432_FRAGILITY_CONFLICT_AND_VIOLENCE; topic:WB_2433_CONFLICT_AND_VIOLENCE
alert,QDi.150,AL-AZHAR BEN KHALIFA BEN AHMED ROUINE,Al-Qaida,0.60,,2026-09-12,vanguardngr.com,'Heat kills 23 prisoners',https://www.vanguardngr.com/2026/09/heat-kills-23-prisoners/,Matched: lazhar | signals: tunisia,lazhar,arrest; detain; killed; prosecut; topic:ARMEDCONFLICT; topic:ARREST
alert,QDi.187,ARIS SUMARSONO,Al-Qaida,0.70,,2026-07-25,en.tempo.co,Police Reject Whip Pink Food-Grade Claims,https://en.tempo.co/read/2115433/police-reject-whip-pink-food-grade-claims,"Matched: zulkarnain | signals: designated, indonesia",zulkarnain,designat; detain; topic:ARREST; topic:SECURITY_SERVICES; topic:WB_2432_FRAGILITY_CONFLICT_AND_VIOLENCE
alert,QDi.187,ARIS SUMARSONO,Al-Qaida,0.70,,2026-08-27,antaranews.com,"BKPM says CCS can drive decarbonization, investment",https://en.antaranews.com/news/428708/bkpm-says-ccs-can-drive-decarbonization-investment,"Matched: zulkarnaen | signals: indonesia, trial",zulkarnaen,captur; topic:WB_1226_INDUSTRIAL_CLUSTERS_AND_VALUE_CHAINS
alert,QDi.187,ARIS SUMARSONO,Al-Qaida,0.60,,2026-07-12,antaranews.com,71st Asian-African Conference anniversary highlights Palestinian issue,https://en.antaranews.com/news/422325/71st-asian-african-conference-anniversary-highlights-palestinian-issue,Matched: zulkarnain | signals: indonesia,zulkarnain,designat; topic:WB_2432_FRAGILITY_CONFLICT_AND_VIOLENCE
alert,QDi.187,ARIS SUMARSONO,Al-Qaida,0.60,,2026-07-10,antaranews.com,Prudential Indonesia perkuat literasi keuangan anak muda lewat Levela,https://www.antaranews.com/berita/5643521/prudential-indonesia-perkuat-literasi-keuangan-anak-muda-lewat-levela,Matched: zulkarnaen | signals: indonesia,zulkarnaen,finans; topic:WB_1484_EDUCATION_SKILLS_DEVELOPMENT_AND_LABOR_MARKET; topic:WB_2131_EMPLOYABILITY_SKILLS_AND_JOBS
alert,QDi.187,ARIS SUMARSONO,Al-Qaida,0.60,,2026-07-13,kompas.com,Disertasi Doktor Unila Tawarkan Model Hukum Baru Hubungan Dokter dan Rumah Sakit,https://regional.kompas.com/read/2026/07/13/082445578/disertasi-doktor-unila-tawarkan-model-hukum-baru-hubungan-dokter-dan-rumah,Matched: zulkarnain | signals: trial,zulkarnain,densus; finans; pengadilan; topic:SECURITY_SERVICES
alert,QDi.187,ARIS SUMARSONO,Al-Qaida,0.60,,2026-07-29,hariansinggalang.co.id,"Mutasi Besar di Polda Sumbar, Ini Daftar Pejabat dan Kapolres yang Bergeser",https://www.hariansinggalang.co.id/berita/246215/mutasi-besar-di-polda-sumbar-ini-daftar-pejabat-dan-kapolres-yang-bergeser,Matched: zulkarnain | signals: indonesia,zulkarnain,topic:KILL; topic:SECURITY_SERVICES; topic:TAX_MILITARY_TITLE
alert,QDi.187,ARIS SUMARSONO,Al-Qaida,0.60,,2026-07-31,antaranews.com,KPK sebut pemanggilan Menhut Raja Juli bukan soal berani atau tidak,https://www.antaranews.com/berita/5675197/kpk-sebut-pemanggilan-menhut-raja-juli-bukan-soal-berani-atau-tidak,Matched: zulkarnain | signals: isis,zulkarnain,topic:KILL; topic:SECURITY_SERVICES
alert,QDi.190,ABDELKADER LAAGOUB,Al-Qaida,0.80,,2026-07-29,irishmirror.ie,Tourists set off on beautiful hiking holiday but were found days later beheaded,https://www.irishmirror.ie/news/irish-news/crime/tourists-set-beautiful-hiking-holiday-37482026,"Matched: rachid | signals: isis, morocco, terror",rachid,arms; arrest; attack; extremis; topic:ARMEDCONFLICT; topic:ARREST
alert,QDi.190,ABDELKADER LAAGOUB,Al-Qaida,0.80,,2026-07-30,dailystar.co.uk,Young women on dream hiking trip stabbed and beheaded by pro-ISIS extremists,https://www.dailystar.co.uk/news/latest-news/young-women-dream-hiking-trip-37493518,"Matched: rachid | signals: isis, morocco, terror",rachid,arms; arrest; attack; captur; extremis; isis
alert,QDi.190,ABDELKADER LAAGOUB,Al-Qaida,0.70,,2026-07-29,express.co.uk,Horror as woman on backpacking holiday stabbed and beheaded in sick video | World | News,https://www.express.co.uk/news/world/2234259/women-stabbed-backpacking-holiday-beheaded,"Matched: rachid | signals: isis, morocco",rachid,arms; attack; bomb; extremis; topic:ARMEDCONFLICT; topic:EXTREMISM
alert,QDi.190,ABDELKADER LAAGOUB,Al-Qaida,0.70,,2026-07-30,kold.com,'Absolute chaos' as thousands of people breach Morocco's border with Spain,https://www.kold.com/2026/07/30/absolute-chaos-thousands-people-breach-moroccos-border-with-spain/,"Matched: rachid | signals: isis, morocco",rachid,arrest; charged; proces; topic:KILL; topic:MILITARY; topic:SECURITY_SERVICES
alert,QDi.190,ABDELKADER LAAGOUB,Al-Qaida,0.70,,2026-07-30,cbsnews.com,Spain deploying military to border with Morocco after thousands of migrant crossings,https://www.cbsnews.com/news/spain-deploys-military-ceuta-morocco-border-migrants/,"Matched: rachid | signals: isis, morocco",rachid,attack; killed; proces; topic:KILL; topic:MILITARY; topic:SECURITY_SERVICES
alert,QDi.190,ABDELKADER LAAGOUB,Al-Qaida,0.70,,2026-07-31,wtxl.com,Spain deploys military to Ceuta after thousands of migrants cross from Morocco,https://www.wtxl.com/world/spain-deploys-military-to-ceuta-after-thousands-of-migrants-cross-from-morocco,"Matched: rachid | signals: isis, morocco",rachid,proces; topic:KILL; topic:MILITARY; topic:SECURITY_SERVICES
alert,QDi.190,ABDELKADER LAAGOUB,Al-Qaida,0.70,,2026-07-31,theglobeandmail.com,Spain deploys military to Ceuta as thousands cross border from Morocco and at least nine die,https://www.theglobeandmail.com/world/article-ceuta-migrants-spain-morocco-military/,"Matched: rachid | signals: isis, morocco",rachid,proces; topic:KILL; topic:MILITARY; topic:SECURITY_SERVICES
alert,QDi.190,ABDELKADER LAAGOUB,Al-Qaida,0.70,,2026-07-31,indiatimes.com,Spain migrant crisis: Military deployed as thousands cross border; 9 killed,https://timesofindia.indiatimes.com/world/europe/spain-migrant-crisis-military-deployed-as-thousands-cross-border-9-killed/articleshow/132753919.cms,"Matched: rachid | signals: isis, killed",rachid,arrest; attack; charged; kill; killed; topic:ARMEDCONFLICT
alert,QDi.190,ABDELKADER LAAGOUB,Al-Qaida,0.70,,2026-07-31,boston.com,Spain deploys military after thousands breach Morocco's border,https://www.boston.com/news/world-news/2026/07/30/spain-deploys-military-to-ceuta-after-thousands-of-people-breach-moroccos-border-and-at-least-9-die/,"Matched: rachid | signals: isis, morocco",rachid,killed; proces; topic:KILL; topic:MILITARY; topic:SECURITY_SERVICES
alert,QDi.190,ABDELKADER LAAGOUB,Al-Qaida,0.70,,2026-07-31,indiatimes.com,Spain deploys army as thousands of migrants swim from Morocco into Ceuta,https://economictimes.indiatimes.com/news/international/global-trends/spain-deploys-army-as-thousands-of-migrants-swim-from-morocco-into-ceuta/articleshow/132755914.cms,"Matched: rachid | signals: isis, morocco",rachid,convict; financ; indict; nuclear; topic:KILL; topic:MILITARY
alert,QDi.190,ABDELKADER LAAGOUB,Al-Qaida,0.70,,2026-07-31,kcbx.org,Spain deploys military to Ceuta after thousands of people breach Morocco's border,https://www.kcbx.org/npr-top-news/2026-07-30/spain-deploys-military-to-ceuta-after-thousands-of-people-breach-moroccos-border,"Matched: rachid | signals: isis, morocco",rachid,arrest; killed; proces; topic:KILL; topic:MILITARY; topic:SECURITY_SERVICES
alert,QDi.190,ABDELKADER LAAGOUB,Al-Qaida,0.70,,2026-07-31,siasat.com,Nine dead as thousands cross into Spain's Ceuta from Morocco,https://www.siasat.com/nine-dead-as-thousands-cross-into-spains-ceuta-from-morocco-3516399/,"Matched: rachid | signals: isis, morocco",rachid,proces; topic:KILL; topic:MILITARY; topic:SECURITY_SERVICES
alert,QDi.190,ABDELKADER LAAGOUB,Al-Qaida,0.70,,2026-07-31,naharnet.com,At least 18 die as thousands of migrants cross Morocco-Ceuta border,https://www.naharnet.com:443/stories/en/321574-at-least-18-die-as-thousands-of-migrants-cross-morocco-ceuta-border,"Matched: rachid | signals: isis, morocco",rachid,arrest; attack; hezbollah; houthi; topic:KILL; topic:TAX_MILITARY_TITLE
alert,QDi.190,ABDELKADER LAAGOUB,Al-Qaida,0.70,,2026-07-31,arkansasonline.com,Spain's military deploys to Morocco border | The Arkansas Democrat-Gazette,https://www.arkansasonline.com/news/2026/jul/31/spains-military-deploys-to-morocco-border/,"Matched: rachid | signals: isis, morocco",rachid,proces; topic:KILL; topic:SECURITY_SERVICES; topic:TAX_MILITARY_TITLE
alert,QDi.190,ABDELKADER LAAGOUB,Al-Qaida,0.70,,2026-07-31,npr.org,18 die after breach of border between Morocco and Spanish exclave : NPR,https://www.npr.org/2026/07/31/g-s1-136507/morocco-spain-migration,"Matched: rachid | signals: isis, morocco",rachid,arrest; killed; proces; topic:KILL; topic:TAX_MILITARY_TITLE; topic:TAX_MILITARY_TITLE_OFFICERS
alert,QDi.190,ABDELKADER LAAGOUB,Al-Qaida,0.70,,2026-07-31,nypost.com,At least 18 migrants die trying to cross Morocco-Spain border: A 'serious humanitarian crisis',https://nypost.com/2026/07/31/world-news/at-least-18-migrants-die-trying-to-cross-morocco-spain-border-a-serious-humanitarian-crisis/,"Matched: rachid | signals: isis, morocco",rachid,captur; killed; topic:KILL; topic:TAX_MILITARY_TITLE; topic:TAX_MILITARY_TITLE_OFFICERS
alert,QDi.190,ABDELKADER LAAGOUB,Al-Qaida,0.70,,2026-07-31,orissapost.com,"At least 18 die after breach of border between Morocco, Spanish exclave of Ceuta",https://www.orissapost.com/at-least-18-die-after-breach-of-border-between-morocco-spanish-exclave-of-ceuta/,"Matched: rachid | signals: isis, morocco",rachid,killed; proces; topic:KILL; topic:TAX_MILITARY_TITLE; topic:TAX_MILITARY_TITLE_OFFICERS
alert,QDi.190,ABDELKADER LAAGOUB,Al-Qaida,0.60,,2026-07-30,lematin.ma,F&#xEA;te du Tr&#xF4;ne : D&#xE9;jeuner offert par le Chef du gouvernement en pr&#xE9;sence de S.A.R. le Prince H&#xE9;ritier Moulay El Hassan et de S.A.R. le Prince Moulay Rachid,https://lematin.ma/activites-royales/fete-du-trone-dejeuner-offert-par-le-chef-du-gouvernement/358707,Matched: rachid | signals: morocco,rachid,topic:TAX_MILITARY_TITLE; topic:TAX_MILITARY_TITLE_OFFICERS
alert,QDi.190,ABDELKADER LAAGOUB,Al-Qaida,0.60,,2026-07-30,theguardian.com,Thousands of migrants enter tiny Spanish enclave of Ceuta from Morocco,https://www.theguardian.com/world/2026/jul/30/thousands-enter-spanish-enclave-ceuta-morocco-africa,Matched: rachid | signals: morocco,rachid,nuclear; topic:ARMEDCONFLICT; topic:EXTREMISM; topic:SECURITY_SERVICES; weapon
alert,QDi.190,ABDELKADER LAAGOUB,Al-Qaida,0.60,,2026-07-30,nypost.com,"Thousands of migrants rush Spanish border, prompting call for national emergency: 'Absolute chaos'",https://nypost.com/2026/07/30/world-news/thousands-of-migrants-rush-spanish-border-prompting-call-for-national-emergency-absolute-chaos/,Matched: rachid | signals: morocco,rachid,captur; topic:KILL; topic:MILITARY; topic:SECURITY_SERVICES
alert,QDi.190,ABDELKADER LAAGOUB,Al-Qaida,0.60,,2026-07-30,cp24.com,Spain's Ceuta asks Madrid to declare national emergency,https://www.cp24.com/news/world/2026/07/30/thousands-break-through-border-between-morocco-and-spanish-territory/,Matched: rachid | signals: morocco,rachid,proces; topic:KILL; topic:MILITARY; topic:SECURITY_SERVICES
alert,QDi.190,ABDELKADER LAAGOUB,Al-Qaida,0.60,,2026-07-30,washingtonexaminer.com,"Thousands of migrants bull-rush Spanish border, sparking 'social emergency'",https://www.washingtonexaminer.com/news/world/4669081/migrants-bullrush-spanish-border-humanitarian-social-emergency/,Matched: rachid | signals: morocco,rachid,financ; topic:EXTREMISM; topic:KILL; topic:SECURITY_SERVICES
alert,QDi.190,ABDELKADER LAAGOUB,Al-Qaida,0.60,,2026-07-30,english.news.cn,Spain deploys army units to support border operations in Ceuta amid migrant surge-Xinhua,https://english.news.cn/europe/20260731/6e5885b61c024a8099012291188919b2/c.html,Matched: rachid | signals: morocco,rachid,topic:ARMEDCONFLICT; topic:SECURITY_SERVICES; topic:TAX_MILITARY_TITLE
alert,QDi.190,ABDELKADER LAAGOUB,Al-Qaida,0.60,,2026-07-30,aol.co.uk,Border has 'totally collapsed' as fires started and Spanish troops deployed,https://www.aol.co.uk/articles/border-totally-collapsed-fires-started-225800000.html,Matched: rachid | signals: morocco,rachid,topic:ARMEDCONFLICT; topic:KILL; topic:SECURITY_SERVICES
alert,QDi.190,ABDELKADER LAAGOUB,Al-Qaida,0.60,,2026-07-31,express.co.uk,Border has 'totally collapsed' to migrants admit Spanish officials | World | News,https://www.express.co.uk/news/world/2234665/spain-ceuta-border-totally-collapsed-fires-troops-deployed,Matched: rachid | signals: morocco,rachid,topic:ARMEDCONFLICT; topic:KILL; topic:SECURITY_SERVICES
alert,QDi.190,ABDELKADER LAAGOUB,Al-Qaida,0.60,,2026-07-31,theblaze.com,'Absolute chaos': THOUSANDS of migrants OVERRUN border into Spain from Morocco &#x2014; at least 9 people dead,https://www.theblaze.com/news/absolute-chaos-thousands-of-migrants-overrun-border-into-spain-from-morocco-at-least-9-people-dead,Matched: rachid | signals: morocco,rachid,isis; proces; terror; topic:ARMEDCONFLICT; topic:KILL; topic:REBELLION
alert,QDi.190,ABDELKADER LAAGOUB,Al-Qaida,0.60,,2026-07-31,oneindia.com,Spain Deploys Military to Ceuta After Thousands of People Breach Morocco's Border; At least 9 Die,https://www.oneindia.com/international/spain-deploys-military-to-ceuta-after-thousands-of-people-breach-moroccos-border-at-least-9-die-8162347.html,Matched: rachid | signals: morocco,rachid,proces; topic:KILL; topic:MILITARY; topic:SECURITY_SERVICES
alert,QDi.217,ABU BAKAR BA'ASYIR,Al-Qaida,0.60,,2026-07-29,analisadaily.com,PT Agincourt Resources Perkuat Layanan Kesehatan Masyarakat Lewat Pengobatan Gratis Dokter Spesialis,https://analisadaily.com/berita/baca/2026/07/29/1076019/pt-agincourt-resources-perkuat-layanan-kesehatan-masyarakat-lewat-pengobatan-gratis-dokter-spesialis/,Matched: abdus somad | signals: court,abdus somad,topic:KILL; topic:WB_2432_FRAGILITY_CONFLICT_AND_VIOLENCE; topic:WB_2433_CONFLICT_AND_VIOLENCE
alert,QDi.217,ABU BAKAR BA'ASYIR,Al-Qaida,0.60,,2026-09-16,analisadaily.com,"Jembatani Keterbatasan Akses, PT Agincourt Resources Bawa Dokter Spesialis ke Pelosok Desa Siuhom",https://analisadaily.com/berita/baca/2026/09/16/1077666/jembatani-keterbatasan-akses-pt-agincourt-resources-bawa-dokter-spesialis-ke-pelosok-desa-siuhom/,Matched: abdus somad | signals: court,abdus somad,topic:WB_2432_FRAGILITY_CONFLICT_AND_VIOLENCE; topic:WB_2433_CONFLICT_AND_VIOLENCE; topic:WB_2453_ORGANIZED_CRIME
alert,QDi.217,ABU BAKAR BA'ASYIR,Al-Qaida,0.60,,2026-09-24,liputan6.com,Perpusnas Tetapkan 11 Warisan Dokumenter sebagai Ingatan Kolektif Nasional,https://www.liputan6.com/regional/read/8298920/perpusnas-tetapkan-11-warisan-dokumenter-sebagai-ingatan-kolektif-nasional,Matched: abdus somad | signals: indonesia,abdus somad,topic:ARMEDCONFLICT
alert,QDi.219,TAUFIK RIFKI,Al-Qaida,0.90,,2026-07-20,garoweonline.com,Somalia says strike kills founding Al-Shabaab leader,https://www.garoweonline.com/en/news/somalia/somalia-says-strike-kills-founding-al-shabaab-leader,"Matched: abu ubaidah | signals: al shabaab, commander, killed, weapons",abu ubaidah,attack; killed; killing; militan; shabaab; topic:ARMEDCONFLICT
alert,QDi.219,TAUFIK RIFKI,Al-Qaida,0.70,,2026-08-27,wardheernews.com,UN Report Warns Al-Shabaab Is Adapting Rather Than Retreating,https://wardheernews.com/un-report-warns-al-shabaab-is-adapting-rather-than-retreating/,"Matched: abu ubaidah | signals: al shabaab, killed",abu ubaidah,al qaida; attack; evade; explosive; shabaab; topic:ARMEDCONFLICT
alert,QDi.226,NAJMUDDIN FARAJ AHMAD,Al-Qaida,1.00,,2026-08-12,thelocal.no,Today in Norway: A roundup of the latest news on Wednesday,https://www.thelocal.no/20260812/today-in-norway-a-roundup-of-the-latest-news-on-wednesday-251,"Matched: mullah krekar | signals: court, extradit, norway, terror, trial",mullah krekar,attack; convict; extradi; financ; topic:ARMEDCONFLICT; topic:EXTREMISM
alert,QDi.226,NAJMUDDIN FARAJ AHMAD,Al-Qaida,0.60,,2026-08-19,nettavisen.no,"Krekar, Kamil Jalal Fatah | Krekar-vennen Kamil Jalal Fatah ble utvist fra Norge &#x2013; n&#xE5; vil han tilbake og saks&#xF8;ker staten",https://www.nettavisen.no/nyheter/krekar-vennen-kamil-jalal-fatah-ble-utvist-fra-norge-na-vil-han-tilbake-og-saksoker-staten/s/80-95-2325,Matched: najmuddin faraj ahmad | signals: terror,najmuddin faraj ahmad,terror; topic:ARMEDCONFLICT; topic:ARREST; topic:KILL
alert,QDi.237,JABER ABDALLAH JABER AHMAD AL-JALAHMAH,Al-Qaida,0.60,,2026-08-21,rnz.co.nz,Fiji and Tonga seek alternative fuel supply partners,https://www.rnz.co.nz/news/pacific/1072441/fiji-and-tonga-seek-alternative-fuel-supply-partners,Matched: abdul ghani | signals: isis,abdul ghani,proces; topic:ARMEDCONFLICT; topic:MARITIME_PIRACY; topic:WB_1226_INDUSTRIAL_CLUSTERS_AND_VALUE_CHAINS
alert,QDi.247,"RUBEN PESTANO LAVILLA, JR",Al-Qaida,0.80,,2026-09-14,sunstar.com.ph,Davide as Amicus Curiae: What He'll Tell Senate on VP Trial,https://www.sunstar.com.ph/cebu/top-of-the-week-cebus-hilario-g-davide-jr-and-impeachment,"Matched: junjun | signals: court, philippines, trial",junjun,arrest; convict; topic:KILL; topic:REBELLION; topic:TAX_MILITARY_TITLE; trial
alert,QDi.247,"RUBEN PESTANO LAVILLA, JR",Al-Qaida,0.60,,2026-08-06,philstar.com,Damning testimony comes after Bong Revilla&#xE2;&#x20AC;&#x2122;s release,https://www.philstar.com/opinion/2026/08/07/2547503/damning-testimony-comes-after-bong-revillas-release,Matched: junjun | signals: court,junjun,launder; prosecut; topic:ARREST; topic:TAX_MILITARY_TITLE; topic:TAX_MILITARY_TITLE_OFFICER; trial
alert,QDi.263,HAFIZ MUHAMMAD SAEED,Al-Qaida,1.00,,2026-07-14,mangalorean.com,"Jammu court issues non-bailable warrant against Hafiz Saeed, says custodial interrogation necessary",https://www.mangalorean.com/jammu-court-issues-non-bailable-warrant-against-hafiz-saeed-says-custodial-interrogation-necessary/,"Matched: hafiz mohammad sayeed | signals: court, designated, pakistan, terror, terrorist",hafiz mohammad sayeed,arrest; attack; captur; designat; topic:ARMEDCONFLICT; topic:ARREST
alert,QDi.263,HAFIZ MUHAMMAD SAEED,Al-Qaida,1.00,,2026-09-29,hindustantimes.com,"Dawood Ibrahim, Masood Azhar among terrorists on India's 10 most wanted list; Goldy Brar on 56",https://www.hindustantimes.com/india-news/indias-own-list-of-top-10-terrorists-goldie-brar-on-56-101790644820639.html,"Matched: hafiz mohammad sahib | signals: al qaeda, killed, pakistan, terror, terrorist",hafiz mohammad sahib,al qaeda; al qaida; arms; arrest; terror; topic:ARMEDCONFLICT
alert,QDi.264,ZAKI-UR-REHMAN LAKHVI,Al-Qaida,1.00,,2026-08-21,indiatimes.com,"26/11 attacks: Mumbai Police moves to try Hafiz Saeed, others in absentia",https://economictimes.indiatimes.com/news/india/26/11-attacks-mumbai-police-moves-to-try-hafiz-saeed-others-in-absentia/articleshow/133403160.cms,"Matched: zaki ur rehman lakhvi | signals: court, interpol, pakistan, terror, terrorist",zaki ur rehman lakhvi,arrest; attack; captur; convict; topic:ARMEDCONFLICT; topic:ARREST
alert,QDi.264,ZAKI-UR-REHMAN LAKHVI,Al-Qaida,1.00,,2026-08-21,hindustantimes.com,"26/11 terror attack: Proclamation to be served on Hafiz Saeed, others via Interpol, say police",https://www.hindustantimes.com/cities/mumbai-news/2611-terror-attack-proclamation-to-be-served-on-hafiz-saeed-others-via-interpol-say-police-101787323544552.html,"Matched: zaki ur rehman lakhvi | signals: commander, interpol, terror, trial, wanted",zaki ur rehman lakhvi,arrest; attack; captur; convict; interpol; terror
alert,QDi.264,ZAKI-UR-REHMAN LAKHVI,Al-Qaida,1.00,,2026-08-22,indiatimes.com,"26/11 case: Mumbai Police seek Interpol route to try Pakistani terrorist Hafiz Saeed, 5 others",https://timesofindia.indiatimes.com/india/26/11-case-mumbai-police-seek-interpol-route-to-try-pakistani-terrorist-hafiz-saeed-5-others/articleshow/133426972.cms,"Matched: zaki ur rehman lakhvi | signals: arrest, arrested, court, interpol, pakistan",zaki ur rehman lakhvi,arrest; attack; captur; convict; interpol; terror
alert,QDi.264,ZAKI-UR-REHMAN LAKHVI,Al-Qaida,1.00,,2026-08-23,thenorthlines.com,India to Serve Hafiz Saeed Court Summons in Pakistan Over Pahalgam Attack,https://thenorthlines.com/india-to-serve-hafiz-saeed-court-summons-in-pakistan-over-pahalgam-attack/,"Matched: zaki ur rehman lakhvi | signals: court, interpol, pakistan, terror, trafficking",zaki ur rehman lakhvi,attack; convict; designat; detain; topic:ARMEDCONFLICT; topic:ARREST
alert,QDi.264,ZAKI-UR-REHMAN LAKHVI,Al-Qaida,1.00,,2026-08-30,indiatimes.com,From Afghan jihad to Pahalgam: How Hafiz Saeed built Lashkar-e-Taiba,https://timesofindia.indiatimes.com/world/pakistan/from-afghan-jihad-to-pahalgam-how-hafiz-saeed-built-lashkar-e-taiba/articleshow/133626789.cms,"Matched: zaki ur rehman lakhvi | signals: court, interpol, jihad, killed, pakistan",zaki ur rehman lakhvi,al qaida; arrest; attack; captur; jihad; lashkar
alert,QDi.264,ZAKI-UR-REHMAN LAKHVI,Al-Qaida,1.00,,2026-09-29,hindustantimes.com,"Dawood Ibrahim, Masood Azhar among terrorists on India's 10 most wanted list; Goldy Brar on 56",https://www.hindustantimes.com/india-news/indias-own-list-of-top-10-terrorists-goldie-brar-on-56-101790644820639.html,"Matched: abu waheed irshad ahmad arshad, kaki ur rehman, zaki ur rehman lakhvi | signals: commander, designated, pakistan, security council, terror",abu waheed irshad ahmad arshad; kaki ur rehman; zaki ur rehman lakhvi,al qaeda; al qaida; arms; arrest; terror; topic:ARMEDCONFLICT
alert,QDi.264,ZAKI-UR-REHMAN LAKHVI,Al-Qaida,0.90,,2026-08-18,freepressjournal.in,"26/11 Mumbai Terror Attack Case: In A First Under BNSS, Trial In Absentia Process Begins Against 6 Pakistani Accused, Including Hafiz Saeed, Lakhvi",https://www.freepressjournal.in/mumbai/2611-mumbai-terror-attack-case-in-a-first-under-bnss-trial-in-absentia-process-begins-against-6-pakistani-accused-including-hafiz-saeed-lakhvi,"Matched: zaki ur rehman lakhvi | signals: court, pakistan, terror, trial",zaki ur rehman lakhvi,attack; captur; convict; interpol; proces; terror
alert,QDi.264,ZAKI-UR-REHMAN LAKHVI,Al-Qaida,0.90,,2026-08-21,moneycontrol.com,"India begins in absentia proceedings against Hafiz Saeed, five other 26/11 accused",https://www.moneycontrol.com/world/india-begins-in-absentia-proceedings-against-hafiz-saeed-five-other-26-11-accused-article-14012300.html,"Matched: zaki ur rehman lakhvi | signals: court, pakistan, terror, trial",zaki ur rehman lakhvi,arrest; attack; captur; convict; topic:ARMEDCONFLICT; topic:KILL
alert,QDi.264,ZAKI-UR-REHMAN LAKHVI,Al-Qaida,0.90,,2026-08-21,thenorthlines.com,"26/11 attacks: Cops seek MHA help to serve order against Hafiz Saeed, 5 others for trial in absentia",https://thenorthlines.com/26-11-attacks-cops-seek-mha-help-to-serve-order-against-hafiz-saeed-5-others-for-trial-in-absentia/,"Matched: zaki ur rehman lakhvi | signals: court, interpol, terror, trial",zaki ur rehman lakhvi,arrest; attack; captur; convict; topic:ARMEDCONFLICT; topic:ARREST
alert,QDi.264,ZAKI-UR-REHMAN LAKHVI,Al-Qaida,0.80,,2026-08-18,indiatimes.com,Ball set rolling for trial in absentia against six 26/11 Pakistani accused | Mumbai News,https://timesofindia.indiatimes.com/city/mumbai/ball-set-rolling-for-trial-in-absentia-against-six-26/11-pakistani-accused/articleshow/133302907.cms,"Matched: zaki ur rehman lakhvi | signals: pakistan, terror, trial",zaki ur rehman lakhvi,arms; arrest; attack; bomb; topic:ARMEDCONFLICT; topic:ARREST
alert,QDi.264,ZAKI-UR-REHMAN LAKHVI,Al-Qaida,0.80,,2026-08-18,moneycontrol.com,"Will Hafiz Saeed, Lakhvi and other 26/11 accused finally face trial in India? How new law could break 17-year legal deadlock",https://www.moneycontrol.com/world/will-hafiz-saeed-lakhvi-and-other-26-11-accused-finally-face-trial-in-india-how-new-law-could-break-17-year-legal-deadlock-article-14009440.html,"Matched: zaki ur rehman lakhvi | signals: court, pakistan, trial",zaki ur rehman lakhvi,arrest; attack; captur; convict; topic:ARREST; topic:MILITARY
alert,QDi.264,ZAKI-UR-REHMAN LAKHVI,Al-Qaida,0.80,,2026-08-19,indiatimes.com,"India will take whatever action to defeat terrorism: MEA as trial move begins against Hafiz Saeed, Lakhvi",https://timesofindia.indiatimes.com/india/india-will-take-whatever-action-to-defeat-terrorism-mea-as-trial-move-begins-against-hafiz-saeed-lakhvi/articleshow/133337036.cms,"Matched: zaki ur rehman lakhvi | signals: pakistan, terror, trial",zaki ur rehman lakhvi,arrest; attack; detain; houthi; terror; topic:ARMEDCONFLICT
alert,QDi.264,ZAKI-UR-REHMAN LAKHVI,Al-Qaida,0.70,,2026-08-31,freepressjournal.in,'Dhurandhar-Style' Killing? Jaish Recruiter Reportedly Shot Dead By Unknown Gunman In Pakistan,https://www.freepressjournal.in/world/dhurandhar-style-killing-jaish-recruiter-reportedly-shot-dead-by-unknown-gunman-in-pakistan,"Matched: zaki ur rehman lakhvi | signals: pakistan, terror",zaki ur rehman lakhvi,attack; jaish; killed; killing; topic:ARMEDCONFLICT; topic:KILL
alert,QDi.264,ZAKI-UR-REHMAN LAKHVI,Al-Qaida,0.70,,2026-09-17,indiatimes.com,26/11 attack: Mumbai Police seek time from court to execute proclamation order against Hafiz Saeed,https://timesofindia.indiatimes.com/city/mumbai/26/11-attack-mumbai-police-seek-time-from-court-to-execute-proclamation-order-against-hafiz-saeed/articleshow/134316277.cms,"Matched: zaki ur rehman lakhvi | signals: court, terror",zaki ur rehman lakhvi,arrest; attack; bomb; captur; topic:ARMEDCONFLICT; topic:ARREST
alert,QDi.283,ANWAR NASSER ABDULLA AL-AULAQI,Al-Qaida,1.00,,2026-07-31,redstate.com,The Very Personal Reason Patricia Heaton Wants Mamdani to Butt Out of 9/11 Commemorations,https://redstate.com/terichristoph/2026/07/30/the-very-personal-reason-patricia-heaton-wants-mamdani-to-butt-out-of-911-commemorations-n2204982,"Matched: anwar al awlaki | signals: al qaeda, arrest, court, terror, terrorist",anwar al awlaki,al qaeda; arms; arrest; attack; topic:ARMEDCONFLICT; topic:EXTREMISM
alert,QDi.283,ANWAR NASSER ABDULLA AL-AULAQI,Al-Qaida,1.00,,2026-08-05,patriotpost.us,Thomas Gallatin: Zohran Mamdani Should Be Barred From 9/11 Memorial,https://patriotpost.us/articles/129680-zohran-mamdani-should-be-barred-from-9-slash-11-memorial-2026-08-05,"Matched: anwar al awlaki | signals: al qaeda, al qaida, jihad, terror, terrorist",anwar al awlaki,al qaeda; al qaida; attack; jihad; topic:ARMEDCONFLICT; topic:EXTREMISM
alert,QDi.283,ANWAR NASSER ABDULLA AL-AULAQI,Al-Qaida,1.00,,2026-10-06,dailycaller.com,Trump Approves Firing Squad Execution For Jihadist Fort Hood Shooter,https://dailycaller.com/2026/10/06/trump-hegseth-approves-firing-squad-execution-jihadist-fort-hood-shooter/,"Matched: anwar al awlaki | signals: al qaeda, convicted, jihad, killed, terror",anwar al awlaki,al qaeda; attack; convict; jihad; topic:ARMEDCONFLICT; topic:JIHAD
alert,QDi.283,ANWAR NASSER ABDULLA AL-AULAQI,Al-Qaida,0.70,,2026-07-27,redstate.com,Mamdani Gives Insulting Response to 9/11 Family Members' Pleas to Stay Away From Anniversary Events,https://redstate.com/sister-toldjah/2026/07/27/mamdani-responds-to-families-of-911-victims-n2204819,"Matched: anwar al awlaki | signals: al qaeda, convicted",anwar al awlaki,al qaeda; arrest; attack; bombing; topic:ARMEDCONFLICT; topic:EXTREMISM
alert,QDi.283,ANWAR NASSER ABDULLA AL-AULAQI,Al-Qaida,0.70,,2026-09-07,metro.co.uk,Man at heart of 9/11 lawsuit 'went paintballing with al-Qaeda leader' | News World,https://metro.co.uk/2026/09/07/man-heart-9-11-lawsuit-went-paintballing-al-qaeda-leader-29553961/,"Matched: anwar al awlaki | signals: al qaeda, jihad",anwar al awlaki,al qaeda; arrest; attack; charged; topic:ARMEDCONFLICT; topic:ARREST
alert,QDi.283,ANWAR NASSER ABDULLA AL-AULAQI,Al-Qaida,0.70,,2026-09-30,nhgazette.com,"Wed, Sept 30 - The New Hampshire Gazette",https://www.nhgazette.com/2026/09/30/wed-sept-30-2/,"Matched: anwar al awlaki | signals: trial, yemen",anwar al awlaki,topic:ARMEDCONFLICT; topic:KILL; topic:TRIAL; trial
alert,QDi.283,ANWAR NASSER ABDULLA AL-AULAQI,Al-Qaida,0.60,,2026-09-07,bbc.co.uk,New videos of man in 9/11 lawsuit reveal links to extremists and Saudi state,https://www.bbc.co.uk/news/articles/cr4vn1e207go,Matched: anwar al awlaki | signals: al qaeda,anwar al awlaki,al qaeda; arrest; attack; charged; extremis; topic:ARMEDCONFLICT
alert,QDi.283,ANWAR NASSER ABDULLA AL-AULAQI,Al-Qaida,0.60,,2026-09-07,indiatimes.com,"9/11 suspect's al Qaida, Saudi links: New report claims FBI had key evidence, but didn't pursue",https://timesofindia.indiatimes.com/world/us/9/11-suspects-al-qaida-saudi-links-new-report-claims-fbi-had-key-evidence-but-didnt-pursue/articleshow/133891165.cms,Matched: anwar al awlaki | signals: al qaida,anwar al awlaki,al qaeda; al qaida; arrest; attack; topic:ARMEDCONFLICT; topic:ARREST
alert,QDi.283,ANWAR NASSER ABDULLA AL-AULAQI,Al-Qaida,0.60,,2026-09-08,moneycontrol.com,New footage after 25 years shows 9/11 suspect Omar al-Bayoumi with al-Qaeda leader; FBI never pursued him,https://www.moneycontrol.com/world/new-footage-after-25-years-shows-9-11-suspect-omar-al-bayoumi-with-al-qaeda-leader-fbi-never-pursued-him-article-14024791.html,Matched: anwar al awlaki | signals: al qaeda,anwar al awlaki,al qaeda; arrest; attack; charged; topic:ARMEDCONFLICT; topic:ARREST
alert,QDi.283,ANWAR NASSER ABDULLA AL-AULAQI,Al-Qaida,0.50,,2026-09-16,naturalnews.com,"9/11, Anwar Al-Awlaki, Unanswered Questions and Why Some Answers Remain Hidden   &#x2013; NaturalNews.com",https://www.naturalnews.com/2026-09-15-911-unanswered-questions-some-answers-remain-hidden.html,Matched: anwar al awlaki,anwar al awlaki,al qaeda; attack; bombing; captur; topic:ARMEDCONFLICT; topic:JIHAD
alert,QDi.291,IBRAHIM HASSAN TALI AL-ASIRI,Al-Qaida,1.00,,2026-09-09,kesq.com,AQAP Fast Facts,https://kesq.com/news/national-world/cnn-world/2026/09/09/aqap-fast-facts-3/,"Matched: ibrahim al asiri | signals: arrest, arrested, killed, sanction, sanctions",ibrahim al asiri,al qaeda; arrest; attack; bomb; topic:ARMEDCONFLICT; topic:ARREST
alert,QDi.296,MATI UR-REHMAN ALI MUHAMMAD,Al-Qaida,0.60,,2026-08-17,maritime-executive.com,Nine Killed in Toxic Gas Accident at HKC-Certified Shipbreaking Yard,https://maritime-executive.com/article/nine-killed-in-toxic-gas-accident-at-hkc-certified-shipbreaking-yard,Matched: matiur rahman | signals: killed,matiur rahman,killed; proces; topic:KILL; topic:TRIAL
alert,QDi.303,FAZAL RAHIM,Al-Qaida,0.70,,2026-07-23,english.news.cn,"Cyclist killed, 3 injured as car hits bike in Afghanistan's Parwan-Xinhua",https://english.news.cn/20260723/3317159dbdf84306a4e842be8ccfcc5d/c.html,"Matched: fazal rahim | signals: afghanistan, killed",fazal rahim,killed; topic:KILL; topic:SECURITY_SERVICES
alert,QDi.309,ABDUR REHMAN,Al-Qaida,1.00,,2026-08-18,indiatimes.com,Ball set rolling for trial in absentia against six 26/11 Pakistani accused | Mumbai News,https://timesofindia.indiatimes.com/city/mumbai/ball-set-rolling-for-trial-in-absentia-against-six-26/11-pakistani-accused/articleshow/133302907.cms,"Matched: abdur rehman | signals: court, pakistan, terror, terrorist, trial",abdur rehman,arms; arrest; attack; bomb; topic:ARMEDCONFLICT; topic:ARREST
alert,QDi.309,ABDUR REHMAN,Al-Qaida,1.00,,2026-08-18,freepressjournal.in,"26/11 Mumbai Terror Attack Case: In A First Under BNSS, Trial In Absentia Process Begins Against 6 Pakistani Accused, Including Hafiz Saeed, Lakhvi",https://www.freepressjournal.in/mumbai/2611-mumbai-terror-attack-case-in-a-first-under-bnss-trial-in-absentia-process-begins-against-6-pakistani-accused-including-hafiz-saeed-lakhvi,"Matched: abdur rehman | signals: commander, court, pakistan, terror, trial",abdur rehman,attack; captur; convict; interpol; proces; terror
alert,QDi.309,ABDUR REHMAN,Al-Qaida,1.00,,2026-08-18,moneycontrol.com,"Will Hafiz Saeed, Lakhvi and other 26/11 accused finally face trial in India? How new law could break 17-year legal deadlock",https://www.moneycontrol.com/world/will-hafiz-saeed-lakhvi-and-other-26-11-accused-finally-face-trial-in-india-how-new-law-could-break-17-year-legal-deadlock-article-14009440.html,"Matched: abdur rehman | signals: commander, houthi, isis, missile, pakistan",abdur rehman,arrest; attack; captur; convict; topic:ARREST; topic:MILITARY
alert,QDi.309,ABDUR REHMAN,Al-Qaida,1.00,,2026-08-18,theweek.in,"MEA says India will take whatever action needed to fight terror amid trial in absentia against Hafiz Saeed, other 26/11 accused",https://www.theweek.in/news/india/2026/08/18/26-11-mumbai-attacks-trial-in-absentia-hafiz-saeed.html,"Matched: abdur rehman | signals: arrest, arrested, commander, pakistan, terror",abdur rehman,arrest; attack; lashkar; terror; topic:ARMEDCONFLICT; topic:ARREST
alert,QDi.309,ABDUR REHMAN,Al-Qaida,1.00,,2026-08-21,indiatimes.com,"26/11 attacks: Mumbai Police moves to try Hafiz Saeed, others in absentia",https://economictimes.indiatimes.com/news/india/26/11-attacks-mumbai-police-moves-to-try-hafiz-saeed-others-in-absentia/articleshow/133403160.cms,"Matched: abdur rehman | signals: arrest, convicted, court, pakistan, terror",abdur rehman,arrest; attack; captur; convict; topic:ARMEDCONFLICT; topic:ARREST
alert,QDi.309,ABDUR REHMAN,Al-Qaida,1.00,,2026-08-21,hindustantimes.com,"26/11 terror attack: Proclamation to be served on Hafiz Saeed, others via Interpol, say police",https://www.hindustantimes.com/cities/mumbai-news/2611-terror-attack-proclamation-to-be-served-on-hafiz-saeed-others-via-interpol-say-police-101787323544552.html,"Matched: abdur rehman | signals: commander, court, interpol, pakistan, terror",abdur rehman,arrest; attack; captur; convict; interpol; terror
alert,QDi.309,ABDUR REHMAN,Al-Qaida,1.00,,2026-08-21,thenorthlines.com,"26/11 attacks: Cops seek MHA help to serve order against Hafiz Saeed, 5 others for trial in absentia",https://thenorthlines.com/26-11-attacks-cops-seek-mha-help-to-serve-order-against-hafiz-saeed-5-others-for-trial-in-absentia/,"Matched: abdur rehman | signals: arrest, convicted, court, pakistan, terror",abdur rehman,arrest; attack; captur; convict; topic:ARMEDCONFLICT; topic:ARREST
alert,QDi.309,ABDUR REHMAN,Al-Qaida,1.00,,2026-08-22,indiatimes.com,"26/11 case: Mumbai Police seek Interpol route to try Pakistani terrorist Hafiz Saeed, 5 others",https://timesofindia.indiatimes.com/india/26/11-case-mumbai-police-seek-interpol-route-to-try-pakistani-terrorist-hafiz-saeed-5-others/articleshow/133426972.cms,"Matched: abdur rehman | signals: arrest, arrested, court, interpol, pakistan",abdur rehman,arrest; attack; captur; convict; interpol; terror
alert,QDi.309,ABDUR REHMAN,Al-Qaida,1.00,,2026-08-30,indiatimes.com,From Afghan jihad to Pahalgam: How Hafiz Saeed built Lashkar-e-Taiba,https://timesofindia.indiatimes.com/world/pakistan/from-afghan-jihad-to-pahalgam-how-hafiz-saeed-built-lashkar-e-taiba/articleshow/133626789.cms,"Matched: abdur rehman | signals: court, interpol, jihad, killed, pakistan",abdur rehman,al qaida; arrest; attack; captur; jihad; lashkar
alert,QDi.309,ABDUR REHMAN,Al-Qaida,1.00,,2026-09-17,indiatimes.com,26/11 attack: Mumbai Police seek time from court to execute proclamation order against Hafiz Saeed,https://timesofindia.indiatimes.com/city/mumbai/26/11-attack-mumbai-police-seek-time-from-court-to-execute-proclamation-order-against-hafiz-saeed/articleshow/134316277.cms,"Matched: abdur rehman | signals: court, pakistan, terror, terrorist, trial",abdur rehman,arrest; attack; bomb; captur; topic:ARMEDCONFLICT; topic:ARREST
alert,QDi.309,ABDUR REHMAN,Al-Qaida,0.80,,2026-08-19,indiatimes.com,"India will take whatever action to defeat terrorism: MEA as trial move begins against Hafiz Saeed, Lakhvi",https://timesofindia.indiatimes.com/india/india-will-take-whatever-action-to-defeat-terrorism-mea-as-trial-move-begins-against-hafiz-saeed-lakhvi/articleshow/133337036.cms,"Matched: abdur rehman | signals: pakistan, terror, trial",abdur rehman,arrest; attack; detain; houthi; terror; topic:ARMEDCONFLICT
alert,QDi.309,ABDUR REHMAN,Al-Qaida,0.70,,2026-10-04,ianslive.in,Over 30 serving or former Pakistani military personnel linked in terror cases since 2003: Report,https://ianslive.in/over-30-serving-or-former-pakistani-military-personnel-linked-in-terror-cases-since-2003-report--20261004173738,"Matched: abdur rehman | signals: pakistan, terror",abdur rehman,al qaeda; attack; convict; designat; terror; topic:ARMEDCONFLICT
alert,QDi.309,ABDUR REHMAN,Al-Qaida,0.70,,2026-10-05,idrw.org,"Report: More Than 30 Serving, Former Pakistan Military Personnel Linked to Terror Cases",https://idrw.org/report-more-than-30-serving-former-pakistan-military-personnel-linked-to-terror-cases/,"Matched: abdur rehman | signals: pakistan, terror",abdur rehman,al qaeda; attack; convict; designat; terror; topic:ARMEDCONFLICT
alert,QDi.316,IYAD AG GHALI,Al-Qaida,1.00,,2026-07-15,northafricapost.com,"Algeria bows to Mali, adding another capitulation after failed standoffs with Spain and France &#x2013; The North Africa Post",https://northafricapost.com/98802-algeria-bows-to-mali-adding-another-capitulation-after-failed-standoffs-with-spain-and-france.html,"Matched: iyad ag ghali | signals: commander, court, isis, jihad, mali",iyad ag ghali,al qaeda; attack; captur; hostage; topic:ARMEDCONFLICT; topic:JIHAD
alert,QDi.316,IYAD AG GHALI,Al-Qaida,0.90,,2026-10-01,allafrica.com,Mali: Journalist Sentenced to Two Years in Prison Over TV Remarks,https://allafrica.com/stories/202610010446.html,"Matched: iyad ag ghali | signals: armed group, jihad, mali, trial",iyad ag ghali,armed group; charged; convict; jihad; sentenced; topic:ARMEDCONFLICT
alert,QDi.316,IYAD AG GHALI,Al-Qaida,0.70,,2026-08-01,verafiles.org,Fake news from the mouth of Sara Duterte,https://verafiles.org/articles/fake-news-from-the-mouth-of-sara-duterte,"Matched: iyad ag ghali | signals: arrest, mali",iyad ag ghali,arrest; convict; detain; killing; topic:ARMEDCONFLICT; topic:ARREST
alert,QDi.318,MUHAMMAD JAMAL ABD-AL RAHIM AHMAD AL-KASHIF,Al-Qaida,0.80,,2026-08-08,laotimes.com,The geopolitical map of the Middle East in 2026 &#x2013; The Lao Times,https://laotimes.com/the-geopolitical-map-of-the-middle-east-in-2026/,"Matched: riyadh | signals: egypt, houthi, militia",riyadh,attack; financ; hezbollah; houthi; topic:ARMEDCONFLICT; topic:TAX_TERROR_GROUP
alert,QDi.318,MUHAMMAD JAMAL ABD-AL RAHIM AHMAD AL-KASHIF,Al-Qaida,0.70,,2026-09-21,naturalnews.com,Saudi Arabia scrambles for allies as Houthi missiles reach Riyadh   &#x2013; NaturalNews.com,https://www.naturalnews.com/2026-09-21-saudi-arabia-allies-houthi-missiles-riyadh.html,"Matched: riyadh | signals: houthi, missile",riyadh,arms; attack; captur; financ; houthi; missile
alert,QDi.318,MUHAMMAD JAMAL ABD-AL RAHIM AHMAD AL-KASHIF,Al-Qaida,0.70,,2026-07-31,irishtimes.com,The field marshal remaking Pakistan's place in the world &#x2013; The Irish Times,https://www.irishtimes.com/world/asia-pacific/2026/07/28/pakistans-all-powerful-field-marshal-capitalises-on-ties-with-riyadh-while-keeping-a-lid-on-challenges-through-authoritarian-rule/,"Matched: riyadh | signals: missile, wanted",riyadh,arms; arrest; assassinat; attack; topic:ARMEDCONFLICT; topic:ASSASSINATION
alert,QDi.318,MUHAMMAD JAMAL ABD-AL RAHIM AHMAD AL-KASHIF,Al-Qaida,0.60,,2026-09-23,travelerstoday.com,Middle East Alert Renewed: 11 Embassies Warn of Flight Disruptions as Riyadh Airport Hit,https://www.travelerstoday.com/articles/61029/20260923/middle-east-alert-renewed-11-embassies-warn-flight-disruptions-riyadh-airport-hit.htm,Matched: riyadh | signals: houthi,riyadh,attack; charged; designat; houthi; topic:ARMEDCONFLICT; topic:KILL
alert,QDi.318,MUHAMMAD JAMAL ABD-AL RAHIM AHMAD AL-KASHIF,Al-Qaida,0.60,,2026-08-10,orissapost.com,"Salman Khan, Sanjay Dutt-starrer '7 Dogs' locks August 21 release date",https://www.orissapost.com/salman-khan-sanjay-dutt-starrer-7-dogs-locks-august-21-release-date/,Matched: riyadh | signals: egypt,riyadh,topic:ARMEDCONFLICT
alert,QDi.318,MUHAMMAD JAMAL ABD-AL RAHIM AHMAD AL-KASHIF,Al-Qaida,0.60,,2026-08-10,dailypioneer.com,Salman Khan Sanjay Dutt-Starrer 7 Dogs to Release in India on Aug 21,https://dailypioneer.com/news/salman-khan-sanjay-dutt-starrer-7-dogs-to-release-in-india-on-aug-21,Matched: riyadh | signals: egypt,riyadh,topic:ARMEDCONFLICT
alert,QDi.318,MUHAMMAD JAMAL ABD-AL RAHIM AHMAD AL-KASHIF,Al-Qaida,0.60,,2026-09-14,thepeninsulaqatar.com,Qatar participates in 6th meeting of Arab Association for Prosecutors in Egypt,http://thepeninsulaqatar.com/article/14/09/2026/qatar-participates-in-6th-meeting-of-arab-association-for-prosecutors-in-egypt,Matched: riyadh | signals: egypt,riyadh,financ; proces; prosecut; topic:TRIAL
alert,QDi.318,MUHAMMAD JAMAL ABD-AL RAHIM AHMAD AL-KASHIF,Al-Qaida,0.60,,2026-09-16,indiatimes.com,From Mecca's red line to the 'Gate of Tears': How US-Iran war is closing in on MBS,https://timesofindia.indiatimes.com/world/middle-east/mecca-red-line-gate-of-tears-saudi-crown-prince-mbs-houthis-iran-us-war/articleshow/134284212.cms,Matched: riyadh | signals: houthi,riyadh,arms; attack; bomb; captur; topic:ARMEDCONFLICT; topic:MARITIME_PIRACY
alert,QDi.318,MUHAMMAD JAMAL ABD-AL RAHIM AHMAD AL-KASHIF,Al-Qaida,0.60,,2026-09-25,indiatimes.com,Trump's 48 F-35 jets for Saudi Arabia: Why is Israel uneasy and China a key concern,https://timesofindia.indiatimes.com/world/middle-east/trumps-48-f-35-jets-for-saudi-arabia-why-is-israel-uneasy-and-china-a-key-concern/articleshow/134479408.cms,Matched: riyadh | signals: court,riyadh,assassinat; attack; detain; financ; topic:ARMEDCONFLICT; topic:TAX_FNCACT_MILITARY_PERSONNEL
alert,QDi.322,ABUBAKAR MOHAMMED SHEKAU,Al-Qaida,0.90,,2026-07-27,news24.com,Fragmented security allows terrorists' cross-mobility across Lake Chad and Sahel,https://www.news24.com/world/fragmented-security-allows-terrorists-cross-mobility-across-lake-chad-and-sahel-20260727-0623,"Matched: abubakar shekau | signals: commander, jihad, terror, terrorist",abubakar shekau,al qaeda; armed group; attack; boko haram; terror; topic:ARMEDCONFLICT
alert,QDi.322,ABUBAKAR MOHAMMED SHEKAU,Al-Qaida,0.90,,2026-07-28,allafrica.com,West Africa: Fragmented Security Allows Terrorists' Cross-Mobility Across Lake Chad and Sahel,https://allafrica.com/stories/202607280062.html,"Matched: abubakar shekau | signals: commander, jihad, terror, terrorist",abubakar shekau,al qaeda; armed group; attack; boko haram; terror; topic:ARMEDCONFLICT
alert,QDi.322,ABUBAKAR MOHAMMED SHEKAU,Al-Qaida,0.90,,2026-08-06,dailypost.ng,"How ISWAP turned on Boko Haram, triggering Nigeria's deadliest terror rivalry",https://dailypost.ng/2026/08/06/how-iswap-turned-on-boko-haram-triggering-nigerias-deadliest-terror-rivalry/,"Matched: abubakar shekau, shekau | signals: arrest, jihad, nigeria, terror",abubakar shekau; shekau,arrest; boko haram; explosive; insurg; terror; topic:ARMEDCONFLICT
alert,QDi.322,ABUBAKAR MOHAMMED SHEKAU,Al-Qaida,0.90,,2026-09-08,allafrica.com,Nigeria: Exclusive - Nigerian Government and Boko Haram Strike Secret Ceasefire Deal,https://allafrica.com/stories/202609080003.html,"Matched: abubakar shekau, shekau | signals: commander, jihad, killed, nigeria",abubakar shekau; shekau,armed group; attack; boko haram; bombing; topic:ARMEDCONFLICT; topic:EXTREMISM
alert,QDi.322,ABUBAKAR MOHAMMED SHEKAU,Al-Qaida,0.90,,2026-09-10,allafrica.com,"Nigeria: Finding a Path to Peace - Nigeria's Long, Faltering History of Dialogue With Boko Haram",https://allafrica.com/stories/202609100003.html,"Matched: abubakar shekau, shekau | signals: commander, jihad, killed, nigeria",abubakar shekau; shekau,al qaeda; assassinat; attack; boko haram; topic:ARMEDCONFLICT; topic:ARREST
alert,QDi.322,ABUBAKAR MOHAMMED SHEKAU,Al-Qaida,0.80,,2026-08-09,dailypost.ng,Concerns as Shekau's son reportedly emerges in Boko Haram ranks,https://dailypost.ng/2026/08/09/concerns-as-shekaus-son-reportedly-emerges-in-boko-haram-ranks/,"Matched: abubakar shekau, shekau | signals: insurgent, nigeria, terror",abubakar shekau; shekau,attack; boko haram; insurg; islamic state; topic:ARMEDCONFLICT; topic:INSURGENCY
alert,QDi.322,ABUBAKAR MOHAMMED SHEKAU,Al-Qaida,0.80,,2026-08-08,thesun.ng,Life in Sambissa: Ex-Boko Haram insurgents open up,https://thesun.ng/life-in-sambissa-ex-boko-haram-insurgents-open-up/,"Matched: abubakar shekau, shekau | signals: insurgent, terror, terrorist",abubakar shekau; shekau,arms; arrest; attack; boko haram; insurg; topic:ARMEDCONFLICT
alert,QDi.322,ABUBAKAR MOHAMMED SHEKAU,Al-Qaida,0.80,,2026-08-21,thechronicle.com.gh,Feature: Murder In The Name Of God/Allah - The Ghanaian Chronicle,https://thechronicle.com.gh/feature-murder-in-the-name-of-god-allah/,"Matched: abubakar shekau | signals: isis, jihad, nigeria",abubakar shekau,arrest; assassinat; attack; boko haram; topic:ARMEDCONFLICT; topic:ARREST
alert,QDi.322,ABUBAKAR MOHAMMED SHEKAU,Al-Qaida,0.80,,2026-09-08,premiumtimesng.com,Nigerian government reportedly enters secret ceasefire agreement with Boko Haram,https://www.premiumtimesng.com/news/top-news/908140-nigerian-government-reportedly-enters-secret-ceasefire-agreement-with-boko-haram.html,"Matched: abubakar shekau | signals: jihad, killed, nigeria",abubakar shekau,arrest; attack; boko haram; financ; topic:ARMEDCONFLICT; topic:ARREST
alert,QDi.322,ABUBAKAR MOHAMMED SHEKAU,Al-Qaida,0.80,,2026-09-11,kesq.com,ISIS Fast Facts,https://kesq.com/news/national-world/cnn-world/2026/09/10/isis-fast-facts-5/,"Matched: abubakar shekau | signals: isis, militia, nigeria",abubakar shekau,al qaeda; arms; attack; boko haram; isis; topic:ARMEDCONFLICT
alert,QDi.322,ABUBAKAR MOHAMMED SHEKAU,Al-Qaida,0.80,,2026-09-15,listverse.com,10 Devastating Conflicts That Have Shaped the 21st Century,https://listverse.com/2026/09/11/10-brutal-and-tragic-wars-of-the-21st-century/,"Matched: abubakar shekau, shekau | signals: isis, killed, nigeria",abubakar shekau; shekau,al qaeda; armed group; arms; arrest; topic:ARMEDCONFLICT; topic:ARREST
alert,QDi.322,ABUBAKAR MOHAMMED SHEKAU,Al-Qaida,0.70,,2026-07-30,thesun.ng,Terrorists not genuine Shari'a scholars,https://thesun.ng/terrorists-not-genuine-sharia-scholars-sheikh-gumi/,"Matched: abubakar shekau | signals: terror, terrorist",abubakar shekau,armed group; attack; boko haram; extremis; terror; topic:ARMEDCONFLICT
alert,QDi.322,ABUBAKAR MOHAMMED SHEKAU,Al-Qaida,0.70,,2026-09-16,allafrica.com,Nigeria: Boko Haram 'Judge' Denies Reported Ceasefire Deal With Nigerian Govt,https://allafrica.com/stories/202609160088.html,"Matched: abubakar shekau | signals: nigeria, terror",abubakar shekau,boko haram; hostage; insurg; jihad; topic:ARMEDCONFLICT; topic:INSURGENCY
alert,QDi.322,ABUBAKAR MOHAMMED SHEKAU,Al-Qaida,0.60,,2026-08-09,nigerianeye.com,"Concerns as Shekau's son reportedly emerges in Boko Haram ranks - Latest News In Nigeria, Nigeria News Today, Your Online Nigerian Newspaper",https://www.nigerianeye.com/2026/08/concerns-as-shekaus-son-reportedly.html,Matched: shekau | signals: nigeria,shekau,boko haram; topic:ARMEDCONFLICT; topic:INSURGENCY; topic:TAX_FNCACT_INSURGENT
alert,QDi.322,ABUBAKAR MOHAMMED SHEKAU,Al-Qaida,0.60,,2026-09-15,premiumtimesng.com,Boko Haram 'judge' denies reported ceasefire deal with Nigerian govt,https://www.premiumtimesng.com/news/top-news/909775-boko-haram-judge-denies-reported-ceasefire-deal-with-nigerian-govt.html,Matched: abubakar shekau | signals: nigeria,abubakar shekau,attack; boko haram; financ; hostage; topic:ARMEDCONFLICT; topic:INSURGENCY
alert,QDi.323,SAID ARIF,Al-Qaida,0.60,,2026-08-29,middleeasteye.net,France's nuclear tests in Algeria: A colonial legacy that still radiates 60 years later,https://www.middleeasteye.net/news/frances-nuclear-tests-algeria-colonial-legacy-still-radiates-60-years-later,Matched: abderahmane | signals: algeria,abderahmane,arms; bomb; financ; killing; nuclear; topic:ARMEDCONFLICT
alert,QDi.327,ABDELRAHMAN MOUHAMAD ZAFIR AL DABIDI AL JAHANI,Al-Qaida,1.00,,2026-07-23,kesq.com,1998 US Embassies in Africa Bombings Fast Facts,https://kesq.com/news/national-world/cnn-world/2026/07/23/1998-us-embassies-in-africa-bombings-fast-facts-6/,"Matched: abu anas | signals: al qaeda, court, extradit, killed, trial",abu anas,al qaeda; arrest; attack; bombing; topic:ARMEDCONFLICT; topic:ARREST
alert,QDi.337,MAYSAR ALI MUSA ABDALLAH AL-JUBURI,Al-Qaida,0.90,,2026-08-14,jpost.com,"Iraq seeks Saudi, Syria ties amid Iran-backed militia crisis",https://www.jpost.com/middle-east/article-905505,"Matched: al shammari | signals: commander, iraq, isis, militia",al shammari,armed group; arms; attack; detain; militia; topic:ARMEDCONFLICT
alert,QDi.337,MAYSAR ALI MUSA ABDALLAH AL-JUBURI,Al-Qaida,0.80,,2026-08-13,middle-east-online.com,Iraq seeks to reassure Riyadh over drone attacks from its territory,https://www.middle-east-online.com/en/iraq-seeks-reassure-riyadh-over-drone-attacks-its-territory,"Matched: al shammari | signals: armed group, commander, iraq",al shammari,armed group; arrest; attack; houthi; topic:ARMEDCONFLICT; topic:TAX_TERROR_GROUP
alert,QDi.337,MAYSAR ALI MUSA ABDALLAH AL-JUBURI,Al-Qaida,0.80,,2026-08-13,al-monitor.com,Iraq intel and security officials visit Saudi Arabia after drone attacks,https://www.al-monitor.com/originals/2026/08/iraq-intel-and-security-officials-visit-saudi-arabia-after-drone-attacks,"Matched: al shammari | signals: commander, iraq, militia",al shammari,arrest; attack; designat; extremis; topic:ARMEDCONFLICT; topic:ARREST
alert,QDi.337,MAYSAR ALI MUSA ABDALLAH AL-JUBURI,Al-Qaida,0.80,,2026-08-28,al-monitor.com,Iraq reinforces Saudi border security amid militia tensions: What to know,https://www.al-monitor.com/originals/2026/08/iraq-reinforces-saudi-border-security-amid-militia-tensions-what-know,"Matched: al shammari | signals: commander, iraq, militia",al shammari,attack; militia; topic:MILITARY; topic:TAX_MILITARY_TITLE; topic:TAX_MILITARY_TITLE_SOLDIERS
alert,QDi.337,MAYSAR ALI MUSA ABDALLAH AL-JUBURI,Al-Qaida,0.80,,2026-09-30,irishtimes.com,"After two decades, US forces leave Iraq to an uncertain future",https://www.irishtimes.com/world/middle-east/2026/09/30/after-two-decades-us-forces-leave-iraq-to-an-uncertain-future/,"Matched: al shammari | signals: insurgent, iraq, jihad",al shammari,arms; attack; detain; hostage; topic:ARMEDCONFLICT; topic:INSURGENCY
alert,QDi.337,MAYSAR ALI MUSA ABDALLAH AL-JUBURI,Al-Qaida,0.70,,2026-08-14,sana.sy,"Saudi Arabia, Iraq discuss military, defense cooperation",https://sana.sy/en/middle-east/2336344/,"Matched: al shammari | signals: commander, iraq",al shammari,attack; security council; topic:MILITARY_COOPERATION
alert,QDi.337,MAYSAR ALI MUSA ABDALLAH AL-JUBURI,Al-Qaida,0.70,,2026-09-07,aljazeera.com,Iraq faces sovereignty test as US-led military coalition exit nears,https://www.aljazeera.com/news/2026/9/7/iraq-faces-sovereignty-test-as-us-led-military-coalition-exit-nears,"Matched: al shammari | signals: commander, iraq",al shammari,armed group; hezbollah; isil; isis; topic:ARMEDCONFLICT; topic:KILL
alert,QDi.337,MAYSAR ALI MUSA ABDALLAH AL-JUBURI,Al-Qaida,0.70,,2026-09-07,grenadachronicle.com,Iraq faces sovereignty test as US-led military coalition exit nears&#xA0; - Grenada Chronicle &#x2013; Daily Grenada And Caribbean News,https://grenadachronicle.com/iraq-faces-sovereignty-test-as-us-led-military-coalition-exit-nears/,"Matched: al shammari | signals: commander, iraq",al shammari,armed group; arrest; hezbollah; isil; topic:ARMEDCONFLICT; topic:KILL
alert,QDi.337,MAYSAR ALI MUSA ABDALLAH AL-JUBURI,Al-Qaida,0.70,,2026-09-18,sana.sy,Iraq opens former military airspace to civilian flights,https://sana.sy/en/middle-east/2343786/,"Matched: al shammari | signals: commander, iraq",al shammari,attack; isis; killed; terror; topic:ARMEDCONFLICT; topic:TAX_TERROR_GROUP
alert,QDi.337,MAYSAR ALI MUSA ABDALLAH AL-JUBURI,Al-Qaida,0.70,,2026-09-27,hurriyetdailynews.com,Iraq to close US-led coalition headquarters on Sept 30,https://www.hurriyetdailynews.com/iraq-to-close-us-led-coalition-headquarters-on-sept-30-227424,"Matched: al shammari | signals: commander, iraq",al shammari,attack; proces; topic:SOC_POINTSOFINTEREST_MILITARY_BASES; topic:TAX_MILITARY_TITLE; topic:TAX_MILITARY_TITLE_COMMANDER; trial
alert,QDi.337,MAYSAR ALI MUSA ABDALLAH AL-JUBURI,Al-Qaida,0.60,,2026-08-13,dailysabah.com,"Saudi Arabia reaffirms support for Iraq's security, stability",https://www.dailysabah.com/world/mid-east/saudi-arabia-reaffirms-support-for-iraqs-security-stability,Matched: al shammari | signals: iraq,al shammari,topic:TAX_MILITARY_TITLE; topic:TAX_MILITARY_TITLE_COMMANDER
alert,QDi.337,MAYSAR ALI MUSA ABDALLAH AL-JUBURI,Al-Qaida,0.60,,2026-09-06,middle-east-online.com,Iraq steps up legal fight against sectarian rhetoric,https://www.middle-east-online.com/en/iraq-steps-legal-fight-against-sectarian-rhetoric,Matched: al shammari | signals: iraq,al shammari,arrest; houthi; prosecut; topic:ARMEDCONFLICT; topic:TRIAL; topic:WB_2432_FRAGILITY_CONFLICT_AND_VIOLENCE
alert,QDi.337,MAYSAR ALI MUSA ABDALLAH AL-JUBURI,Al-Qaida,0.60,,2026-09-16,iraq-businessnews.com,IBBC Concludes Extensive Programme of Meetings in Baghdad,https://www.iraq-businessnews.com/2026/09/16/ibbc-concludes-extensive-programme-of-meetings-in-baghdad/,Matched: al shammari | signals: iraq,al shammari,financ; topic:MARITIME_PIRACY; topic:WB_2432_FRAGILITY_CONFLICT_AND_VIOLENCE
alert,QDi.338,SHAFI SULTAN MOHAMMED SULTAN AL-AJMI,Al-Qaida,1.00,,2026-08-13,miragenews.com,"UNSC Updates Four ISIL, Al-Qaida Sanctions Entries",https://www.miragenews.com/unsc-updates-four-isil-al-qaida-sanctions-1727060/,"Matched: shafi al ajmi, shafi s m s alajmi, شافي سلطان محمد سلطان العجمي, id:03111298, id:003111298, id:0216155930, id:273010101204 | signals: al qaida, designation, interpol, isil, kuwait",shafi al ajmi; shafi s m s alajmi; شافي سلطان محمد سلطان العجمي; id:03111298; id:003111298; id:0216155930; id:273010101204,topic:ARMEDCONFLICT; topic:JIHAD; topic:SANCTIONS; al qaida; isil; sanction
alert,QDi.339,‘ABD AL-RAHMAN MUHAMMAD MUSTAFA AL-QADULI,Al-Qaida,1.00,,2026-09-02,jpost.com,Iranian-backed militias try to prevent disarmament with new conditions,https://www.jpost.com/middle-east/article-907331,"Matched: abu ala | signals: commander, designated, iraq, militia, sanction",abu ala,armed group; arms; attack; designat; militia; topic:WB_2432_FRAGILITY_CONFLICT_AND_VIOLENCE
alert,QDi.339,‘ABD AL-RAHMAN MUHAMMAD MUSTAFA AL-QADULI,Al-Qaida,0.90,,2026-09-11,kesq.com,ISIS Fast Facts,https://kesq.com/news/national-world/cnn-world/2026/09/10/isis-fast-facts-5/,"Matched: abu ala | signals: isis, militia, smuggl, terror",abu ala,al qaeda; arms; attack; boko haram; isis; topic:ARMEDCONFLICT
alert,QDi.339,‘ABD AL-RAHMAN MUHAMMAD MUSTAFA AL-QADULI,Al-Qaida,0.60,,2026-08-16,presstv.co.uk,Resistance leader demands end to US direct financial leverage over Iraq,https://www.presstv.co.uk/Detail/2026/08/16/774441/Resistance-leader-demands-end-to-US-direct-financial-leverage-over-Iraq,Matched: abu ala | signals: iraq,abu ala,attack; financ; topic:TAX_TERROR_GROUP; topic:TAX_TERROR_GROUP_KATAIB_SAYYID_ALSHUHADA; weapon
alert,QDi.339,‘ABD AL-RAHMAN MUHAMMAD MUSTAFA AL-QADULI,Al-Qaida,0.60,,2026-08-16,islamicinvitationturkey.com,Iraqi Resistance Chief Calls for Halt to US Financial Influence Over Nation,https://www.islamicinvitationturkey.com/iraqi-resistance-chief-calls-for-halt-to-us-financial-influence-over-nation/,Matched: abu ala | signals: iraq,abu ala,financ; killed
alert,QDi.339,‘ABD AL-RAHMAN MUHAMMAD MUSTAFA AL-QADULI,Al-Qaida,0.60,,2026-09-26,presstv.co.uk,Resistance group urges Iraqi government to reject 'unjust siege' on Iran,https://www.presstv.co.uk/Detail/2026/09/26/777045/Kataib-Sayyidal-Shuhada-resistance-group-rejects-Iraq-s-role-in-unjust-siege-on-Iran,Matched: abu ala | signals: iraq,abu ala,attack; hezbollah; jihad; sanction; topic:SANCTIONS; topic:SEIGE
alert,QDi.343,ASHRAF MUHAMMAD YUSUF 'UTHMAN 'ABD AL-SALAM,Al-Qaida,1.00,,2026-07-09,aljazeera.com,Syria says cell behind 'terrorist bombings' in Damascus arrested | Syria's War News,https://www.aljazeera.com/news/2026/7/9/syria-says-cell-behind-terrorist-bombings-in-damascus-arrested,"Matched: khattab | signals: arrest, arrested, killed, terror, terrorist",khattab,arrest; bomb; bombing; captur; terror; topic:ARMEDCONFLICT
alert,QDi.343,ASHRAF MUHAMMAD YUSUF 'UTHMAN 'ABD AL-SALAM,Al-Qaida,1.00,,2026-07-10,jpost.com,"Individuals behind string of Damascus attacks arrested, Syrian official says",http://www.jpost.com/middle-east/article-902083,"Matched: khattab | signals: arrest, arrested, isis, terror, terrorist",khattab,arrest; attack; bombing; explosive; topic:ARMEDCONFLICT; topic:ARREST
alert,QDi.343,ASHRAF MUHAMMAD YUSUF 'UTHMAN 'ABD AL-SALAM,Al-Qaida,1.00,,2026-07-10,samaa.tv,ISIL-linked suspects arrested over Damascus bombings during Macron's visit,https://www.samaa.tv/2087353317-isil-linked-suspects-arrested-over-damascus-bombings-during-macron-s-visit,"Matched: khattab | signals: arrest, arrested, isil, isis, terror",khattab,arrest; attack; bombing; houthi; isil; topic:ARMEDCONFLICT
alert,QDi.343,ASHRAF MUHAMMAD YUSUF 'UTHMAN 'ABD AL-SALAM,Al-Qaida,1.00,,2026-07-10,hngn.com,"Syria Arrests ISIL-Linked Cell Behind Damascus Bombings, Reversing Assad-Loyalist Theory",https://www.hngn.com/articles/271998/20260710/syria-arrests-isil-linked-cell-behind-damascus-bombings-reversing-assad-loyalist-theory.htm,"Matched: khattab | signals: arrest, arrested, isil, killed, terror",khattab,arrest; assassinat; attack; bombing; isil; topic:ARMEDCONFLICT
alert,QDi.343,ASHRAF MUHAMMAD YUSUF 'UTHMAN 'ABD AL-SALAM,Al-Qaida,1.00,,2026-07-11,breitbart.com,Syria Arrests 'ISIS-Linked' Suspects in Damascus Bombings,https://www.breitbart.com/middle-east/2026/07/10/syria-arrests-isis-linked-suspects-in-damascus-bombings/,"Matched: khattab | signals: arrest, arrested, commander, isis, killed",khattab,arrest; bomb; bombing; designat; isis; topic:ARMEDCONFLICT
alert,QDi.343,ASHRAF MUHAMMAD YUSUF 'UTHMAN 'ABD AL-SALAM,Al-Qaida,1.00,,2026-07-13,ibtimes.com,Syria Finds Explosives Cache Tied To ISIL Cell As Al-Sharaa Faced 5 Foiled Plots: UN,https://jp.ibtimes.com/syria-finds-explosives-cache-tied-isil-cell-al-sharaa-faced-5-foiled-plots-un-102482,"Matched: khattab | signals: arrest, arrested, isil, killed, terror",khattab,arrest; assassinat; attack; bombing; explosive; isil
alert,QDi.343,ASHRAF MUHAMMAD YUSUF 'UTHMAN 'ABD AL-SALAM,Al-Qaida,0.90,,2026-07-09,sana.sy,"Damascus attack plotters in custody, Interior Ministry confirms",https://sana.sy/en/syria/2328505/,"Matched: khattab | signals: arrest, arrested, terror, terrorist",khattab,arrest; attack; bombing; explosive; topic:ARMEDCONFLICT; topic:ARREST
alert,QDi.343,ASHRAF MUHAMMAD YUSUF 'UTHMAN 'ABD AL-SALAM,Al-Qaida,0.90,,2026-07-10,thenationalnews.com,Syria says preliminary probe ties Damascus bomb cell to ISIS,https://www.thenationalnews.com/news/mena/2026/07/10/syria-says-preliminary-probe-ties-damascus-bomb-cell-to-isis/,"Matched: khattab | signals: arrest, arrested, isis, killed",khattab,arrest; attack; bomb; bombing; isis; topic:ARMEDCONFLICT
alert,QDi.343,ASHRAF MUHAMMAD YUSUF 'UTHMAN 'ABD AL-SALAM,Al-Qaida,0.80,,2026-07-09,straitstimes.com,Syria authorities capture 'cell' responsible for July 7 blasts during visit by France's Macron,https://www.straitstimes.com/world/middle-east/syria-authorities-capture-cell-responsible-for-july-7-blasts-during-visit-by-frances-macron,"Matched: khattab | signals: isis, terror, terrorist",khattab,attack; blacklist; bomb; bombing; captur; topic:ARMEDCONFLICT
alert,QDi.343,ASHRAF MUHAMMAD YUSUF 'UTHMAN 'ABD AL-SALAM,Al-Qaida,0.80,,2026-07-10,livemint.com,Syria captures ISIS-linked cell involved in 'terrorist bombings' during Emmanuel Macron's Damascus visit,https://www.livemint.com/news/world/syria-captures-isis-linked-cell-involved-in-terrorist-bombings-during-emmanuel-macrons-damascus-visit-11783648113107.html,"Matched: khattab | signals: isis, terror, terrorist",khattab,attack; bomb; bombing; captur; isis; terror
alert,QDi.343,ASHRAF MUHAMMAD YUSUF 'UTHMAN 'ABD AL-SALAM,Al-Qaida,0.80,,2026-07-10,hurriyetdailynews.com,Syria authorities say captured ISIL-linked cell behind blasts,https://www.hurriyetdailynews.com/syria-authorities-say-captured-isil-linked-cell-behind-blasts-224209,"Matched: khattab | signals: isil, terror, terrorist",khattab,arrest; attack; bomb; bombing; captur; isil
alert,QDi.343,ASHRAF MUHAMMAD YUSUF 'UTHMAN 'ABD AL-SALAM,Al-Qaida,0.80,,2026-07-16,thenationalnews.com,"Syria and Lebanon co-ordinate 'daily' on security matters, interior minister says",https://www.thenationalnews.com/news/europe/2026/07/16/syria-and-lebanon-co-ordinating-daily-on-security-matters-minister-says/,"Matched: khattab | signals: arrest, isis, terror",khattab,arrest; attack; extradi; hamas; topic:ARMEDCONFLICT; topic:ARREST
alert,QDi.343,ASHRAF MUHAMMAD YUSUF 'UTHMAN 'ABD AL-SALAM,Al-Qaida,0.80,,2026-07-21,sana.sy,"National strategy to combat money laundering, terrorist financing launched",https://sana.sy/en/syria/2330986/,"Matched: khattab | signals: launder, terror, terrorist",khattab,financ; killed; launder; proliferat; terror; topic:ARMEDCONFLICT
alert,QDi.343,ASHRAF MUHAMMAD YUSUF 'UTHMAN 'ABD AL-SALAM,Al-Qaida,0.70,,2026-07-09,freemalaysiatoday.com,Syrian authorities say captured 'cell' responsible for blast during Macron visit,https://www.freemalaysiatoday.com/category/highlight/2026/07/10/syrian-authorities-say-captured-cell-responsible-for-blast-during-macron-visit,"Matched: khattab | signals: terror, terrorist",khattab,attack; bomb; bombing; captur; topic:ARMEDCONFLICT; topic:ARREST
alert,QDi.343,ASHRAF MUHAMMAD YUSUF 'UTHMAN 'ABD AL-SALAM,Al-Qaida,0.70,,2026-07-11,dawn.com,Syria says IS behind Damascus blasts - Newspaper,https://www.dawn.com/news/2014526/syria-says-is-behind-damascus-blasts,"Matched: khattab | signals: terror, terrorist",khattab,arrest; attack; bomb; bombing; topic:ARMEDCONFLICT; topic:ARREST
alert,QDi.343,ASHRAF MUHAMMAD YUSUF 'UTHMAN 'ABD AL-SALAM,Al-Qaida,0.70,,2026-08-12,sana.sy,Damascus prosecutor confirms death sentences met legal requirements,https://sana.sy/en/syria/2335847/,"Matched: khattab | signals: court, trial",khattab,arrest; convict; detain; fugitive; prosecut; topic:ARMEDCONFLICT
alert,QDi.343,ASHRAF MUHAMMAD YUSUF 'UTHMAN 'ABD AL-SALAM,Al-Qaida,0.60,,2026-07-10,middle-east-online.com,Syria's preliminary probe links Damascus bomb cell to Islamic State,https://www.middle-east-online.com/en/syria%E2%80%99s-preliminary-probe-links-damascus-bomb-cell-islamic-state,Matched: khattab | signals: isis,khattab,arrest; attack; bomb; bombing; islamic state; topic:TAX_TERROR_GROUP
alert,QDi.343,ASHRAF MUHAMMAD YUSUF 'UTHMAN 'ABD AL-SALAM,Al-Qaida,0.60,,2026-07-11,sana.sy,Interior minister chairs security meeting with provincial commanders,https://sana.sy/en/syria/2328779/,Matched: khattab | signals: commander,khattab,arrest; bombing; captur; isis; topic:ARMEDCONFLICT; topic:TAX_TERROR_GROUP
alert,QDi.343,ASHRAF MUHAMMAD YUSUF 'UTHMAN 'ABD AL-SALAM,Al-Qaida,0.60,,2026-07-15,thenationalnews.com,Syrian President replaces intelligence chief to solve internal power struggle,https://www.thenationalnews.com/news/mena/2026/07/15/syria-security-al-shara-tahhan/,Matched: khattab | signals: al qaeda,khattab,al qaeda; isis; militan; rebel; topic:ARMEDCONFLICT; topic:REBELLION
alert,QDi.343,ASHRAF MUHAMMAD YUSUF 'UTHMAN 'ABD AL-SALAM,Al-Qaida,0.60,,2026-07-19,thenationalnews.com,Syria confirms appointment of Abdulqader Al Tahhan as new intelligence chief,https://www.thenationalnews.com/news/mena/2026/07/19/syria-confirms-appointment-of-abdulqader-al-tahhan-as-new-intelligence-chief/,Matched: khattab | signals: rebel,khattab,al qaeda; rebel; topic:ARMEDCONFLICT; topic:REBELLION; topic:SECURITY_SERVICES
alert,QDi.343,ASHRAF MUHAMMAD YUSUF 'UTHMAN 'ABD AL-SALAM,Al-Qaida,0.60,,2026-07-22,gdnonline.com,Bahrain News: Bahrain's steadfast support for Syria emphasised,https://www.gdnonline.com:443/Details/1401309/Bahrain%E2%80%99s-steadfast-support-for-Syria-emphasised,Matched: khattab | signals: adf,khattab,topic:SECURITY_SERVICES; topic:WB_1934_CIVILLIAN_POLICE_AND_SECURITY_SERVICES
alert,QDi.343,ASHRAF MUHAMMAD YUSUF 'UTHMAN 'ABD AL-SALAM,Al-Qaida,0.60,,2026-08-09,sana.sy,Interior minister chairs meeting to review Counter-Terrorism Department's performance,https://sana.sy/en/syria/2335355/,Matched: khattab | signals: terror,khattab,terror; topic:WB_2432_FRAGILITY_CONFLICT_AND_VIOLENCE; topic:WB_2492_COUNTER_TERRORISM
alert,QDi.364,ISLAM SEIT-UMAROVICH ATABIEV,Al-Qaida,1.00,,2026-09-15,syriadirect.org,Ties of blood: The afterlife of Syria's jihadist networks from Aleppo to Berlin,https://syriadirect.org/ties-of-blood-the-afterlife-of-syrias-jihadist-networks-from-aleppo-to-berlin/,"Matched: abu jihad | signals: arrest, commander, jihad, sanction, sanctions",abu jihad,arrest; attack; detain; explosive; jihad; topic:ARMEDCONFLICT
alert,QDi.364,ISLAM SEIT-UMAROVICH ATABIEV,Al-Qaida,1.00,,2026-09-19,petronoticias.com.br,"AR&#xC1;BIA SAUDITA ENTRA EM ALERTA TOTAL DEPOIS DOS ATAQUES DOS TERRORISTAS HOTHIS CONTRA O AEROPORTO E A CAPITAL RIAD. IR&#xC3;, R&#xDA;SSIA E CHINA APOIAM OFENSIVA",https://petronoticias.com.br/arabia-saudita-entra-em-alerta-total-depois-dos-ataques-dos-terroristas-hothis-contra-o-aeroporto-e-a-capital-riad-ira-russia-e-china-apoiam-ofensiva/,"Matched: abu jihad | signals: houthi, iraq, jihad, terror, terrorist",abu jihad,ataque; captur; conden; contraband; terror; topic:ARMEDCONFLICT
alert,QDi.364,ISLAM SEIT-UMAROVICH ATABIEV,Al-Qaida,0.90,,2026-08-18,al-monitor.com,"After 44 years, Israel retrieves remains of soldier killed in Lebanon: What to know",https://www.al-monitor.com/originals/2026/08/after-44-years-israel-retrieves-remains-soldier-killed-lebanon-what-know,"Matched: abu jihad | signals: commander, designation, jihad, killed",abu jihad,assassinat; designat; jihad; killed; topic:ARMEDCONFLICT; topic:ARREST
alert,QDi.364,ISLAM SEIT-UMAROVICH ATABIEV,Al-Qaida,0.90,,2026-09-19,jpost.com,"Using the Houthis, Iran's allies are helping tighten Tehran's grip on Red Sea",https://www.jpost.com/middle-east/article-908995,"Matched: abu jihad | signals: houthi, iraq, jihad, missile",abu jihad,attack; captur; hamas; hezbollah; houthi; topic:ARMEDCONFLICT
alert,QDi.364,ISLAM SEIT-UMAROVICH ATABIEV,Al-Qaida,0.80,,2026-08-18,al-monitor.com,Syria announces capture of senior ISIS official near Manbij: What to know,https://www.al-monitor.com/originals/2026/08/syria-announces-capture-senior-isis-official-near-manbij-what-know,"Matched: abu jihad | signals: arrest, isis, jihad",abu jihad,arrest; attack; captur; extremis; isis; topic:ARMEDCONFLICT
alert,QDi.364,ISLAM SEIT-UMAROVICH ATABIEV,Al-Qaida,0.60,,2026-08-11,brasil247.com,"Abu Jihad, presente: a despedida de Lejeune Mirhan",https://www.brasil247.com/blog/abu-jihad-presente-a-despedida-de-lejeune-mirhan/,Matched: abu jihad | signals: jihad,abu jihad,ataque; bom; captur; conden; jihad; topic:ARMEDCONFLICT
alert,QDi.364,ISLAM SEIT-UMAROVICH ATABIEV,Al-Qaida,0.60,,2026-08-11,racismoambiental.net.br,"""Estou preparado para uma terceira guerra. N&#xE3;o para uma nuclear"". Entrevista com Lejeune Mirhan",https://racismoambiental.net.br/2026/08/11/estou-preparado-para-uma-terceira-guerra-nao-para-uma-nuclear-entrevista-com-lejeune-mirhan/,Matched: abu jihad | signals: jihad,abu jihad,armas; assassinat; ataque; bom; nuclear; topic:ARMEDCONFLICT
alert,QDi.384,ALI MUSA AL-SHAWAKH,Al-Qaida,0.80,,2026-09-11,kesq.com,ISIS Fast Facts,https://kesq.com/news/national-world/cnn-world/2026/09/10/isis-fast-facts-5/,"Matched: abu ayyub | signals: al qaeda, isis, killed",abu ayyub,al qaeda; arms; attack; boko haram; isis; topic:ARMEDCONFLICT
alert,QDi.389,ABU UBAYDAH YUSUF AL-ANABI,Al-Qaida,1.00,,2026-07-22,adn.com,"Trump administration weighing military options in Mali, officials say",https://www.adn.com/nation-world/2026/07/22/trump-administration-weighing-military-options-in-mali-officials-say/,"Matched: abu ubaydah yusuf al anabi | signals: al qaeda, algeria, killed, sanction, sanctions",abu ubaydah yusuf al anabi,al qaeda; armed group; attack; captur; topic:ARMEDCONFLICT; topic:INSURGENCY
alert,QDi.389,ABU UBAYDAH YUSUF AL-ANABI,Al-Qaida,0.90,,2026-07-23,jpost.com,Donald Trump admin. weighs military options for African Al-Qaeda affiliated terrorists,http://www.jpost.com/international/article-903407,"Matched: abu ubaydah yusuf al anabi | signals: al qaeda, algeria, terror, terrorist",abu ubaydah yusuf al anabi,al qaeda; designat; isis; jihad; terror; topic:ARMEDCONFLICT
alert,QDi.409,ELSHAFEE EL SHEIKH,Al-Qaida,1.00,,2026-08-07,mirror.co.uk,Europe-wide terror concern amid rise of ISIS-inspired attacks and radicalisation,https://www.mirror.co.uk/news/world-news/isis-terror-attacks-europe-war-37524766,"Matched: el shafee elsheikh | signals: al qaeda, arrest, arrested, isis, killed",el shafee elsheikh,al qaeda; arms; arrest; attack; isis; radicali
alert,QDi.419,ANJEM CHOUDARY,Al-Qaida,1.00,,2026-09-27,aol.co.uk,ISIS bride who recruited UK schoolgirl Shamima Begum found alive - and arrested,https://www.aol.co.uk/articles/isis-bride-recruited-uk-schoolgirl-084817000.html,"Matched: anjem choudary | signals: arrest, arrested, isis, jihad, killed",anjem choudary,arrest; attack; convict; detain; isis; topic:ARMEDCONFLICT
alert,QDi.419,ANJEM CHOUDARY,Al-Qaida,0.80,,2026-09-15,syriadirect.org,Ties of blood: The afterlife of Syria's jihadist networks from Aleppo to Berlin,https://syriadirect.org/ties-of-blood-the-afterlife-of-syrias-jihadist-networks-from-aleppo-to-berlin/,"Matched: anjem choudary | signals: jihad, terror, terrorist",anjem choudary,arrest; attack; detain; explosive; jihad; topic:ARMEDCONFLICT
alert,QDi.419,ANJEM CHOUDARY,Al-Qaida,0.60,,2026-08-03,spiked-online.com,Rod Liddle's death is a terrible blow to public life,https://www.spiked-online.com/2026/08/03/rod-liddles-death-is-a-terrible-blow-to-public-life/,Matched: anjem choudary | signals: rebel,anjem choudary,bombing; extremis; rebel; suicide; topic:ARMEDCONFLICT; topic:EXTREMISM
alert,QDi.419,ANJEM CHOUDARY,Al-Qaida,0.60,,2026-08-17,theamericanconservative.com,The Costs of British Immigration Keep Rising,https://www.theamericanconservative.com/the-costs-of-british-immigration-keep-rising/,Matched: anjem choudary | signals: jihad,anjem choudary,financ; jihad; topic:ARMEDCONFLICT; topic:EXTREMISM; topic:JIHAD
alert,QDi.425,AMADOU KOUFA,Al-Qaida,0.80,,2026-09-02,allafrica.com,Mali: Can Mali's Fla-Jnim Insurgent Alliance Survive Its Internal Divisions?,https://allafrica.com/stories/202609020329.html,"Matched: hamadoun kouffa | signals: insurgent, jihad, mali",hamadoun kouffa,al qaeda; armed group; arms; attack; insurg; jnim
alert,QDi.426,Amir Muhammad Sa’id Abdal-Rahman al-Salbi,Al-Qaida,1.00,,2026-09-30,indiatimes.com,US man who tried to travel to Syria to join and fight for IS sentenced to over 7 years in prison,https://timesofindia.indiatimes.com/world/us/us-man-who-tried-to-travel-to-syria-to-join-and-fight-for-is-sentenced-to-over-7-years-in-prison/articleshow/134595911.cms,"Matched: abu ibrahim al hashimi al qurashi | signals: arrest, arrested, court, designated, isis",abu ibrahim al hashimi al qurashi,arrest; attack; bomb; convict; sentenced; topic:ARMEDCONFLICT
alert,QDi.427,NOOR WALI MEHSUD,Al-Qaida,1.00,,2026-08-08,pakobserver.net,"Pakistan's Most-Wanted Terrorist Noor Wali Mehsud spotted with $2,000 Drone Jammer",https://pakobserver.net/pakistans-most-wanted-terrorist-noor-wali-mehsud-spotted-with-2000-drone-jammer/,"Matched: noor wali mehsud | signals: commander, pakistan, taliban, terror, terrorist",noor wali mehsud,militan; taliban; terror; topic:ARMEDCONFLICT; topic:BLACK_MARKET; topic:TAX_MILITARY_TITLE
alert,QDi.427,NOOR WALI MEHSUD,Al-Qaida,0.90,,2026-09-02,dailypakistan.com.pk,Afghan Taliban-TTP Nexus exposed after Noor Wali's Meeting with Zabihullah Mujahid,https://en.dailypakistan.com.pk/02-Sep-2026/afghan-taliban-ttp-nexus-exposed-after-noor-walis-meeting-with-zabihullah-mujahid,"Matched: noor wali mehsud | signals: afghanistan, commander, pakistan, taliban",noor wali mehsud,attack; houthi; kill; killed; mujahid; taliban
alert,QDi.427,NOOR WALI MEHSUD,Al-Qaida,0.70,,2026-08-05,indiatimes.com,"Ttp On India Kashmir,&#x92A;&#x93E;&#x915;&#x93F;&#x938;&#x94D;&#x200D;&#x924;&#x93E;&#x928; &#x92E;&#x947;&#x902; &#x918;&#x942;&#x92E; &#x930;&#x939;&#x93E; &#x92E;&#x941;&#x928;&#x940;&#x930; &#x938;&#x947;&#x928;&#x93E; &#x915;&#x93E; &#x938;&#x92C;&#x938;&#x947; &#x92C;&#x921;&#x93C;&#x93E; &#x926;&#x941;&#x936;&#x94D;&#x200D;&#x92E;&#x928; TTP &#x938;&#x930;&#x917;&#x928;&#x93E;, &#x926;&#x940; &#x91A;&#x947;&#x924;&#x93E;&#x935;&#x928;&#x940;, &#x92D;&#x93E;&#x930;&#x924; &#x915;&#x940; &#x92D;&#x940; &#x92C;&#x922;&#x93C;&#x947;&#x917;&#x940; &#x91F;&#x947;&#x902;&#x936;&#x928; - ttp chief noor wali mehsud claims presence inside pakistan warn pak army india on kashmir - Pakistan News",https://navbharattimes.indiatimes.com/world/pakistan/ttp-chief-noor-wali-mehsud-claims-presence-inside-pakistan-warn-pak-army-india-on-kashmir/articleshow/132915475.cms,"Matched: noor wali mehsud | signals: pakistan, taliban",noor wali mehsud,taliban; topic:ARMEDCONFLICT; topic:JIHAD; topic:KILL; ttp
alert,QDi.427,NOOR WALI MEHSUD,Al-Qaida,0.70,,2026-08-07,jamestown.org,Rise and Growing Threat of Ittehad-ul-Mujahideen Pakistan,https://jamestown.org/rise-and-growing-threat-of-ittehad-ul-mujahideen-pakistan/,"Matched: noor wali mehsud | signals: pakistan, taliban",noor wali mehsud,arms; assassinat; attack; captur; mujahid; topic:ARMEDCONFLICT
alert,QDi.427,NOOR WALI MEHSUD,Al-Qaida,0.70,,2026-09-09,dominicanrepublicpost.com,"Pakistan faces new frontier against attacks: Balochistan's Pashtun areas&#xA0; - Dominican Republic Post &#x2013; Caribbean News, Business, Travel & Culture",https://dominicanrepublicpost.com/pakistan-faces-new-frontier-against-attacks-balochistans-pashtun-areas/,"Matched: noor wali mehsud | signals: pakistan, taliban",noor wali mehsud,armed group; attack; bomb; insurg; topic:ARMEDCONFLICT; topic:INSURGENCY
alert,QDi.427,NOOR WALI MEHSUD,Al-Qaida,0.70,,2026-09-09,grenadachronicle.com,Pakistan faces new frontier against attacks: Balochistan's Pashtun areas&#xA0; - Grenada Chronicle &#x2013; Daily Grenada And Caribbean News,https://grenadachronicle.com/pakistan-faces-new-frontier-against-attacks-balochistans-pashtun-areas/,"Matched: noor wali mehsud | signals: pakistan, taliban",noor wali mehsud,armed group; attack; hamas; insurg; topic:ARMEDCONFLICT; topic:INSURGENCY
alert,QDi.427,NOOR WALI MEHSUD,Al-Qaida,0.70,,2026-09-09,aljazeera.com,Pakistan faces new frontier against attacks: Balochistan's Pashtun areas | Conflict News,https://www.aljazeera.com/news/2026/9/9/pakistan-faces-new-frontier-against-attacks-balochistans-pashtun-areas,"Matched: noor wali mehsud | signals: pakistan, taliban",noor wali mehsud,armed group; attack; insurg; killed; topic:ARMEDCONFLICT; topic:INSURGENCY
alert,QDi.431,SANAULLAH GHAFARI,Al-Qaida,1.00,,2026-09-04,miragenews.com,"UNSC Updates ISIL, Al-Qaida Sanctions List 5 September",https://www.miragenews.com/unsc-updates-isil-al-qaida-sanctions-list-5-1739278/,"Matched: shahab al muhajir, shahab mahajar, shahab mohajir, shahab muhajer, shihab al muhajir, shihab mahajar, shihab mohajir, shihab muhajer, ثناء اللہ غفاری, id:O1503093 | signals: afghanistan, al qaida, designation, embargo, isil",shahab al muhajir; shahab mahajar; shahab mohajir; shahab muhajer; shihab al muhajir; shihab mahajar; shihab mohajir; shihab muhajer; ثناء اللہ غفاری; id:O1503093,topic:SANCTIONS; topic:TAX_TERROR_GROUP; topic:TAX_TERROR_GROUP_ALQAIDA; al qaida; isil; sanction
alert,QDi.431,SANAULLAH GHAFARI,Al-Qaida,0.80,,2026-08-23,americanthinker.com,"As Pakistan's influence in Afghanistan wanes, the U.S. must recalibrate",https://www.americanthinker.com/blog/2026/08/as-pakistan-s-influence-in-afghanistan-wanes-the-u-s-must-recalibrate/,"Matched: sanaullah ghafari | signals: afghanistan, jihad, taliban",sanaullah ghafari,arms; attack; bombing; islamic state; topic:ARMEDCONFLICT; topic:JIHAD
alert,QDi.431,SANAULLAH GHAFARI,Al-Qaida,0.70,,2026-07-15,bignewsnetwork.com,Terrorism has gone cyber  and the world isnt ready,http://www.bignewsnetwork.com/news/279189538/terrorism-has-gone-cyber-and-the-world-isnt-ready,"Matched: shahab al muhajir | signals: terror, terrorist",shahab al muhajir,al qaeda; assassinat; attack; evade; terror; topic:ARMEDCONFLICT
alert,QDi.431,SANAULLAH GHAFARI,Al-Qaida,0.70,,2026-08-26,thefrontierpost.com,US offers $18m for Daesh-Khorasan leaders,https://thefrontierpost.com/us-offers-18m-for-daesh-khorasan-leaders/,"Matched: sanaullah ghafari, shahab al muhajir | signals: afghanistan, killed",sanaullah ghafari; shahab al muhajir,armed group; attack; captur; daesh; topic:ARMEDCONFLICT; topic:KILL
alert,QDi.431,SANAULLAH GHAFARI,Al-Qaida,0.60,,2026-08-26,khaama.com,US Offers Up to $8 Million Reward for Information Leading to ISIS-K Leader Sanaullah Ghafari,https://www.khaama.com/us-offers-up-to-8-million-reward-for-information-leading-to-isis-k-leader-sanaullah-ghafari/,Matched: sanaullah ghafari | signals: isis,sanaullah ghafari,isis; reward; topic:ARMEDCONFLICT; topic:SUICIDE_ATTACK; topic:TAX_MILITARY_TITLE
alert,QDi.436,ABUBAKAR SWALLEH,Al-Qaida,1.00,,2026-09-04,miragenews.com,"UNSC Updates ISIL, Al-Qaida Sanctions List 5 September",https://www.miragenews.com/unsc-updates-isil-al-qaida-sanctions-list-5-1739278/,"Matched: abubakar swalleh, abubaker swaleh, isaac mupeta, tom kiyurige, id:A00195974, id:CM920231090NZA, id:Z15105123 | signals: al qaida, designation, interpol, isil, sanction",abubakar swalleh; abubaker swaleh; isaac mupeta; tom kiyurige; id:A00195974; id:CM920231090NZA; id:Z15105123,topic:SANCTIONS; topic:TAX_TERROR_GROUP; topic:TAX_TERROR_GROUP_ALQAIDA; al qaida; isil; sanction
alert,SDi.002,MUSA HILAL ABDALLA ALNSIEM,Sudan,0.70,,2026-09-23,niagarafallsreporter.com,"""Who Is the Sudanese Government Negotiating With?"" | Niagara Falls Reporter",https://niagarafallsreporter.com/who-is-the-sudanese-government-negotiating-with,"Matched: sheikh musa hilal | signals: darfur, sudan",sheikh musa hilal,arrest; detain; financ; indict; topic:ARMEDCONFLICT; topic:ARREST
alert,SDi.007,GEDO HAMDAN AHMED,Sudan,0.90,,2026-07-16,thesun.ng,"Sudan crisis: Amnesty International urges FG, AU, UN, ECOWAS",https://thesun.ng/sudan-crisis-amnesty-international-urges-fg-au-un-ecowas-to-intensify-pressure-for-ceasefire/,"Matched: gedo hamdan ahmed | signals: commander, isis, sudan, support",gedo hamdan ahmed,arms; attack; detain; kill; topic:ARREST; topic:HUMAN_TRAFFICKING
alert,SDi.007,GEDO HAMDAN AHMED,Sudan,0.70,,2026-10-05,allafrica.com,"Sudan: 'Sudan's Children Face Recruitment, Sexual Violence, and Lasting Trauma' - Amnesty Researcher",https://allafrica.com/stories/202610050066.html,"Matched: gedo hamdan ahmed | signals: commander, sudan",gedo hamdan ahmed,attack; captur; detain; killed; topic:ARMEDCONFLICT; topic:ARREST
alert,SDi.008,ABDUL RAHIM HAMDAN DAGALO,Sudan,1.00,,2026-08-31,middleeasteye.net,Sudan's RSF and Israel held discreet meetings over last two years: Report,https://www.middleeasteye.net/news/sudan-rsf-and-israel-held-discreet-meetings-over-last-two-years-report,"Matched: abdul rahim hamdan dagalo | signals: commander, deputy, leader, rsf, sudan",abdul rahim hamdan dagalo,assassinat; convict; killed; killing; topic:ARMEDCONFLICT; topic:KILL
alert,SDi.008,ABDUL RAHIM HAMDAN DAGALO,Sudan,1.00,,2026-09-01,azernews.az,"Israel held meetings with Sudan's RSF officials during war, report says",https://www.azernews.az/region/263198.html,"Matched: abdul rahim hamdan dagalo | signals: commander, deputy, leader, rsf, sudan",abdul rahim hamdan dagalo,arrest; assassinat; attack; captur; topic:ARMEDCONFLICT; topic:SEIGE
alert,SDi.008,ABDUL RAHIM HAMDAN DAGALO,Sudan,1.00,,2026-09-01,siasat.com,Sudan's RSF met with Israel during the Sudan War: Report,https://www.siasat.com/sudans-rsf-met-with-israel-during-the-sudan-war-report-3534338/,"Matched: abdul rahim hamdan dagalo | signals: commander, deputy, forces, leader, rapid",abdul rahim hamdan dagalo,convict; killing; terror; topic:ARMEDCONFLICT; topic:KILL; topic:TAX_MILITARY_TITLE
alert,SDi.009,AL-FATEH ABDULLAH IDRIS,Sudan,1.00,,2026-07-16,thesun.ng,"Sudan crisis: Amnesty International urges FG, AU, UN, ECOWAS",https://thesun.ng/sudan-crisis-amnesty-international-urges-fg-au-un-ecowas-to-intensify-pressure-for-ceasefire/,"Matched: abu lulu, al fateh abdullah idris | signals: commander, forces, general, isis, sudan",abu lulu; al fateh abdullah idris,arms; attack; detain; kill; topic:ARREST; topic:HUMAN_TRAFFICKING
alert,SDi.009,AL-FATEH ABDULLAH IDRIS,Sudan,0.80,,2026-07-20,justiceinfo.net,Sudan: bringing to justice those who make the war possible,https://www.justiceinfo.net/en/162112-sudan-bringing-to-justice-those-who-make-the-war-possible.html,"Matched: abu lulu | signals: militia, sudan, support",abu lulu,arms; arrest; attack; captur; topic:ARMEDCONFLICT; topic:ARREST
alert,SDi.009,AL-FATEH ABDULLAH IDRIS,Sudan,0.80,,2026-08-04,allafrica.com,Sudan: Van Hollen Leads 20 Colleagues in Urging Trump Administration to Use Leverage to Prevent Further Atrocities in Sudan,https://allafrica.com/stories/202608040246.html,"Matched: abu lulu | signals: commander, forces, sudan",abu lulu,arms; attack; financ; kill; topic:ARMEDCONFLICT; topic:KILL
alert,SDi.009,AL-FATEH ABDULLAH IDRIS,Sudan,0.80,,2026-10-05,allafrica.com,"Sudan: 'Sudan's Children Face Recruitment, Sexual Violence, and Lasting Trauma' - Amnesty Researcher",https://allafrica.com/stories/202610050066.html,"Matched: abu lulu | signals: commander, sudan, support",abu lulu,attack; captur; detain; killed; topic:ARMEDCONFLICT; topic:ARREST
alert,SDi.009,AL-FATEH ABDULLAH IDRIS,Sudan,0.70,,2026-08-20,allafrica.com,Africa: Sudan - the Unfortunate Alliance,https://allafrica.com/stories/202608200113.html,"Matched: abu lulu | signals: arrest, sudan",abu lulu,arms; arrest; financ; killed; topic:ARMEDCONFLICT; topic:ARREST
alert,SDi.009,AL-FATEH ABDULLAH IDRIS,Sudan,0.70,,2026-09-09,eyeradio.org,NEC allocated SSP 184 Billion for December general elections,https://www.eyeradio.org/nec-allocated-ssp-184-billion-for-december-general-elections/,"Matched: abu lulu | signals: general, sudan",abu lulu,financ; killing; proces; topic:KILL; topic:WB_1484_EDUCATION_SKILLS_DEVELOPMENT_AND_LABOR_MARKET; topic:WB_2131_EMPLOYABILITY_SKILLS_AND_JOBS
alert,SDi.009,AL-FATEH ABDULLAH IDRIS,Sudan,0.60,,2026-07-15,eyeradio.org,"Fuel prices soar as pound plunges, South Sudanese feel economic pressure",https://www.eyeradio.org/fuel-prices-soar-as-pound-plunges-south-sudanese-feel-economic-pressure/,Matched: abu lulu | signals: sudan,abu lulu,killing; topic:BLACK_MARKET
alert,SDi.011,AL-GONEY HAMDAN DAGALO,Sudan,1.00,,2026-07-13,allafrica.com,Sudanese Court Sentences RSF Leader Hemedti to Death in Absentia Over West Darfur Killings,https://allafrica.com/stories/202607130568.html,"Matched: algoney hamdan dagalo | signals: commander, convicted, court, sudan, terror",algoney hamdan dagalo,arms; arrest; attack; convict; killing; topic:ARMEDCONFLICT
alert,SDi.011,AL-GONEY HAMDAN DAGALO,Sudan,1.00,,2026-07-13,bbc.co.uk,Sudan's paramilitary RSF chief Hemedti sentenced to death over war crimes,https://www.bbc.co.uk/news/articles/cn4dk3kl0l4o,"Matched: al qoni hamdan dagalo | signals: arrest, commander, convicted, court, extradit",al qoni hamdan dagalo,arrest; attack; convict; extradi; sentenced; topic:ARMEDCONFLICT
alert,SDi.011,AL-GONEY HAMDAN DAGALO,Sudan,1.00,,2026-07-14,namibian.com.na,Sudan's paramilitary RSF chief sentenced to death over war crimes - News,https://www.namibian.com.na/sudans-paramilitary-rsf-chief-sentenced-to-death-over-war-crimes/,"Matched: al qoni hamdan dagalo | signals: arrest, commander, convicted, court, extradit",al qoni hamdan dagalo,arrest; attack; convict; extradi; sentenced; topic:ARMEDCONFLICT
alert,SDi.011,AL-GONEY HAMDAN DAGALO,Sudan,1.00,,2026-07-20,justiceinfo.net,Sudan: bringing to justice those who make the war possible,https://www.justiceinfo.net/en/162112-sudan-bringing-to-justice-those-who-make-the-war-possible.html,"Matched: algoney hamdan dagalo | signals: militia, procurement, sudan, united arab emirates, weapons",algoney hamdan dagalo,arms; arrest; attack; captur; topic:ARMEDCONFLICT; topic:ARREST
alert,SDi.011,AL-GONEY HAMDAN DAGALO,Sudan,1.00,,2026-09-07,securitycouncilreport.org,"Sudan, September 2026 Monthly Forecast : Security Council Report",https://www.securitycouncilreport.org/monthly-forecast/2026-09/sudan-41.php,"Matched: al goney hamdan dagalo | signals: designated, director, panel of experts, procurement, sanction",al goney hamdan dagalo,arms; asset freeze; attack; designat; security council; topic:ARMEDCONFLICT
alert,SDi.011,AL-GONEY HAMDAN DAGALO,Sudan,0.90,,2026-08-30,jpost.com,"Sudan RSF officials met Israeli diplomats, intelligence. personnel during civil war",https://www.jpost.com/israel-news/defense-news/article-907011,"Matched: algoney hamdan dagalo | signals: forces, rapid, sudan, support",algoney hamdan dagalo,captur; killing; rebel; sanction; topic:ARMEDCONFLICT; topic:MILITARY
alert,SDi.011,AL-GONEY HAMDAN DAGALO,Sudan,0.70,,2026-08-31,middleeasteye.net,Sudan's RSF and Israel held discreet meetings over last two years: Report,https://www.middleeasteye.net/news/sudan-rsf-and-israel-held-discreet-meetings-over-last-two-years-report,"Matched: algoney hamdan dagalo | signals: commander, sudan",algoney hamdan dagalo,assassinat; convict; killed; killing; topic:ARMEDCONFLICT; topic:KILL
alert,SDi.011,AL-GONEY HAMDAN DAGALO,Sudan,0.70,,2026-09-01,azernews.az,"Israel held meetings with Sudan's RSF officials during war, report says",https://www.azernews.az/region/263198.html,"Matched: algoney hamdan dagalo | signals: commander, sudan",algoney hamdan dagalo,arrest; assassinat; attack; captur; topic:ARMEDCONFLICT; topic:SEIGE
alert,SDi.011,AL-GONEY HAMDAN DAGALO,Sudan,0.50,,2026-08-31,thenational.scot,RSF officers accused of genocide 'met Israeli officials',https://www.thenational.scot/news/26508475.rsf-officers-accused-genocide-met-israeli-officials/,Matched: algoney hamdan dagalo,algoney hamdan dagalo,captur; killing; sanction; topic:ARMEDCONFLICT; topic:REBELLION; topic:SANCTIONS
alert,SDi.012,ALVARO ANDRES QUIJANO BECERRA,Sudan,1.00,,2026-09-04,middleeasteye.net,"UAE-linked networks supplying weapons and fighters for Sudan atrocities, UN finds",https://www.middleeasteye.net/news/foreign-weapons-and-mercenaries-fuelling-atrocities-sudans-darfur-un-finds,"Matched: alvaro andres quijano becerra | signals: colombia, designated, founder, sanction, sanctioned",alvaro andres quijano becerra,arms; arrest; attack; designat; topic:ARMEDCONFLICT; topic:ARREST
alert,SDi.013,CLAUDIA VIVIANA OLIVEROS FORERO,Sudan,1.00,,2026-09-04,middleeasteye.net,"UAE-linked networks supplying weapons and fighters for Sudan atrocities, UN finds",https://www.middleeasteye.net/news/foreign-weapons-and-mercenaries-fuelling-atrocities-sudans-darfur-un-finds,"Matched: claudia viviana oliveros forero | signals: colombia, designated, sanction, sanctioned, sanctions",claudia viviana oliveros forero,arms; arrest; attack; designat; topic:ARMEDCONFLICT; topic:ARREST
alert,SOe.001,AL-SHABAAB,Somalia,0.90,,2026-09-29,horseedmedia.net,US warns Houthi ties with al-Shabaab threaten Red Sea trade,https://horseedmedia.net/us-warns-houthi-ties-with-al-shabaab-threaten-red-sea-trade/426023/,"Matched: al shabaab, al shabab, shabaab | signals: al qaeda, al shabaab, houthi, rebel",al shabaab; al shabab; shabaab,al qaeda; arms; attack; explosive; houthi; shabaab
alert,SOe.001,AL-SHABAAB,Somalia,0.80,,2026-07-29,thecitizen.co.tz,Five Kenyan security officers killed in suspected al Shabaab attack near Somalia border,https://www.thecitizen.co.tz/tanzania/news/africa/five-kenyan-security-officers-killed-in-suspected-al-shabaab-attack-near-somalia-border-5540986,"Matched: al shabaab | signals: al shabaab, killed, weapons",al shabaab,arrest; attack; killed; killing; shabaab; topic:ARMEDCONFLICT
alert,SOe.001,AL-SHABAAB,Somalia,0.80,,2026-09-08,garoweonline.com,Houthi-Al-Shabaab Ties Deepen as Somali Fighters Reportedly Train in Yemen,https://www.garoweonline.com/en/news/somalia/houthi-al-shabaab-ties-deepen-as-somali-fighters-reportedly-train-in-yemen,"Matched: al shabaab | signals: al shabaab, houthi, trafficking",al shabaab,arms; explosive; houthi; killed; shabaab; topic:ARMEDCONFLICT
alert,SOe.001,AL-SHABAAB,Somalia,0.70,,2026-07-13,garoweonline.com,Kenyan Forces Kill 11 Suspected Al-Shabaab Militants in Border Raid,https://www.garoweonline.com/en/world/africa/kenyan-forces-kill-11-suspected-al-shabaab-militants-in-border-raid,"Matched: al shabaab | signals: al shabaab, killed",al shabaab,al qaida; arrest; attack; financ; kill; militan
alert,SOe.001,AL-SHABAAB,Somalia,0.70,,2026-07-20,globalvoices.org,Coming home from Al-Shabaab: What determines whether communities forgive in Somalia,https://globalvoices.org/2026/07/18/coming-home-from-al-shabaab-what-determines-whether-communities-forgive-in-somalia/,"Matched: al shabaab | signals: al qaeda, al shabaab",al shabaab,al qaeda; financ; killed; militan; shabaab; topic:ARMEDCONFLICT
alert,SOe.001,AL-SHABAAB,Somalia,0.70,,2026-07-29,garoweonline.com,Five Kenyan soldiers killed in Al-Shabaab attack near Somalia border,https://www.garoweonline.com/en/world/africa/five-kenyan-soldiers-killed-in-al-shabaab-attack-near-somalia-border,"Matched: al shabaab | signals: al shabaab, killed",al shabaab,attack; explosive; killed; militan; shabaab; topic:ARMEDCONFLICT
alert,SOe.001,AL-SHABAAB,Somalia,0.70,,2026-08-03,garoweonline.com,AFRICOM Says Al-Shabaab Funnels Part of Its Revenue to Al-Qaeda Network,https://www.garoweonline.com/en/news/somalia/africom-says-al-shabaab-funnels-part-of-its-revenue-to-al-qaeda-network,"Matched: al shabaab | signals: al qaeda, al shabaab",al shabaab,al qaeda; attack; extremis; insurg; shabaab; topic:ARMEDCONFLICT
alert,SOe.001,AL-SHABAAB,Somalia,0.70,,2026-08-27,wardheernews.com,Al-Shabaab Modernizes Its Forces as Somalia Faces a Deepening Political Crisis,https://wardheernews.com/al-shabaab-modernizes-its-forces-as-somalia-faces-a-deepening-political-crisis/,"Matched: al shabaab | signals: al shabaab, isis",al shabaab,arms; attack; explosive; financ; shabaab; topic:ARMEDCONFLICT
alert,SOe.001,AL-SHABAAB,Somalia,0.70,,2026-09-05,garoweonline.com,U.S.-trained Commandos Target Al-Shabaab Hideouts in Southern Somalia,https://www.garoweonline.com/en/news/somalia/u-s-trained-commandos-target-al-shabaab-hideouts-in-southern-somalia,"Matched: al shabaab | signals: al shabaab, killed",al shabaab,armed group; attack; killed; militan; shabaab; topic:ARMEDCONFLICT
alert,SOe.001,AL-SHABAAB,Somalia,0.70,,2026-09-01,tribunnews.com,"Dulu Rival, Kini Bersekutu: Houthi dan al-Shabaab Bangun Jaringan Militer di Teluk Aden",https://www.tribunnews.com/internasional/7876469/dulu-rival-kini-bersekutu-houthi-dan-al-shabaab-bangun-jaringan-militer-di-teluk-aden,"Matched: al shabaab | signals: al shabaab, houthi",al shabaab,houthi; shabaab; topic:ARMEDCONFLICT; topic:MARITIME_PIRACY; topic:TAX_MILITARY_TITLE
alert,SOe.001,AL-SHABAAB,Somalia,0.70,,2026-09-01,tribunnews.com,"Houthi-al-Shabaab Gabung Kekuatan, Laut Merah dan Teluk Aden Makin Terancam",https://jambi.tribunnews.com/news/1204326/houthi-al-shabaab-gabung-kekuatan-laut-merah-dan-teluk-aden-makin-terancam,"Matched: al shabaab | signals: al shabaab, houthi",al shabaab,houthi; shabaab; topic:ARMEDCONFLICT; topic:KILL; topic:MARITIME_PIRACY
alert,SOe.001,AL-SHABAAB,Somalia,0.70,,2026-09-02,okezone.com,"Aliansi Houthi dan Al-Shabaab Makin Kuat, Jalur Minyak Dunia Terancam : Okezone News",https://news.okezone.com/read/2026/09/02/18/3239803/aliansi-houthi-dan-al-shabaab-makin-kuat-jalur-minyak-dunia-terancam,"Matched: al shabaab | signals: al shabaab, houthi",al shabaab,houthi; shabaab; topic:KILL; topic:TAX_TERROR_GROUP; topic:TAX_TERROR_GROUP_ALSHABAAB
alert,SOe.001,AL-SHABAAB,Somalia,0.60,,2026-07-11,globalsecurity.org,U.S. Forces Conduct Strike Targeting al-Shabaab,https://www.globalsecurity.org/military/library/news/2026/07/mil-260710-africom01.htm,Matched: al shabaab | signals: al shabaab,al shabaab,shabaab; topic:ARMEDCONFLICT; topic:TAX_TERROR_GROUP; topic:TAX_TERROR_GROUP_ALSHABAAB
alert,SOe.001,AL-SHABAAB,Somalia,0.60,,2026-08-14,africa-confidential.com,Al Shabaab tests Hassan Sheikh's resolve as troop drawdown nears | Article Preview,https://www.africa-confidential.com/article-preview/id/16137/al-shabaab-tests-hassan-sheikhs-resolve-as-troop-drawdown-nears,Matched: al shabaab | signals: al shabaab,al shabaab,shabaab; topic:ARMEDCONFLICT; topic:INSURGENCY; topic:KILL
alert,SOe.001,AL-SHABAAB,Somalia,0.60,,2026-08-18,thechronicle.com.gh,NDC Youth Wing Calls For Stronger Action Against Illegal Mining,https://thechronicle.com.gh/ndc-youth-wing-calls-for-stronger-action-against-illegal-mining/,"Matched: the youth, youth wing | signals: court",the youth; youth wing,financ; rebel; topic:ARMEDCONFLICT; topic:KILL; topic:SECURITY_SERVICES
alert,SOe.001,AL-SHABAAB,Somalia,0.60,,2026-08-19,raxanreeb.com,Al-Shabaab Torches Convoy After Extortion Ring Bust,https://raxanreeb.com/al-shabaab-torches-convoy-after-extortion-ring-bust/,Matched: al shabaab | signals: al shabaab,al shabaab,militan; proces; shabaab; topic:ARMEDCONFLICT; topic:ARREST; topic:MILITARY
alert,SOe.001,AL-SHABAAB,Somalia,0.60,,2026-09-07,thenationalnews.com,"Somali Al Shabab fighters found dead among Houthi casualties, Yemeni forces say",https://www.thenationalnews.com/news/2026/09/07/somali-al-shabab-fighters-found-dead-among-houthi-casualties-yemeni-forces-say/,Matched: al shabab | signals: houthi,al shabab,al qaeda; armed group; attack; hezbollah; houthi; topic:ARMEDCONFLICT
alert,SOe.001,AL-SHABAAB,Somalia,0.60,,2026-09-07,allafrica.com,Somalia: Somali Commandos Conduct Operations Against Al-Shabaab in Lower Shabelle,https://allafrica.com/stories/202609070227.html,Matched: al shabaab | signals: al shabaab,al shabaab,al qaeda; arms; attack; captur; shabaab; topic:ARMEDCONFLICT
alert,SOe.001,AL-SHABAAB,Somalia,0.60,,2026-09-15,globalsecurity.org,U.S. Forces Conduct Strikes Targeting al-Shabaab,https://www.globalsecurity.org/military/library/news/2026/09/mil-260914-africom01.htm,Matched: al shabaab | signals: al shabaab,al shabaab,shabaab; topic:ARMEDCONFLICT; topic:TAX_TERROR_GROUP; topic:TAX_TERROR_GROUP_ALSHABAAB
alert,SOe.001,AL-SHABAAB,Somalia,0.60,,2026-09-17,allafrica.com,"Somalia: Al-Shabab Remains Stronger Than Ever After Two Decades of Peacekeeping in Somalia, Foreign Policy Reports",https://allafrica.com/stories/202609170020.html,Matched: al shabab | signals: al qaeda,al shabab,al qaeda; financ; proces; topic:ARMEDCONFLICT; topic:SECURITY_SERVICES; topic:TAX_TERROR_GROUP
alert,SOe.001,AL-SHABAAB,Somalia,0.60,,2026-09-17,horseedmedia.net,"Al-Shabab remains stronger than ever after two decades of peacekeeping in Somalia, Foreign Policy reports",https://horseedmedia.net/al-shabab-remains-stronger-than-ever-after-two-decades-of-peacekeeping-in-somalia-foreign-policy-reports/425741/,"Matched: al shabaab, al shabab | signals: al qaeda",al shabaab; al shabab,al qaeda; financ; houthi; shabaab; topic:ARMEDCONFLICT; topic:SECURITY_SERVICES
alert,SOe.001,AL-SHABAAB,Somalia,0.60,,2026-09-30,arabnews.com,Arab News | Analysis: Houthi and Al-Shabab ties raise alarm over widening threat to Red Sea shipping,https://www.arabnews.com/middle-east/analysis-houthi-and-al-shabab-ties-raise-alarm-over-widening-threat-to-red-sea-shipping-3003695,Matched: al shabab | signals: houthi,al shabab,houthi; topic:ARMEDCONFLICT; topic:EXTREMISM; topic:INSURGENCY
alert,SOe.001,AL-SHABAAB,Somalia,0.60,,2026-10-01,slguardian.org,Al Shabab Keeps Somalia Trapped in a Cycle of War and Humanitarian Crisis,https://slguardian.org/al-shabab-keeps-somalia-trapped-in-a-cycle-of-war-and-humanitarian-crisis/,Matched: al shabab | signals: isis,al shabab,topic:ARMEDCONFLICT; topic:KILL; topic:MILITARY
alert,SOe.001,AL-SHABAAB,Somalia,0.60,,2026-10-02,hellenicshippingnews.com,Houthi and Al-Shabab ties raise alarm over widening threat to Red Sea shipping | Hellenic Shipping News Worldwide,https://www.hellenicshippingnews.com/houthi-and-al-shabab-ties-raise-alarm-over-widening-threat-to-red-sea-shipping/,Matched: al shabab | signals: houthi,al shabab,al qaeda; armed group; arms; attack; houthi; topic:ARMEDCONFLICT
alert,SOe.001,AL-SHABAAB,Somalia,0.60,,2026-10-05,garoweonline.com,"Al-Shabaab Cannot Take Control of Somalia, Says President",https://www.garoweonline.com/en/news/somalia/al-shabaab-cannot-take-control-of-somalia-says-president,Matched: al shabaab | signals: al shabaab,al shabaab,al qaeda; attack; insurg; killed; shabaab; topic:ARMEDCONFLICT
alert,SOe.001,AL-SHABAAB,Somalia,0.60,,2026-07-14,observador.pt,Som&#xE1;lia. 42 membros do grupo rebelde Al-Shabab mortos &#x2013; Observador,https://observador.pt/2026/07/14/pelo-menos-42-membros-do-grupo-rebelde-al-shabab-mortos-na-somalia/,Matched: al shabab | signals: rebel,al shabab,rebel; topic:ARMEDCONFLICT; topic:JIHAD; topic:KILL
alert,SOe.001,AL-SHABAAB,Somalia,0.60,,2026-07-21,jowhar.com,"Wasiir Fiqi; ""Waxaan qaarijinay Hoggaamiyaha Sagaalaad ee Alshabaab"" - Jowhar News Leader",https://jowhar.com/wasiir-fiqi-waxaan-qaarijinay-hoggaamiyaha-sagaalaad-ee-alshabaab/,Matched: al shabaab | signals: al shabaab,al shabaab,shabaab; topic:ARMEDCONFLICT; topic:KILL; topic:TAX_MILITARY_TITLE
alert,SOe.001,AL-SHABAAB,Somalia,0.60,,2026-07-25,jowhar.com,Alshabaab oo weeraray deegaano ka tirsan Waqooyi Bari Kenya,https://jowhar.com/alshabaab-oo-weeraray-deegaano-ka-tirsan-waqooyi-bari-kenya/,Matched: al shabaab | signals: al shabaab,al shabaab,shabaab; topic:ARMEDCONFLICT; topic:EXTREMISM; topic:SECURITY_SERVICES
alert,SOe.001,AL-SHABAAB,Somalia,0.60,,2026-07-30,taz.de,Islamistische Miliz im Sahel: Al-Shabaab ist in Kenia auf dem Vormarsch,https://taz.de/Islamistische-Miliz-im-Sahel/!6200379/,Matched: al shabaab | signals: al shabaab,al shabaab,attack; extremis; rebel; shabaab; topic:ARMEDCONFLICT; topic:KIDNAP
alert,SOe.001,AL-SHABAAB,Somalia,0.60,,2026-08-08,horseedmedia.net,NISA oo Muqdisho ku qabatay shabakad lagu eedeeyey katirsanaanta Alshabaab.,https://horseedmedia.net/nisa-oo-muqdisho-ku-qabatay-shabakad-lagu-eedeeyey-katirsanaanta-alshabaab/424591/,Matched: al shabaab | signals: al shabaab,al shabaab,shabaab; topic:ARMEDCONFLICT; topic:ARREST; topic:TAX_TERROR_GROUP
alert,SOe.001,AL-SHABAAB,Somalia,0.60,,2026-08-12,jowhar.com,NISA oo sheegtay in howlgal ay fulisay ay ku dishey saraakiil ka tirsan Alshabaab,https://jowhar.com/nisa-oo-sheegtay-in-howlgal-ay-fulisay-ay-ku-dishey-saraakiil-ka-tirsan-alshabaab/,Matched: al shabaab | signals: al shabaab,al shabaab,shabaab; topic:ARMEDCONFLICT; topic:KILL; topic:TAX_MILITARY_TITLE
alert,SOe.001,AL-SHABAAB,Somalia,0.60,,2026-08-20,bbc.com,Dakhliga Al-Shabaab ee Muqdisho oo hoos u dhacay iyo tababar ay ka heleen Xuutiyiinta - Warbixin QM,https://www.bbc.com/somali/articles/c9d8zgd83pno,Matched: al shabaab | signals: al shabaab,al shabaab,shabaab; taliban; topic:ARMEDCONFLICT; topic:SANCTIONS; topic:TAX_TERROR_GROUP
alert,SOe.001,AL-SHABAAB,Somalia,0.60,,2026-09-06,koran-jakarta.com,"Tak Beri Ampun, Militer Somalia Tembak Mati 14 Anggota Al-Shabaab",https://koran-jakarta.com/2026-09-06/tak-beri-ampun-militer-somalia-tembak-mati-14-anggota-al-shabaab,Matched: al shabaab | signals: al shabaab,al shabaab,shabaab; topic:ARMEDCONFLICT; topic:KILL; topic:MILITARY
alert,SOe.001,AL-SHABAAB,Somalia,0.60,,2026-09-08,horseedmedia.net,Warbixin: Alshabaab ka barbar dagaalamaysa Xuutiyiinta oo lagu diley dalka Yemen.,https://horseedmedia.net/warbixin-alshabaab-ka-barbar-dagaalamaysa-xuutiyiinta-oo-lagu-diley-dalka-yemen/425467/,Matched: al shabaab | signals: al shabaab,al shabaab,shabaab; topic:ARMEDCONFLICT; topic:KILL; topic:TAX_TERROR_GROUP
alert,SOe.001,AL-SHABAAB,Somalia,0.60,,2026-09-29,horseedmedia.net,Koonfur Galbeed oo sheegtay inay Baydhabo ku disho 70 kamid ah Alshabaab.,https://horseedmedia.net/koonfur-galbeed-oo-sheegtay-inay-baydhabo-ku-disho-70-kamid-ah-alshabaab/426007/,Matched: al shabaab | signals: al shabaab,al shabaab,shabaab; topic:ARMEDCONFLICT; topic:KILL; topic:TAX_TERROR_GROUP
alert,SOe.001,AL-SHABAAB,Somalia,0.60,,2026-07-09,africa-confidential.com,US withdrawal threatens peacekeepers,https://www.africa-confidential.com/article-preview/id/16089/us-withdrawal-threatens-peacekeepers,Matched: al shabaab | signals: al shabaab,al shabaab,shabaab; topic:SECURITY_SERVICES; topic:TAX_TERROR_GROUP; topic:TAX_TERROR_GROUP_AL_SHABAAB
alert,SOe.001,AL-SHABAAB,Somalia,0.60,,2026-07-23,thehindu.com,"INTUC protests in Mysuru, seeks Pradhan's resignation",https://www.thehindu.com/news/national/karnataka/intuc-protests-in-mysuru-seeks-pradhans-resignation/article71258858.ece,Matched: youth wing | signals: arrest,youth wing,arrest; topic:ARREST; topic:SECURITY_SERVICES
alert,SOi.002,HASSAN DAHIR AWEYS,Somalia,0.90,,2026-07-30,wardheernews.com,U.S. Treasury Clarifies OFAC Sanctions Records; Hassan Dahir Aweys Remains Under U.S. and U.N. Sanctions,https://wardheernews.com/u-s-treasury-clarifies-ofac-sanctions-records-hassan-dahir-aweys-remains-under-u-s-and-u-n-sanctions/,"Matched: hassan dahir awes, hassan dahir aweys | signals: ofac, sanction, sanctions, treasury",hassan dahir awes; hassan dahir aweys,designat; financ; ofac; sanction; topic:SANCTIONS; topic:SECURITY_SERVICES
alert,SOi.011,ABOUD ROGO MOHAMMED,Somalia,1.00,,2026-08-04,standardmedia.co.ke,Why citizens should be conversant with basic terrorism-related offences,https://www.standardmedia.co.ke/opinion/article/2001554553/why-citizens-should-be-conversant-with-basic-terrorism-related-offences,"Matched: aboud rogo | signals: al qaeda, al shabaab, jihad, terror, terrorist",aboud rogo,al qaeda; arrest; attack; charged; terror; topic:ARMEDCONFLICT
alert,SOi.012,ABUBAKER SHARIFF AHMED,Somalia,0.70,,2026-07-23,punchng.com,"NSCDC, Kogi Monarchs Partner to Curb Illegal Coal Mining",https://punchng.com/nscdc-kogi-monarchs-partner-to-curb-illegal-coal-mining/,"Matched: abubakar ahmed | signals: commander, court",abubakar ahmed,killing; prosecut; sanction; topic:ARMEDCONFLICT; topic:KILL; topic:TAX_MILITARY_TITLE
alert,SOi.012,ABUBAKER SHARIFF AHMED,Somalia,0.70,,2026-07-31,dailytrust.com,"Six arrested for allegedly abducting, killing cattle owner in Kwara &#x2013; Daily Trust",https://dailytrust.com/six-arrested-for-allegedly-abducting-killing-cattle-owner-in-kwara/,"Matched: abubakar ahmed | signals: arrest, arrested",abubakar ahmed,arms; arrest; attack; kidnap; killing; topic:ARREST
alert,SOi.012,ABUBAKER SHARIFF AHMED,Somalia,0.70,,2026-07-31,dailypost.ng,Kwara: Sixteen suspects in police custody for various alleged crimes,https://dailypost.ng/2026/07/31/kwara-sixteen-suspects-in-police-custody-for-various-alleged-crimes/,"Matched: abubakar ahmed | signals: arrest, arrested",abubakar ahmed,arrest; attack; captur; kidnap; topic:ARREST; topic:KIDNAP
alert,SOi.012,ABUBAKER SHARIFF AHMED,Somalia,0.70,,2026-08-01,saharareporters.com,"Kidnappers Injure Kwara Community Leader As Police Rescue Abducted Daughter, Arrest Suspects",https://saharareporters.com/2026/07/31/kidnappers-injure-kwara-community-leader-police-rescue-abducted-daughter-arrest-suspects,"Matched: abubakar ahmed | signals: arrest, arrested",abubakar ahmed,armed group; arrest; attack; kidnap; topic:ARMEDCONFLICT; topic:ARREST
alert,SOi.012,ABUBAKER SHARIFF AHMED,Somalia,0.70,,2026-09-01,udaipurkiran.com,Priyanka Maurya Criticizes Akhilesh Yadav Over Womens Rights,https://udaipurkiran.com/priyanka-maurya-criticizes-akhilesh-yadav-over-womens-rights/,"Matched: abubakar ahmed | signals: terror, terrorist",abubakar ahmed,arrest; terror; topic:ARMEDCONFLICT; topic:TERROR
alert,SOi.012,ABUBAKER SHARIFF AHMED,Somalia,0.60,,2026-08-16,dailypost.ng,"Women leaders seek more govt support for farming, action on child trafficking, early marriage in Niger",https://dailypost.ng/2026/08/16/women-leaders-seek-more-govt-support-for-farming-action-on-child-trafficking-early-marriage-in-niger/,Matched: abubakar ahmed | signals: trafficking,abubakar ahmed,attack; killing; proces; topic:TAX_MILITARY_TITLE; topic:TAX_MILITARY_TITLE_OFFICER; topic:WB_1226_INDUSTRIAL_CLUSTERS_AND_VALUE_CHAINS
alert,SOi.012,ABUBAKER SHARIFF AHMED,Somalia,0.60,,2026-08-18,punchng.com,"Kwara Crime Web: Police Crack Kidnap, Cult, Murder Rings",https://punchng.com/inside-kwaras-crime-web-how-police-cracked-kidnap-cult-murder-rings/,Matched: abubakar ahmed | signals: arrest,abubakar ahmed,arms; arrest; attack; charged; kidnap; topic:ARMEDCONFLICT
alert,SOi.014,AHMED DIRIYE,Somalia,1.00,,2026-07-20,garoweonline.com,Somalia says strike kills founding Al-Shabaab leader,https://www.garoweonline.com/en/news/somalia/somalia-says-strike-kills-founding-al-shabaab-leader,"Matched: abu ubaidah, ahmed diriye | signals: al shabaab, commander, killed, somalia, weapons",abu ubaidah; ahmed diriye,attack; killed; killing; militan; shabaab; topic:ARMEDCONFLICT
alert,SOi.014,AHMED DIRIYE,Somalia,0.80,,2026-08-27,wardheernews.com,UN Report Warns Al-Shabaab Is Adapting Rather Than Retreating,https://wardheernews.com/un-report-warns-al-shabaab-is-adapting-rather-than-retreating/,"Matched: abu ubaidah, ahmed diriye | signals: al shabaab, killed, somalia",abu ubaidah; ahmed diriye,al qaida; attack; evade; explosive; shabaab; topic:ARMEDCONFLICT
alert,SOi.023,ABDIKADIR MOHAMED ABDIKADIR,Somalia,1.00,,2026-07-17,wardheernews.com,Swift Justice in Jariiban Raises Hope That Traditional Reconciliation Could Help End Clan Bloodshed in Central Somalia,https://wardheernews.com/swift-justice-in-jariiban-raises-hope-that-traditional-reconciliation-could-help-end-clan-bloodshed-in-central-somalia/,"Matched: abdulkadir | signals: commander, convicted, killed, senior, somalia",abdulkadir,attack; convict; killed; killing; topic:ARMEDCONFLICT; topic:KILL
alert,SOi.023,ABDIKADIR MOHAMED ABDIKADIR,Somalia,1.00,,2026-09-05,spacewar.com,Yemen: Retreating al-Qaida takes revenge,https://spacewar.com/yemen-retreating-al-qaida-takes-revenge-999/,"Matched: abdulkadir | signals: al qaida, al shabaab, arrest, arrested, somalia",abdulkadir,al qaida; arms; arrest; assassinat; topic:ARMEDCONFLICT; topic:ARREST
alert,SOi.023,ABDIKADIR MOHAMED ABDIKADIR,Somalia,0.80,,2026-09-05,sunatimes.com,Somalia: Ex-NISA Chief Fahad Yasin Links Somalia's New Speaker to Doolow Drone Strike,http://sunatimes.com/articles/6607/Somalia-Ex-NISA-Chief-Fahad-Yasin-Links-Somalias-New-Speaker-to-Doolow-Drone-Strike,"Matched: abdulkadir | signals: commander, isis, somalia",abdulkadir,attack; explosive; houthi; missile; topic:ARMEDCONFLICT; topic:TAX_MILITARY_TITLE
alert,SOi.023,ABDIKADIR MOHAMED ABDIKADIR,Somalia,0.70,,2026-08-16,wardheernews.com,UN Official Heads to Las Anod as Northeast State Seeks Greater Humanitarian and Development Support,https://wardheernews.com/un-official-heads-to-las-anod-as-northeast-state-seeks-greater-humanitarian-and-development-support/,"Matched: abdulkadir | signals: senior, somalia",abdulkadir,financ; topic:ARMEDCONFLICT; topic:WB_2432_FRAGILITY_CONFLICT_AND_VIOLENCE; topic:WB_2433_CONFLICT_AND_VIOLENCE
alert,SOi.023,ABDIKADIR MOHAMED ABDIKADIR,Somalia,0.70,,2026-08-19,allafrica.com,Somalia's Northern Cyprus Outreach Raises Questions for Cyprus Over Somaliland Policy,https://allafrica.com/stories/202608190208.html,"Matched: abdulkadir | signals: court, somalia",abdulkadir,proces; topic:ARMEDCONFLICT; topic:MARITIME_PIRACY; topic:MILITARY_COOPERATION
alert,SOi.023,ABDIKADIR MOHAMED ABDIKADIR,Somalia,0.70,,2026-08-21,cyprus-mail.com,Somalia denies recognising northern Cyprus after parliament speaker's comment,https://cyprus-mail.com/2026/08/21/somalia-denies-recognising-northern-cyprus-after-parliament-speakers-comment,"Matched: abdulkadir | signals: security council, somalia",abdulkadir,security council; terror; topic:MILITARY_COOPERATION; topic:TERROR; topic:WB_2432_FRAGILITY_CONFLICT_AND_VIOLENCE
alert,SOi.023,ABDIKADIR MOHAMED ABDIKADIR,Somalia,0.60,,2026-08-10,allafrica.com,Somalia: Abdulkadir Mohamed Nur Elected Lower House Speaker With 142 Votes,https://allafrica.com/stories/202608100590.html,Matched: abdulkadir | signals: somalia,abdulkadir,proces; topic:WB_2432_FRAGILITY_CONFLICT_AND_VIOLENCE
alert,SOi.023,ABDIKADIR MOHAMED ABDIKADIR,Somalia,0.60,,2026-08-11,garoweonline.com,Mohamed Abdulkadir's Election Shows How T&#xFC;rkiye's Influence Has Reached Somalia's Highest Offices,https://www.garoweonline.com/en/news/somalia/mohamed-abdulkadir-s-election-shows-how-trkiye-s-influence-has-reached-somalia-s-highest-offices,Matched: abdulkadir | signals: somalia,abdulkadir,killed; proces; shabaab; topic:ARMEDCONFLICT; topic:MARITIME_PIRACY; topic:MILITARY
alert,SOi.023,ABDIKADIR MOHAMED ABDIKADIR,Somalia,0.60,,2026-07-12,standardmedia.co.ke,Somalia's presidential race takes shape as four candidates emerge,https://www.standardmedia.co.ke/politics/article/2001552593/somalias-presidential-race-takes-shape-as-four-candidates-emerge,Matched: abdulkadir | signals: somalia,abdulkadir,financ; insurg; shabaab; topic:INSURGENCY; topic:TAX_TERROR_GROUP; topic:TAX_TERROR_GROUP_ALSHABAAB
alert,SOi.023,ABDIKADIR MOHAMED ABDIKADIR,Somalia,0.60,,2026-07-12,standardmedia.co.ke,Somalia's presidential race takes shape as four candidates battle it out,https://www.standardmedia.co.ke/politics/article/2001552598/somalias-presidential-race-takes-shape-as-four-candidates-battle-it-out,Matched: abdulkadir | signals: somalia,abdulkadir,financ; insurg; shabaab; topic:INSURGENCY; topic:TAX_TERROR_GROUP; topic:TAX_TERROR_GROUP_ALSHABAAB
alert,SOi.023,ABDIKADIR MOHAMED ABDIKADIR,Somalia,0.60,,2026-07-19,horseedmedia.net,Somalia's Federal Parliament to Reconvene on 1 August as Eighth Session Opens,https://horseedmedia.net/somalias-federal-parliament-to-reconvene-on-1-august-as-eighth-session-opens/423859/,Matched: abdulkadir | signals: somalia,abdulkadir,topic:MARITIME_PIRACY; topic:WB_2432_FRAGILITY_CONFLICT_AND_VIOLENCE
alert,SOi.023,ABDIKADIR MOHAMED ABDIKADIR,Somalia,0.60,,2026-07-23,wardheernews.com,"One Person, One Vote or One More Term?",https://wardheernews.com/one-person-one-vote-or-one-more-term/,Matched: abdulkadir | signals: court,abdulkadir,attack; proces; shabaab; topic:ARMEDCONFLICT; topic:KILL; topic:REBELLION
alert,SOi.023,ABDIKADIR MOHAMED ABDIKADIR,Somalia,0.60,,2026-07-24,allafrica.com,Africa: A New Dawn for Somali Youth - Celebrating the Passage of the Africa Youth Charter,https://allafrica.com/stories/202607240072.html,Matched: abdulkadir | signals: somalia,abdulkadir,proces; topic:KILL
alert,SOi.023,ABDIKADIR MOHAMED ABDIKADIR,Somalia,0.60,,2026-08-03,redpepper.co.ug,GOLD SCAM SHOCKER! Mestil Hotel Resident Canadian Remanded Over Alleged Sh5.6Bn Fake Gold Con That Fleeced Somali Defence Minister,https://redpepper.co.ug/gold-scam-shocker-mestil-hotel-resident-canadian-remanded-over-alleged-sh5-6bn-fake-gold-con-that-fleeced-somali-defence-minister/150094/,Matched: abdulkadir | signals: court,abdulkadir,arrest; convict; explosive; financ; topic:ARMEDCONFLICT; topic:ARREST
alert,SOi.023,ABDIKADIR MOHAMED ABDIKADIR,Somalia,0.60,,2026-08-04,english.news.cn,Somalia seeks blue economy investments at first maritime conference-Xinhua,https://english.news.cn/20260805/6f8067adb8cd4803bfaa0d4f0e0b930c/c.html,Matched: abdulkadir | signals: somalia,abdulkadir,financ; topic:MARITIME_PIRACY; topic:PIRACY; topic:WB_1484_EDUCATION_SKILLS_DEVELOPMENT_AND_LABOR_MARKET
alert,SOi.023,ABDIKADIR MOHAMED ABDIKADIR,Somalia,0.60,,2026-08-13,horseedmedia.net,Somalia's New Speaker and the Military Operation That Cleared His Path to Parliament,https://horseedmedia.net/somalias-new-speaker-and-the-military-operation-that-cleared-his-path-to-parliament/424775/,Matched: abdulkadir | signals: somalia,abdulkadir,arrest; financ; houthi; killed; topic:ARMEDCONFLICT; topic:ARREST
alert,SOi.023,ABDIKADIR MOHAMED ABDIKADIR,Somalia,0.60,,2026-08-17,garoweonline.com,Hormuud Salaam Foundation equips Somali National University with new ICT lab,https://www.garoweonline.com/en/news/somalia/hormuud-salaam-foundation-equips-somali-national-university-with-new-ict-lab,Matched: abdulkadir | signals: somalia,abdulkadir,killed; shabaab; topic:WB_1484_EDUCATION_SKILLS_DEVELOPMENT_AND_LABOR_MARKET; topic:WB_2131_EMPLOYABILITY_SKILLS_AND_JOBS
alert,SOi.023,ABDIKADIR MOHAMED ABDIKADIR,Somalia,0.60,,2026-08-17,allafrica.com,Somalia: Hormuud Salaam Foundation Equips Somali National University With New ICT Lab,https://allafrica.com/stories/202608170664.html,Matched: abdulkadir | signals: somalia,abdulkadir,proces; topic:WB_1484_EDUCATION_SKILLS_DEVELOPMENT_AND_LABOR_MARKET; topic:WB_2131_EMPLOYABILITY_SKILLS_AND_JOBS
alert,SOi.023,ABDIKADIR MOHAMED ABDIKADIR,Somalia,0.60,,2026-08-22,cyprus-mail.com,"Unrecognised Somaliland calls on Cyprus, Greece to recognise it",https://cyprus-mail.com/2026/08/22/unrecognised-somaliland-calls-on-cyprus-greece-to-recognise-it,Matched: abdulkadir | signals: somalia,abdulkadir,security council; terror; topic:MILITARY_COOPERATION; topic:TERROR; topic:WB_2432_FRAGILITY_CONFLICT_AND_VIOLENCE
alert,SOi.023,ABDIKADIR MOHAMED ABDIKADIR,Somalia,0.60,,2026-08-25,horseedmedia.net,Turkey's 'agent' in Somalia whips up fresh scandal with Northern Cyprus phone call,https://horseedmedia.net/turkeys-agent-in-somalia-whips-up-fresh-scandal-with-northern-cyprus-phone-call/425141/,Matched: abdulkadir | signals: somalia,abdulkadir,houthi; security council; shabaab; topic:ARMEDCONFLICT; topic:MARITIME_PIRACY; topic:WB_2432_FRAGILITY_CONFLICT_AND_VIOLENCE
alert,SOi.023,ABDIKADIR MOHAMED ABDIKADIR,Somalia,0.60,,2026-09-07,wardheernews.com,BREAKING NEWS: Southwest Reconciliation Efforts Gain Momentum as Laftagareen Signals Path Toward Political Settlement,https://wardheernews.com/breaking-news-southwest-reconciliation-efforts-gain-momentum-as-laftagareen-signals-path-toward-political-settlement/,Matched: abdulkadir | signals: isis,abdulkadir,proces; topic:ARMEDCONFLICT; topic:WB_2432_FRAGILITY_CONFLICT_AND_VIOLENCE; topic:WB_2433_CONFLICT_AND_VIOLENCE
alert,SOi.023,ABDIKADIR MOHAMED ABDIKADIR,Somalia,0.60,,2026-09-12,garoweonline.com,What Is Behind the Coordinated Defence of Somalia&#x2013;Turkey Relations?,https://www.garoweonline.com/en/news/somalia/what-is-behind-the-coordinated-defence-of-somalia-turkey-relations,Matched: abdulkadir | signals: somalia,abdulkadir,attack; financ; killed; missile; topic:SOC_POINTSOFINTEREST_MILITARY_BASE
alert,SOi.023,ABDIKADIR MOHAMED ABDIKADIR,Somalia,0.60,,2026-09-13,wardheernews.com,Turkish Flag Burned in Puntland and Jubaland as Anger Grows Over Ankara's Role in Somalia,https://wardheernews.com/turkish-flag-burned-in-puntland-and-jubaland-as-anger-grows-over-ankaras-role-in-somalia/,Matched: abdulkadir | signals: somalia,abdulkadir,killed; killing; shabaab; topic:ARMEDCONFLICT; topic:KILL; topic:MARITIME_PIRACY
alert,SOi.023,ABDIKADIR MOHAMED ABDIKADIR,Somalia,0.60,,2026-09-14,standardmedia.co.ke,Ahmedfiqi's plan for Somalia as Presidential race takes shape,https://www.standardmedia.co.ke/africa/article/2001557768/ahmedfiqis-plan-for-somalia-as-presidential-race-takes-shape,Matched: abdulkadir | signals: somalia,abdulkadir,financ; proces; topic:MARITIME_PIRACY; topic:WB_1484_EDUCATION_SKILLS_DEVELOPMENT_AND_LABOR_MARKET; topic:WB_2131_EMPLOYABILITY_SKILLS_AND_JOBS
alert,SOi.023,ABDIKADIR MOHAMED ABDIKADIR,Somalia,0.60,,2026-09-18,wardheernews.com,Somalia's Digital Iron Curtain: Who Is Making Critics Disappear?,https://wardheernews.com/somalias-digital-iron-curtain-who-is-making-critics-disappear/,Matched: abdulkadir | signals: somalia,abdulkadir,arrest; attack; prosecut; topic:ARMEDCONFLICT; topic:ARREST; topic:KILL
alert,SOi.023,ABDIKADIR MOHAMED ABDIKADIR,Somalia,0.60,,2026-09-21,allafrica.com,Somalia: Somali Parliament Approves Two Members of Constitutional Review Committee,https://allafrica.com/stories/202609210045.html,Matched: abdulkadir | signals: somalia,abdulkadir,proces; topic:MARITIME_PIRACY; topic:PIRACY
alert,YEe.001,THE HOUTHIS,Yemen,0.80,,2026-08-21,nakedcapitalism.com,Iran War: Bessent Effectively Admits New Ferocious Iran Sanctions Likely to Fizzle as Treasury Intervention Fails; More Evidence of US Military Impotence; Ansar Allah Makes Drone Strikes Into Saudi Arabia,https://www.nakedcapitalism.com/2026/08/iran-war-bessent-effectively-admits-new-ferocious-iran-sanctions-likely-to-fizzle-as-treasury-intervention-fails-more-evidence-of-us-military-impotence-ansar-allah-makes-drone-strikes-into-saudi-ar.html,"Matched: ansar allah | signals: sanction, sanctions, treasury",ansar allah,sanction; treasury
alert,YEe.001,THE HOUTHIS,Yemen,0.80,,2026-09-29,middleeasteye.net,Red Sea crisis: What missiles and drones do the Houthis have?,https://www.middleeasteye.net/explainers/red-sea-crisis-what-missiles-and-drones-do-houthis-have,"Matched: the houthis | signals: houthi, isis, missile",the houthis,houthi; missile; topic:ARMEDCONFLICT; topic:MARITIME_PIRACY; topic:MILITARY
alert,YEe.001,THE HOUTHIS,Yemen,0.70,,2026-07-13,antiwar.com,"Saudi-Led Forces Bomb Yemen's Sanaa Airport, Reigniting War With the Houthis",https://news.antiwar.com/2026/07/13/saudi-led-forces-bomb-yemens-sanaa-airport-reigniting-war-with-the-houthis/,"Matched: the houthis | signals: houthi, yemen",the houthis,bomb; houthi; topic:ARMEDCONFLICT; topic:KILL; topic:MILITARY
alert,YEe.001,THE HOUTHIS,Yemen,0.70,,2026-07-26,themedialine.org,"Missiles, Mobilization, and Tehran: Can the Houthis Wage a Wider War?",https://themedialine.org/mideast-daily-news/missiles-mobilization-and-tehran-can-the-houthis-wage-a-wider-war/,"Matched: the houthis | signals: houthi, missile",the houthis,houthi; missile; topic:ARMEDCONFLICT; topic:SEIGE; topic:TAX_TERROR_GROUP
alert,YEe.001,THE HOUTHIS,Yemen,0.70,,2026-08-03,indiatimes.com,Houthis: Why the Houthis are no longer just Yemen's problem,https://timesofindia.indiatimes.com/toi-blogs/beyond-borders/why-the-houthis-are-no-longer-just-yemens-problem/articleshow/132819866.cms,"Matched: the houthis | signals: houthi, yemen",the houthis,houthi; topic:ARMEDCONFLICT; topic:KILL; topic:MARITIME_PIRACY
alert,YEe.001,THE HOUTHIS,Yemen,0.70,,2026-08-07,arabnews.com,How the Houthis built a parallel economy in Yemen,https://www.arabnews.com/node/2653743/middle-east,"Matched: the houthis | signals: houthi, yemen",the houthis,houthi; topic:ARMEDCONFLICT; topic:KILL; topic:SANCTIONS
alert,YEe.001,THE HOUTHIS,Yemen,0.70,,2026-08-17,catholicworldreport.com,"Islamist persecution, Christian survival, and an encounter with the Houthis in Yemen",https://www.catholicworldreport.com/2026/08/17/gate-of-lamentation-islamist-persecution-christian-survival-and-an-encounter-with-the-houthis-in-yemen/,"Matched: the houthis | signals: houthi, yemen",the houthis,houthi; topic:ARMEDCONFLICT; topic:ARREST; topic:JIHAD
alert,YEe.001,THE HOUTHIS,Yemen,0.70,,2026-09-13,indiatimes.com,From isolated rebels to regional force: How the Houthis took Bab al-Mandab,https://economictimes.indiatimes.com/news/international/world-news/from-isolated-rebels-to-regional-force-how-the-houthis-took-bab-al-mandab/articleshow/134169596.cms,"Matched: the houthis | signals: houthi, rebel",the houthis,houthi; rebel; topic:ARMEDCONFLICT
alert,YEe.001,THE HOUTHIS,Yemen,0.70,,2026-09-15,opednews.com,Article: Yemen: The Houthis' New Front,https://www.opednews.com/populum/page.php?f=Yemen-The-Houthis-New-Fr-Frontline_Houthis_Oil_Shipping-260915-347.html,"Matched: the houthis | signals: houthi, yemen",the houthis,houthi; topic:ARMEDCONFLICT; topic:MARITIME_PIRACY; topic:MILITARY
alert,YEe.001,THE HOUTHIS,Yemen,0.70,,2026-09-21,antiwar.com,Ansar Allah Reports 'Major Escalation' of Saudi Airstrikes and Missile Attacks on Yemen,https://news.antiwar.com/2026/09/21/ansar-allah-reports-major-escalation-of-saudi-airstrikes-and-missile-attacks-on-yemen/,"Matched: ansar allah | signals: missile, yemen",ansar allah,attack; missile; topic:ARMEDCONFLICT; topic:KILL; topic:TAX_TERROR_GROUP
alert,YEe.001,THE HOUTHIS,Yemen,0.70,,2026-09-23,wn.com,Time to recognize the Houthis as Yemen's real government,https://article.wn.com/view/2026/09/23/time_to_recognize_the_houthis_as_yemen_8217s_real_government/,"Matched: the houthis | signals: houthi, yemen",the houthis,houthi; topic:ARMEDCONFLICT; topic:TAX_TERROR_GROUP; topic:TAX_TERROR_GROUP_ANSAR_ALLAH
alert,YEe.001,THE HOUTHIS,Yemen,0.70,,2026-09-24,bbc.co.uk,Who are the Houthis in Yemen and what do they want?,https://www.bbc.co.uk/news/articles/cqy7z228kee3o,"Matched: the houthis | signals: houthi, yemen",the houthis,houthi; topic:ARMEDCONFLICT; topic:REBELLION; topic:SEIGE
alert,YEe.001,THE HOUTHIS,Yemen,0.70,,2026-10-06,aljazeera.com,Yemen's government is on the attack against the Houthis. What has changed? | Conflict News,https://www.aljazeera.com/news-analysis/2026/10/6/yemen-government-is-on-the-attack-against-the-houthis-what-has-changed,"Matched: the houthis | signals: houthi, yemen",the houthis,attack; houthi; topic:ARMEDCONFLICT; topic:MILITARY; topic:TAX_TERROR_GROUP
alert,YEe.001,THE HOUTHIS,Yemen,0.70,,2026-10-07,ynetnews.com,Yemen's fight against the Houthis is a fight to restore the state,https://www.ynetnews.com/opinions-analysis/article/hkuhppzozg,"Matched: the houthis | signals: houthi, yemen",the houthis,houthi; topic:ARMEDCONFLICT; topic:MARITIME_PIRACY; topic:MILITARY
alert,YEe.001,THE HOUTHIS,Yemen,0.60,,2026-07-23,scoop.co.nz,"Modish Blockades: The Houthis, Trump And Expanding The War",https://www.scoop.co.nz/stories/HL2607/S00066/modish-blockades-the-houthis-trump-and-expanding-the-war.htm,Matched: the houthis | signals: houthi,the houthis,houthi; topic:ARMEDCONFLICT; topic:KILL; topic:MARITIME_PIRACY
alert,YEe.001,THE HOUTHIS,Yemen,0.60,,2026-07-23,middleeaststar.com,Another oil artery under threat The Houthis are testing Riyadh,http://www.middleeaststar.com/news/279206213/another-oil-artery-under-threat-the-houthis-are-testing-riyadh,Matched: the houthis | signals: houthi,the houthis,houthi; topic:ARMEDCONFLICT; topic:KILL; topic:MILITARY
alert,YEe.001,THE HOUTHIS,Yemen,0.60,,2026-07-24,onlineopinion.com.au,"Modish blockades: the Houthis, Trump and expanding the war - On Line Opinion",https://www.onlineopinion.com.au/view.asp?article=24084,Matched: the houthis | signals: houthi,the houthis,houthi; topic:ARMEDCONFLICT; topic:KILL; topic:MARITIME_PIRACY
alert,YEe.001,THE HOUTHIS,Yemen,0.60,,2026-07-24,themedialine.org,Do the Houthis Have the Capacity To Wage a Multi-Front War?,https://themedialine.org/top-stories/do-the-houthis-have-the-capacity-to-wage-a-multi-front-war/,Matched: the houthis | signals: houthi,the houthis,houthi; topic:ARMEDCONFLICT; topic:MARITIME_PIRACY; topic:SEIGE
alert,YEe.001,THE HOUTHIS,Yemen,0.60,,2026-07-29,omanobserver.om,Yemen's Ansar Allah planning fees for Red Sea transit,https://www.omanobserver.om/article/1193690/world/region/yemens-ansar-allah-planning-fees-for-red-sea-transit,Matched: ansar allah | signals: yemen,ansar allah,topic:SEIGE; topic:TAX_TERROR_GROUP; topic:TAX_TERROR_GROUP_ANSAR_ALLAH
alert,YEe.001,THE HOUTHIS,Yemen,0.60,,2026-07-30,antiwar.com,Report: Saudi Arabia To Announce New Red Sea Coalition To Counter Yemen's Ansar Allah,https://news.antiwar.com/2026/07/29/report-saudi-arabia-to-announce-new-red-sea-coalition-to-counter-yemens-ansar-allah/,Matched: ansar allah | signals: yemen,ansar allah,topic:ARMEDCONFLICT; topic:KILL; topic:MIL_SELF_IDENTIFIED_ARMS_DEAL
alert,YEe.001,THE HOUTHIS,Yemen,0.60,,2026-08-04,antiwar.com,Yemen's Ansar Allah Announces Attack on Saudi Airport - News From Antiwar.com,https://news.antiwar.com/2026/08/04/yemens-ansar-allah-announces-attack-on-saudi-airport/,Matched: ansar allah | signals: yemen,ansar allah,attack; topic:ARMEDCONFLICT; topic:SEIGE; topic:TAX_TERROR_GROUP
alert,YEe.001,THE HOUTHIS,Yemen,0.60,,2026-08-05,antiwar.com,Yemen's Ansar Allah Announces Attacks on Two Saudi Tankers as It Continues Enforcing Blockade,https://news.antiwar.com/2026/08/05/yemens-ansar-allah-announces-attacks-on-two-saudi-tankers-as-it-continues-enforcing-blockade/,Matched: ansar allah | signals: yemen,ansar allah,attack; topic:KILL; topic:SEIGE; topic:TAX_TERROR_GROUP
alert,YEe.001,THE HOUTHIS,Yemen,0.60,,2026-08-06,nakedcapitalism.com,"Iran War: Iran Agreement With Oman Will Not ""Open"" Strait of Hormuz as Trump Hypes Non-Existent Talks; Ansar Allah Threatens Red Sea Escalation; Trump-Hegseth Row Over Weapons Shortages",https://www.nakedcapitalism.com/2026/08/iran-war-iran-agreement-with-oman-will-not-open-strait-of-hormuz-as-trump-hypes-non-existent-talks-ansar-allah-threatens-red-sea-escalation-trump-hegseth-row-over-weapons-shortages.html,Matched: ansar allah | signals: weapons,ansar allah,topic:ARMEDCONFLICT; topic:MARITIME_PIRACY; topic:MILITARY; weapon
alert,YEe.001,THE HOUTHIS,Yemen,0.60,,2026-08-06,antiwar.com,Ansar Allah Launches Attacks Targeting Saudi-Backed Forces in Central Yemen,https://news.antiwar.com/2026/08/06/ansar-allah-launches-attacks-targeting-saudi-backed-forces-in-central-yemen/,Matched: ansar allah | signals: yemen,ansar allah,attack; topic:ARMEDCONFLICT; topic:KILL; topic:SEIGE
alert,YEe.001,THE HOUTHIS,Yemen,0.60,,2026-08-09,omanobserver.om,Yemen's Ansar Allah say they attacked Saudi Aramco Jazan refinery,https://www.omanobserver.om/article/1194179/world/region/yemens-ansar-allah-say-they-attacked-saudi-aramco-jazan-refinery,Matched: ansar allah | signals: yemen,ansar allah,attack; topic:ARMEDCONFLICT; topic:SEIGE; topic:TAX_TERROR_GROUP
alert,YEe.001,THE HOUTHIS,Yemen,0.60,,2026-08-09,antiwar.com,"Yemen's Ansar Allah Targets Saudi Oil Refinery, Saudi-Backed Forces in Yemeni Port of Mocha",https://news.antiwar.com/2026/08/09/yemens-ansar-allah-targets-saudi-oil-refinery-saudi-backed-forces-in-yemeni-port-of-mocha/,Matched: ansar allah | signals: yemen,ansar allah,topic:ARMEDCONFLICT; topic:KILL; topic:MARITIME_PIRACY
alert,YEe.001,THE HOUTHIS,Yemen,0.60,,2026-08-10,nakedcapitalism.com,"Iran War: Trump Impotence - WSJ Reports Desire to Exit if Strait Opened, Netanyahu Rejects Gaza ""Deal"", Pentagon Issues 21-Day Demand for Plans for More Weapons as Iran and Ansar Allah Keep Attacking",https://www.nakedcapitalism.com/2026/08/iran-war-trump-impotence-wsj-reports-desire-to-exit-if-strait-opened-netanyahu-rejects-gaza-deal-pentagon-issues-21-day-demand-for-plans-for-more-weapons-as-iran-and-ansar-allah-keep-attackin.html,Matched: ansar allah | signals: weapons,ansar allah,attack; topic:ARMEDCONFLICT; topic:WB_2432_FRAGILITY_CONFLICT_AND_VIOLENCE; weapon
alert,YEe.001,THE HOUTHIS,Yemen,0.60,,2026-08-13,nakedcapitalism.com,Iran War: Prospects of Long War Rise as US and Iran Signal a Staredown; Iran Economy Not Collapsing; Saudi-Ansar Allah Attacks Intensify; US Navy in Crisis?,https://www.nakedcapitalism.com/2026/08/iran-war-prospects-of-long-war-rise-as-us-and-iran-signal-a-staredown-iran-economy-not-collapsing-saudi-ansar-allah-attacks-intensify-us-navy-in-crisis.html,Matched: ansar allah | signals: isis,ansar allah,attack; topic:ARMEDCONFLICT; topic:MILITARY; topic:SEIGE
alert,YEe.001,THE HOUTHIS,Yemen,0.60,,2026-08-14,antiwar.com,"Ansar Allah Launches More Attacks on Oil Sites in Saudi Arabia, Saudi-Backed Forces in Yemen",https://news.antiwar.com/2026/08/13/ansar-allah-launches-more-attacks-on-oil-sites-in-saudi-arabia-saudi-backed-forces-in-yemen/,Matched: ansar allah | signals: yemen,ansar allah,attack; topic:ARMEDCONFLICT; topic:KILL; topic:SEIGE
alert,YEe.001,THE HOUTHIS,Yemen,0.60,,2026-08-15,middle-east-online.com,Surrendering to the Houthis is not a Gulf option | Khairallah Khairallah,https://www.middle-east-online.com/en/surrendering-houthis-not-gulf-option,Matched: the houthis | signals: houthi,the houthis,houthi; topic:MARITIME_PIRACY; topic:SEIGE; topic:TAX_TERROR_GROUP
alert,YEe.001,THE HOUTHIS,Yemen,0.60,,2026-08-17,antiwar.com,"Ansar Allah Announces Attacks on Saudi Ship in Red Sea, Saudi-Backed Forces in Yemen's Marib Province",https://news.antiwar.com/2026/08/17/ansar-allah-announces-attacks-on-saudi-ship-in-red-sea-saudi-backed-forces-in-yemens-marib-province/,Matched: ansar allah | signals: yemen,ansar allah,attack; topic:ARMEDCONFLICT; topic:KILL; topic:SEIGE
alert,YEe.001,THE HOUTHIS,Yemen,0.60,,2026-08-28,bankingnews.gr,The Houthis have found Saudi Arabia's weak spot: The kingdom has become hostage to its own geography,https://www.bankingnews.gr/diethni/articles/896157/the-houthis-have-found-saudi-arabia-s-weak-spot-the-kingdom-has-become-hostage-to-its-own-geography,Matched: the houthis | signals: houthi,the houthis,hostage; houthi
alert,YEe.001,THE HOUTHIS,Yemen,0.60,,2026-09-03,antiwar.com,Ansar Allah Launches Major Attacks Targeting Saudi-Backed Forces in Yemen,https://news.antiwar.com/2026/09/03/ansar-allah-launches-major-attacks-targeting-saudi-backed-forces-in-yemen/,Matched: ansar allah | signals: yemen,ansar allah,attack; topic:ARMEDCONFLICT; topic:KILL; topic:SEIGE
alert,YEe.001,THE HOUTHIS,Yemen,0.60,,2026-09-07,antiwar.com,"Ansar Allah: Saudi Strike Hits Prison in Yemen, Killing Seven, Including One Child",https://news.antiwar.com/2026/09/07/ansar-allah-saudi-strike-hits-prison-in-yemen-killing-seven-including-one-child/,Matched: ansar allah | signals: yemen,ansar allah,killing; topic:ARMEDCONFLICT; topic:KILL; topic:MILITARY
alert,YEe.001,THE HOUTHIS,Yemen,0.60,,2026-09-10,omanobserver.om,"Ansar Allah seize key Yemeni Red Sea port, sources say",https://www.omanobserver.om/article/1195933/world/region/ansar-allah-seize-key-yemeni-red-sea-port-sources-say,Matched: ansar allah | signals: yemen,ansar allah,topic:ARMEDCONFLICT; topic:SEIGE; topic:TAX_TERROR_GROUP
alert,YEe.001,THE HOUTHIS,Yemen,0.60,,2026-09-10,omanobserver.om,Ansar Allah seize key Yemeni Red Sea port,https://www.omanobserver.om/article/1195956/world/asia/ansar-allah-seize-key-yemeni-red-sea-port,Matched: ansar allah | signals: yemen,ansar allah,topic:ARMEDCONFLICT; topic:SEIGE; topic:TAX_TERROR_GROUP
alert,YEe.001,THE HOUTHIS,Yemen,0.60,,2026-09-10,antiwar.com,"Yemen's Ansar Allah Makes Rapid Gains on the Ground, Takes Red Sea Port City of Mocha",https://news.antiwar.com/2026/09/10/yemens-ansar-allah-makes-rapid-gains-on-the-ground-takes-red-sea-port-city-of-mocha/,Matched: ansar allah | signals: yemen,ansar allah,topic:ARMEDCONFLICT; topic:KILL; topic:SEIGE
alert,YEe.001,THE HOUTHIS,Yemen,0.60,,2026-09-11,greanvillepost.com,"AnsarAllah in Yemen: ""We Will End the Saudi Blockade and Occupation"" &#x2013; The Greanville Post",https://www.greanvillepost.com/ansarallah-in-yemen-we-will-end-the-saudi-blockade-and-occupation/,Matched: ansarallah | signals: yemen,ansarallah,ansarallah; topic:ARMEDCONFLICT; topic:ARREST; topic:MILITARY
alert,YEe.001,THE HOUTHIS,Yemen,0.60,,2026-09-12,thehindu.com,The Houthis vs Saudi Arabia | The new lords of the Red Sea,https://www.thehindu.com/news/international/the-houthis-vs-saudi-arabia-the-new-lords-of-the-red-sea/article71461151.ece,Matched: the houthis | signals: houthi,the houthis,houthi; topic:ARMEDCONFLICT; topic:ARREST; topic:ASSASSINATION
alert,YEe.001,THE HOUTHIS,Yemen,0.60,,2026-09-13,investmentwatchblog.com,"Saudi tribes, the Houthis and Iran are preparing to redraw the map",https://www.investmentwatchblog.com/saudi-tribes-the-houthis-and-iran-are-preparing-to-redraw-the-map/,Matched: the houthis | signals: houthi,the houthis,houthi
alert,YEe.001,THE HOUTHIS,Yemen,0.60,,2026-09-13,antiwar.com,Trump's Comments on Yemen War Suggest US-Ansar Allah Ceasefire Still in Effect,https://news.antiwar.com/2026/09/13/trumps-comments-on-yemen-war-suggest-us-ansar-allah-ceasefire-still-in-effect/,Matched: ansar allah | signals: yemen,ansar allah,topic:ARMEDCONFLICT; topic:KILL; topic:SEIGE
alert,YEe.001,THE HOUTHIS,Yemen,0.60,,2026-09-13,antiwar.com,Ansar Allah and Saudi Arabia Trade Attacks as Fighting Continues on the Ground in Yemen,https://news.antiwar.com/2026/09/13/ansar-allah-and-saudi-arabia-trade-attacks-as-fighting-continues-on-the-ground-in-yemen/,Matched: ansar allah | signals: yemen,ansar allah,attack; topic:ARMEDCONFLICT; topic:KILL; topic:SOC_POINTSOFINTEREST_MILITARY_BASE
alert,YEe.001,THE HOUTHIS,Yemen,0.60,,2026-09-14,i24news.tv,How The Houthis Became A Global Threat,https://www.i24news.tv/en/news/middle-east/the-gulf/artc-how-the-houthis-became-a-global-threat,Matched: the houthis | signals: houthi,the houthis,houthi; topic:ARMEDCONFLICT
alert,YEe.001,THE HOUTHIS,Yemen,0.60,,2026-09-15,nakedcapitalism.com,Iran War: Ansar Allah Strikes Yanbu Port as Rising Energy Prices Help Push 10 Year Treasury Yields Over 5%,https://www.nakedcapitalism.com/2026/09/iran-war-ansar-allah-strikes-yanbu-port-as-rising-energy-prices-help-push-10-year-treasury-yields-over-5.html,Matched: ansar allah | signals: treasury,ansar allah,topic:ARMEDCONFLICT; topic:KILL; topic:MILITARY; treasury
alert,YEe.001,THE HOUTHIS,Yemen,0.60,,2026-09-16,ynetnews.com,Why bombing alone has failed against the Houthis and what it would take to defeat the,https://www.ynetnews.com/opinions-analysis/article/byefkx00ymg,Matched: the houthis | signals: houthi,the houthis,bombing; houthi; topic:ARMEDCONFLICT; topic:EXTREMISM; topic:KILL
alert,YEe.001,THE HOUTHIS,Yemen,0.60,,2026-09-16,middleeasteye.net,Taking on the Houthis? Turkey could pay a steep price,https://www.middleeasteye.net/news/taking-houthis-turkey-could-pay-steep-price,Matched: the houthis | signals: houthi,the houthis,houthi; topic:ARMEDCONFLICT; topic:MARITIME_PIRACY; topic:PIRACY
alert,YEe.001,THE HOUTHIS,Yemen,0.60,,2026-09-16,omanobserver.om,Saudis pound Yemen as Ansar Allah solidify gains,https://www.omanobserver.om/article/1196297/world/region/saudis-pound-yemen-as-ansar-allah-solidify-gains,Matched: ansar allah | signals: yemen,ansar allah,topic:ARMEDCONFLICT; topic:SEIGE; topic:TAX_TERROR_GROUP
alert,YEe.001,THE HOUTHIS,Yemen,0.60,,2026-09-17,oilprice.com,Oil Prices Slide as China Presses Iran to Rein In the Houthis,https://oilprice.com/Energy/Crude-Oil/Oil-Prices-Slide-as-China-Presses-Iran-to-Rein-In-the-Houthis.html,Matched: the houthis | signals: houthi,the houthis,houthi; topic:ARMEDCONFLICT; topic:KILL; topic:TAX_TERROR_GROUP
alert,YEe.001,THE HOUTHIS,Yemen,0.60,,2026-09-17,algemeiner.com,"Who Are the Houthis, and Why Does Iran Support Them?",https://www.algemeiner.com/2026/09/17/who-are-houthis-why-does-iran-support-them/,Matched: the houthis | signals: houthi,the houthis,houthi; topic:ARMEDCONFLICT; topic:ARREST; topic:INSURGENCY
alert,YEe.001,THE HOUTHIS,Yemen,0.60,,2026-09-18,indiatimes.com,'Graveyard of Saudi ambition': Why the Houthis remain Riyadh's biggest headache,https://timesofindia.indiatimes.com/world/middle-east/graveyard-of-saudi-ambition-why-the-houthis-remain-riyadhs-biggest-headache/articleshow/134334901.cms,Matched: the houthis | signals: houthi,the houthis,houthi; topic:ARMEDCONFLICT; topic:INSURGENCY; topic:KILL
alert,YEe.001,THE HOUTHIS,Yemen,0.60,,2026-09-18,thenation.com,"The Houthis Escalate the Red Sea Conflict, the Pentagon Releases a Report on Iran War Costs, the BRICS Summit Exposes Divisions",https://www.thenation.com/podcast/world/amprest-091826/,Matched: the houthis | signals: houthi,the houthis,houthi; topic:ARMEDCONFLICT; topic:EXTREMISM; topic:KILL
alert,YEe.001,THE HOUTHIS,Yemen,0.60,,2026-09-20,freethoughtblogs.com,Who are the Houthis and what do they want?,https://freethoughtblogs.com/singham/2026/09/19/who-are-the-houthis-and-what-do-they-want/,Matched: the houthis | signals: houthi,the houthis,houthi; topic:ARMEDCONFLICT; topic:KILL; topic:MARITIME_PIRACY
alert,YEe.001,THE HOUTHIS,Yemen,0.60,,2026-09-20,bdnews24.com,How the Houthis became a regional power,https://bdnews24.com/world/middle-east/234qwqryw6,Matched: the houthis | signals: houthi,the houthis,houthi; topic:ARMEDCONFLICT
alert,YEe.001,THE HOUTHIS,Yemen,0.60,,2026-09-21,antiwar.com,Saudi Airstrikes Hit Yemen After Ansar Allah Attack on Riyadh,https://news.antiwar.com/2026/09/20/saudi-airstrikes-hit-yemen-after-ansar-allah-attack-on-riyadh/,Matched: ansar allah | signals: yemen,ansar allah,attack; topic:ARMEDCONFLICT; topic:KILL; topic:SEIGE
alert,YEe.001,THE HOUTHIS,Yemen,0.60,,2026-09-21,theguardian.com,The Houthis' offensive is the latest spillover from Trump's Iran disaster | Mohamad Bazzi,https://www.theguardian.com/commentisfree/2026/sep/21/houthi-iran-war-trump,Matched: the houthis | signals: houthi,the houthis,houthi; topic:ARMEDCONFLICT; topic:ASSASSINATION; topic:KILL
alert,YEe.001,THE HOUTHIS,Yemen,0.60,,2026-09-21,omanobserver.om,Ansar Allah push for control of Yemen highlands,https://www.omanobserver.om/article/1196556/world/region/ansar-allah-push-for-control-of-yemen-highlands,Matched: ansar allah | signals: yemen,ansar allah,topic:ARMEDCONFLICT; topic:KILL; topic:MARITIME_PIRACY
alert,YEe.001,THE HOUTHIS,Yemen,0.60,,2026-09-21,nypost.com,Why Trump is leaving Saudi Arabia alone to fight the Houthis &#x2014; despite oil risk,https://nypost.com/2026/09/21/world-news/why-trump-is-leaving-saudi-arabia-alone-to-fight-the-houthis-despite-oil-risk/,Matched: the houthis | signals: houthi,the houthis,houthi; topic:ARMEDCONFLICT; topic:MILITARY; topic:REBELLION
alert,YEe.001,THE HOUTHIS,Yemen,0.60,,2026-09-22,news.az,The battle for Bab el-Mandeb: Can the Houthis hold global trade hostage?,https://news.az/news/the-battle-for-bab-el-mandeb-can-the-houthis-hold-global-trade-hostage,Matched: the houthis | signals: houthi,the houthis,hostage; houthi; topic:ARMEDCONFLICT; topic:KIDNAP; topic:KILL
alert,YEe.001,THE HOUTHIS,Yemen,0.60,,2026-09-22,countercurrents.org,The Urgency of Recognizing the Ansar Allah Government in Yemen,https://countercurrents.org/2026/09/the-urgency-of-recognizing-the-ansar-allah-government-in-yemen/,Matched: ansar allah | signals: yemen,ansar allah,topic:ARMEDCONFLICT; topic:ARREST; topic:ASSASSINATION
alert,YEe.001,THE HOUTHIS,Yemen,0.60,,2026-09-23,antiwar.com,Ansar Allah Warns US Against Direct Military Intervention in Yemen War,https://news.antiwar.com/2026/09/23/ansar-allah-warns-us-against-direct-military-intervention-in-yemen-war/,Matched: ansar allah | signals: yemen,ansar allah,topic:ARMEDCONFLICT; topic:KILL; topic:SEIGE
alert,YEe.001,THE HOUTHIS,Yemen,0.60,,2026-09-24,antiwar.com,Yemeni Media Reports Major Ansar Allah Attack on Southern Saudi Arabia,https://news.antiwar.com/2026/09/23/yemeni-media-reports-major-ansar-allah-attack-on-southern-saudi-arabia/,Matched: ansar allah | signals: yemen,ansar allah,attack; topic:ARMEDCONFLICT; topic:KILL; topic:TAX_TERROR_GROUP
alert,YEe.001,THE HOUTHIS,Yemen,0.60,,2026-09-24,consortiumnews.com,Recognizing the Ansar Allah Government in Yemen,https://consortiumnews.com/2026/09/24/recognizing-the-ansar-allah-government-in-yemen/,Matched: ansar allah | signals: yemen,ansar allah,topic:ARMEDCONFLICT; topic:ASSASSINATION; topic:KILL
alert,YEe.001,THE HOUTHIS,Yemen,0.60,,2026-09-24,antiwar.com,Yemen's Ansar Allah Announces Another Wave of Attacks on Saudi Arabia Targeting Riyadh and Yanbu,https://news.antiwar.com/2026/09/24/yemens-ansar-allah-announces-another-wave-of-attacks-on-saudi-arabia-targeting-riyadh-and-yanbu/,Matched: ansar allah | signals: yemen,ansar allah,attack; topic:ARMEDCONFLICT; topic:KILL; topic:SEIGE
alert,YEe.001,THE HOUTHIS,Yemen,0.60,,2026-09-29,aawsat.com,As the Houthis Burn with Desire to Fight Israel from Lebanon,https://english.aawsat.com/opinion/5323679-houthis-burn-desire-fight-israel-lebanon,Matched: the houthis | signals: houthi,the houthis,houthi; topic:ARMEDCONFLICT; topic:EXTREMISM; topic:MILITARY
alert,YEe.001,THE HOUTHIS,Yemen,0.60,,2026-09-30,antiwar.com,Ansar Allah Says Saudi Arabia Launched 35 Airstrikes in Yemen Over 24 Hours,https://news.antiwar.com/2026/09/29/ansar-allah-says-saudi-arabia-launched-35-airstrikes-in-yemen-over-24-hours/,Matched: ansar allah | signals: yemen,ansar allah,topic:ARMEDCONFLICT; topic:KILL; topic:SEIGE
alert,YEe.001,THE HOUTHIS,Yemen,0.60,,2026-10-02,fair.org,"Corporate Media Don't Understand the Houthis&#x2014;and Don't Want You to, Either &#x2014; FAIR",https://fair.org/home/corporate-media-dont-understand-the-houthis-and-dont-want-you-to-either/,Matched: the houthis | signals: houthi,the houthis,houthi; topic:ARMEDCONFLICT; topic:ARREST; topic:INSURGENCY
alert,YEe.001,THE HOUTHIS,Yemen,0.60,,2026-10-04,antiwar.com,Riyadh-Based Yemeni Leader Announces Offensive Against Ansar Allah as Saudi Arabia Escalates Airstrikes,https://news.antiwar.com/2026/10/04/riyadh-based-yemeni-leader-announces-offensive-against-ansar-allah-as-saudi-arabia-escalates-airstrikes/,Matched: ansar allah | signals: yemen,ansar allah,topic:ARMEDCONFLICT; topic:KILL; topic:TAX_TERROR_GROUP
alert,YEe.001,THE HOUTHIS,Yemen,0.60,,2026-10-05,omanobserver.om,Saudi-led coalition says joined Yemen govt offensive against Ansar Allah,https://www.omanobserver.om/article/1197276/world/region/saudi-led-coalition-says-joined-yemen-govt-offensive-against-ansar-allah,Matched: ansar allah | signals: yemen,ansar allah,topic:ARMEDCONFLICT; topic:KILL; topic:REBELLION
alert,YEe.001,THE HOUTHIS,Yemen,0.60,,2026-09-18,jagran.com,"&#x939;&#x942;&#x924;&#x93F;&#x92F;&#x94B;&#x902; &#x915;&#x940; &#x924;&#x93E;&#x915;&#x924; &#x915;&#x948;&#x938;&#x947; &#x92C;&#x922;&#x93C;&#x940;, &#x915;&#x94D;&#x92F;&#x94B;&#x902; &#x930;&#x93F;&#x92F;&#x93E;&#x926; &#x915;&#x947; &#x932;&#x93F;&#x90F; &#x938;&#x92C;&#x938;&#x947; &#x92C;&#x921;&#x93C;&#x947; &#x938;&#x93F;&#x930;&#x926;&#x930;&#x94D;&#x926; &#x92C;&#x928;&#x947; &#x939;&#x941;&#x90F; &#x939;&#x948;&#x902; - how the houthis grew in strength and why they remain riyadh biggest headache",https://www.jagran.com/world/middle-east-how-the-houthis-grew-in-strength-and-why-they-remain-riyadh-biggest-headache-40377810.html,Matched: the houthis | signals: houthi,the houthis,houthi; topic:ARMEDCONFLICT; topic:REBELLION; topic:REBELS
borderline,CDi.007,THOMAS LUBANGA,DRC,0.30,,2026-08-27,mediacongo.net,Ituri : 9 anciens proches de Thomas Lubanga rentrent d'exil et appellent &#xE0; la paix,https://www.mediacongo.net/article-actualite-166833_ituri_9_anciens_proches_de_thomas_lubanga_rentrent_d_exil_et_appellent_a_la_paix.html,Name appears but nothing in the text corroborates it: thomas lubanga,thomas lubanga,topic:ARMEDCONFLICT; topic:KILL; topic:TAX_FNCACT_MILITARY_GOVERNOR
borderline,CDi.007,THOMAS LUBANGA,DRC,0.30,,2026-07-29,radiookapi.net,La milice CRP investit sans combats le village Lenga &#xE0; Djugu,https://www.radiookapi.net/2026/07/29/actualite/securite/la-milice-crp-investit-sans-combats-le-village-lenga-djugu,Name appears but nothing in the text corroborates it: thomas lubanga,thomas lubanga,adf; attaque; groupe arme; milice; topic:ARMEDCONFLICT; topic:MILITARY
borderline,CDi.007,THOMAS LUBANGA,DRC,0.30,,2026-07-29,allafrica.com,Congo-Kinshasa: La milice CRP investit sans combats le village Lenga &#xE0; Djugu,https://fr.allafrica.com/stories/202607290435.html,Name appears but nothing in the text corroborates it: thomas lubanga,thomas lubanga,groupe arme; milice; poursuiv; proces; topic:ARMEDCONFLICT; topic:MILITARY
borderline,CDi.007,THOMAS LUBANGA,DRC,0.30,,2026-08-04,radiookapi.net,Trois combattants de la milice CRP tu&#xE9;s lors d'affrontements avec les FARDC &#xE0; Djugu,https://www.radiookapi.net/2026/08/04/actualite/securite/trois-combattants-de-la-milice-crp-tues-lors-daffrontements-avec-les,Name appears but nothing in the text corroborates it: thomas lubanga,thomas lubanga,adf; attaque; groupe arme; milice; topic:ARMEDCONFLICT; topic:KILL
borderline,CDi.007,THOMAS LUBANGA,DRC,0.30,,2026-08-04,allafrica.com,Congo-Kinshasa: Trois combattants de la milice CRP tu&#xE9;s lors d'affrontements avec les FARDC &#xE0; Djugu,https://fr.allafrica.com/stories/202608040415.html,Name appears but nothing in the text corroborates it: thomas lubanga,thomas lubanga,attaque; groupe arme; milice; proces; topic:ARMEDCONFLICT; topic:KILL
borderline,CDi.007,THOMAS LUBANGA,DRC,0.30,,2026-08-09,radiookapi.net,Deux militaires des FARDC tu&#xE9;s dans une attaque attribu&#xE9;e aux miliciens de la CRP &#xE0; Djugu,https://www.radiookapi.net/2026/08/09/actualite/securite/deux-militaires-des-fardc-tues-dans-une-attaque-attribuee-aux,Name appears but nothing in the text corroborates it: thomas lubanga,thomas lubanga,adf; attaque; milice; topic:ARMEDCONFLICT; topic:KILL; topic:MILITARY
borderline,CDi.007,THOMAS LUBANGA,DRC,0.30,,2026-10-05,radiookapi.net,Des leaders communautaires appellent &#xE0; relancer le dialogue autour de l'accord d'Aru 2 en Ituri,https://www.radiookapi.net/2026/10/05/actualite/securite/des-leaders-communautaires-appellent-relancer-le-dialogue-autour-de,Name appears but nothing in the text corroborates it: thomas lubanga,thomas lubanga,adf; assassinat; attaque; proces; topic:ARMEDCONFLICT; topic:MILITARY
borderline,CDi.007,THOMAS LUBANGA,DRC,0.30,,2026-10-05,allafrica.com,Congo-Kinshasa: Des leaders communautaires appellent &#xE0; relancer le dialogue autour de l'accord d'Aru 2 en Ituri,https://fr.allafrica.com/stories/202610050687.html,Name appears but nothing in the text corroborates it: thomas lubanga,thomas lubanga,attaque; proces; topic:ARMEDCONFLICT; topic:MILITARY; topic:WB_2432_FRAGILITY_CONFLICT_AND_VIOLENCE
borderline,CFi.009,JOSEPH KONY,CAR,0.30,,2026-09-29,legallyindia.com,Joseph Kony 2012-A name that deserves to be famous.,https://www.legallyindia.com/Blogs/joseph-kony-2012-a-name-that-deserves-to-be-famous/,Name appears but nothing in the text corroborates it: joseph kony,joseph kony,arrest; evade; financ; indict; topic:ARREST; topic:KIDNAP
borderline,CFi.013,MARTIN KOUMTAMADJI,CAR,0.30,,2026-09-01,alwihdainfo.com,Proc&#xE8;s d'Abdoulaye Miskine &#xE0; N'Djamena : une audience marathon ax&#xE9;e sur les instructions,https://www.alwihdainfo.com/proces-dabdoulaye-miskine-a-ndjamena-une-audience-marathon-axee-sur-les-instructions/,Name appears but nothing in the text corroborates it: abdoulaye miskine,abdoulaye miskine,arrete; poursuiv; proces; topic:ARREST; topic:TRIAL
borderline,CFi.013,MARTIN KOUMTAMADJI,CAR,0.30,,2026-09-09,journaldebangui.com,Abdoulaye Miskine condamn&#xE9; &#xE0; 15 ans de prison - Journal de Bangui,https://www.journaldebangui.com/abdoulaye-miskine-condamne-a-15-ans-de-prison/,"Name appears but nothing in the text corroborates it: abdoulaye miskine, martin koumtamadji",abdoulaye miskine; martin koumtamadji,assassinat; condamn; enlev; poursuiv; topic:ARMEDCONFLICT; topic:ARREST
borderline,CFi.013,MARTIN KOUMTAMADJI,CAR,0.30,,2026-09-16,alwihdainfo.com,Affaire Abdoulaye Miskine : la d&#xE9;fense saisit la Cour supr&#xEA;me et alerte sur son &#xE9;tat de sant&#xE9;,https://www.alwihdainfo.com/affaire-abdoulaye-miskine-la-defense-saisit-la-cour-supreme-et-alerte-sur-son-etat-de-sante/,Name appears but nothing in the text corroborates it: abdoulaye miskine,abdoulaye miskine,condamn; interpell; poursuiv; proces; topic:ARMEDCONFLICT; topic:ARREST
borderline,HTe.001,GRAN GRIF,Haiti,0.30,,2026-10-01,pjmedia.com,Shield of the Americas in Action: 45 Tons of Drugs Headed for the United States,https://pjmedia.com/sarah-anderson/2026/09/30/45-tons-of-drugs-headed-for-the-united-states-n4957830,Name appears but nothing in the text corroborates it: gran grif,gran grif,financ; terror; topic:ARMEDCONFLICT; topic:MILITARY; topic:TAX_FNCACT_KILLERS; traffick
borderline,HTe.002,VIV ANSANM,Haiti,0.30,,2026-07-14,wallpaper.com,"Vibeke Tandberg, 'They Live', Bergen Art Museum: review",https://www.wallpaper.com/art/photography/vibeke-tandberg-they-live-bergen-art-museum-review,Name appears but nothing in the text corroborates it: living together,living together,topic:KILL
borderline,HTe.002,VIV ANSANM,Haiti,0.30,,2026-07-22,chronicle.lu,Luxembourg Airport Enhances Accessibility With New Passenger Lounge,https://www.chronicle.lu/category/luxembourg/62522-luxembourg-airport-enhances-accessibility-with-new-passenger-lounge,Name appears but nothing in the text corroborates it: living together,living together,topic:TAX_MILITARY_TITLE; topic:TAX_MILITARY_TITLE_OFFICER
borderline,HTe.002,VIV ANSANM,Haiti,0.30,,2026-08-03,dorsetecho.co.uk,Pictures as Love Portland Festival 2026 returns to island,https://www.dorsetecho.co.uk/news/26432180.pictures-love-portland-festival-2026-returns-island/,Name appears but nothing in the text corroborates it: living together,living together,topic:ARMEDCONFLICT
borderline,HTe.002,VIV ANSANM,Haiti,0.30,,2026-09-18,chronicle.lu,Luxembourg Reaffirms Dementia Prevention Efforts for World Alzheimer's Day,https://www.chronicle.lu/category/living-in-luxembourg/63470-luxembourg-reaffirms-dementia-prevention-efforts-for-world-alzheimers-day,Name appears but nothing in the text corroborates it: living together,living together,topic:WB_1484_EDUCATION_SKILLS_DEVELOPMENT_AND_LABOR_MARKET; topic:WB_2131_EMPLOYABILITY_SKILLS_AND_JOBS
borderline,HTe.002,VIV ANSANM,Haiti,0.30,,2026-09-22,sacbc.org.za,Statement by the Gauteng Interfaith Leadership Council (GILC),https://sacbc.org.za/statement-by-the-gauteng-interfaith-leadership-council-gilc/,Name appears but nothing in the text corroborates it: living together,living together,topic:KILL; topic:SECURITY_SERVICES; topic:WB_2432_FRAGILITY_CONFLICT_AND_VIOLENCE
borderline,HTi.001,JIMMY CHERIZIER,Haiti,0.30,,2026-10-05,wral.com,Are your taste buds ready for the ride? Liquid cotton candy and 80+ new foods at NC State Fair,https://www.wral.com/news/local/new-state-fair-foods-october-2026/,Name appears but nothing in the text corroborates it: barbeque,barbeque,topic:TAX_WEAPONS; topic:TAX_WEAPONS_BOMBS
borderline,IQi.060,SAMIRA SHAHBANDAR,Iraq,0.30,,2026-09-02,defenceweb.co.za,Chinese UCAVs at Chadian military base apparently being prepared for service,https://defenceweb.co.za/aerospace/aerospace-aerospace/chinese-ucavs-at-chadian-military-base-apparently-being-prepared-for-service/,Name appears but nothing in the text corroborates it: chadian,chadian,armed group; insurg; missile; proces; topic:ARMEDCONFLICT; topic:INSURGENCY
borderline,IRe.039,MAKIN,Iran,0.30,,2026-09-03,standardbredcanada.ca,Records Fall In Opening Week At Northville,https://standardbredcanada.ca/news/9-3-26/records-fall-opening-week-northville.html,Name appears but nothing in the text corroborates it: makin,makin,captur; topic:TAX_MILITARY_TITLE; topic:TAX_MILITARY_TITLE_CAPTAIN
borderline,IRi.039,QASEM SOLEIMANI,Iran,0.30,,2026-07-10,nypost.com,Israel warned US of new Iranian plot to kill Trump: report,https://nypost.com/2026/07/09/us-news/israel-warned-us-of-new-iranian-plot-to-kill-trump-report/,Name appears but nothing in the text corroborates it: qasem soleimani,qasem soleimani,assassinat; attack; kill; killed; topic:ARMEDCONFLICT; topic:ASSASSINATION
borderline,IRi.039,QASEM SOLEIMANI,Iran,0.30,,2026-07-10,politicalwire.com,Iran Is Seeing Through Trump's Bluff,https://politicalwire.com/2026/07/10/iran-is-seeing-through-trumps-bluff/,Name appears but nothing in the text corroborates it: qasem soleimani,qasem soleimani,assassinat; financ; nuclear; sanction; topic:ARMEDCONFLICT; topic:SANCTIONS
borderline,KPe.010,GREEN PINE ASSOCIATED CORPORATION,DPRK,0.30,,2026-09-12,houstonpress.com,Houston Ballet Opens Season With Big-Hearted Pecos Bill,https://www.houstonpress.com/arts/houston-ballet-opens-season-with-big-hearted-pecos-bill/,Name appears but nothing in the text corroborates it: jindallae,jindallae,arms; topic:KILL; topic:WB_1484_EDUCATION_SKILLS_DEVELOPMENT_AND_LABOR_MARKET; topic:WB_2131_EMPLOYABILITY_SKILLS_AND_JOBS
borderline,KPe.029,NATIONAL AEROSPACE TECHNOLOGY ADMINISTRATION,DPRK,0.30,,2026-08-20,malaysiakini.com,YOURSAY | China or Taiwan? Our foreign policy should be Malaysia first,https://www.malaysiakini.com/news/782586,Name appears but nothing in the text corroborates it: nada,nada,attack; topic:ARMEDCONFLICT; topic:WB_2432_FRAGILITY_CONFLICT_AND_VIOLENCE
borderline,KPe.029,NATIONAL AEROSPACE TECHNOLOGY ADMINISTRATION,DPRK,0.30,,2026-09-27,countercurrents.org,"Kindness & Truth Versus Trump: Existential Nuclear, Climate, AI, Genocide & Annihilation Threats",https://countercurrents.org/2026/09/kindness-truth-versus-trump-existential-nuclear-climate-ai-genocide-annihilation-threats/,Name appears but nothing in the text corroborates it: nada,nada,arrest; attack; bombing; captur; nuclear; topic:ARMEDCONFLICT
borderline,KPe.030,OFFICE 39,DPRK,0.30,,2026-07-27,screenrant.com,"10 Most Ambitious Movies Of All Time, Ranked",https://screenrant.com/most-ambitious-movies-all-time-ranked/,Name appears but nothing in the text corroborates it: third floor,third floor,captur; proces; topic:KILL; wanted
borderline,KPe.030,OFFICE 39,DPRK,0.30,,2026-09-11,indiankanoon.org,"Anil Kumar & Anr vs Rangi Lal on 10 September, 2026",https://indiankanoon.org/doc/144310760/,Name appears but nothing in the text corroborates it: third floor,third floor,financ; proces; topic:ARREST; topic:KILL; topic:SECURITY_SERVICES; trial
borderline,KPe.030,OFFICE 39,DPRK,0.30,,2026-09-22,2merkato.com,B Safe Safety and Health Quality Management System Consultancy,https://www.2merkato.com/directory/40591-b-safe-safety-and-health-quality-management-system-consultancy,Name appears but nothing in the text corroborates it: third floor,third floor,topic:ARMEDCONFLICT
borderline,KPe.030,OFFICE 39,DPRK,0.30,,2026-10-05,lawyersweekly.com.au,Remembering Elysha: Barrister puts pen to paper to navigate wife's death,https://www.lawyersweekly.com.au/biglaw/45141-remembering-elysha-barrister-puts-pen-to-paper-to-navigate-wife-s-death,Name appears but nothing in the text corroborates it: third floor,third floor,proces; topic:TRIAL
borderline,KPe.046,STRATEGIC ROCKET FORCE OF THE KOREAN PEOPLE’S ARMY,DPRK,0.30,,2026-08-20,moneycontrol.com,"Pakistan's new power duo: Aamer Raza, 2nd most powerful figure after Asim Munir, takes charge of strategic forces. Why India should watch",https://www.moneycontrol.com/world/pakistan-s-new-power-duo-aamer-raza-2nd-most-powerful-figure-after-asim-munir-takes-charge-of-strategic-forces-why-india-should-watch-article-14011802.html,Name appears but nothing in the text corroborates it: strategic forces,strategic forces,arrest; financ; houthi; missile; topic:MILITARY; topic:TAX_MILITARY_TITLE
borderline,KPe.046,STRATEGIC ROCKET FORCE OF THE KOREAN PEOPLE’S ARMY,DPRK,0.30,,2026-07-21,idrw.org,Exclusive: Calls Grow for India to Develop a Nuclear Survivable Airborne Command Post,https://idrw.org/exclusive-calls-grow-for-india-to-develop-a-nuclear-survivable-airborne-command-post/,Name appears but nothing in the text corroborates it: strategic forces,strategic forces,attack; missile; nuclear; proces; topic:ARMEDCONFLICT; topic:MILITARY
borderline,KPe.046,STRATEGIC ROCKET FORCE OF THE KOREAN PEOPLE’S ARMY,DPRK,0.30,,2026-07-30,montrealgazette.com,Canada's Willis College Launches DND-funded Military Cybersecurity Initiative in Jordan,https://montrealgazette.com/press-releases/pr-newswire/canadas-willis-college-launches-dnd-funded-military-cybersecurity-initiative-in-jordan/,Name appears but nothing in the text corroborates it: strategic force,strategic force,topic:ARMEDCONFLICT; topic:MILITARY_COOPERATION; topic:TAX_FNCACT_MILITARY_PERSONNEL
borderline,KPi.024,KIM YONG CHOL,DPRK,0.30,,2026-08-31,indiatimes.com,Colony (2026) ending explained: Does Kwon Se-jeong finally stop the zombie hive-mind and what happened to Seo Young-chul?,https://www.indiatimes.com/trending/colony-2026-ending-explained-does-kwon-se-jeong-finally-stop-the-zombie-hive-mind-and-what-happened-to-seo-young-chul/articleshow/133636721.html,Name appears but nothing in the text corroborates it: young chul,young chul,attack; kill; killed; terror; topic:EXTREMISM; topic:KILL
borderline,KPi.024,KIM YONG CHOL,DPRK,0.30,,2026-09-18,koreatimes.co.kr,"Toxic humidifier survivors face daily struggles, discrimination",https://www.koreatimes.co.kr/southkorea/society/20260919/toxic-humidifier-survivors-face-daily-struggles-discrimination,Name appears but nothing in the text corroborates it: young chul,young chul,attack; suicide; topic:KILL; topic:WB_1484_EDUCATION_SKILLS_DEVELOPMENT_AND_LABOR_MARKET; topic:WB_2131_EMPLOYABILITY_SKILLS_AND_JOBS; wanted
borderline,QDe.006,ARMED ISLAMIC GROUP,Al-Qaida,0.30,,2026-09-16,globalcement.com,GCW777 - Cement Sector News - Global Cement,https://www.globalcement.com/news/tags/gcw777,Name appears but nothing in the text corroborates it: gia,gia,attack; captur; financ; missile; topic:ARREST; topic:KILL
borderline,QDe.008,HARAKAT UL-MUJAHIDIN / HUM,Al-Qaida,0.30,,2026-07-27,globaltimes.cn,"Exclusive: At MAZU's 'birthplace,' exploring how China's intelligent meteorological solution delivers inclusive early warnings worldwide",https://www.globaltimes.cn/page/202607/1366934.shtml,Name appears but nothing in the text corroborates it: hua,hua,proces; topic:ARMEDCONFLICT; topic:WB_1484_EDUCATION_SKILLS_DEVELOPMENT_AND_LABOR_MARKET; topic:WB_2131_EMPLOYABILITY_SKILLS_AND_JOBS
borderline,QDe.008,HARAKAT UL-MUJAHIDIN / HUM,Al-Qaida,0.30,,2026-10-01,artforum.com,Bronner Family of Collectors Awarded Art Cologne Prize,https://www.artforum.com/news/bronner-family-collectors-awarded-art-cologne-prize-1234760585/,Name appears but nothing in the text corroborates it: al hadid,al hadid,financ; proces; topic:KILL
borderline,QDe.015,WAFA HUMANITARIAN ORGANIZATION,Al-Qaida,0.30,,2026-09-01,countercurrents.org,On the Dialectical Becoming of the Medium of Exchange,https://countercurrents.org/2026/09/on-the-dialectical-becoming-of-the-medium-of-exchange/,Name appears but nothing in the text corroborates it: al wafa,al wafa,arrest; attack; designat; killing; topic:ARREST; topic:KILL
borderline,QDe.092,JEMAAH ISLAMIYAH,Al-Qaida,0.30,,2026-07-18,thestar.com.my,Negri polls: Fair weather sets stage for nomination process,https://www.thestar.com.my/news/nation/2026/07/18/negri-polls-fair-weather-sets-stage-for-nomination-process,Name appears but nothing in the text corroborates it: jemaah islamiah,jemaah islamiah,arrest; charged; proces; topic:SECURITY_SERVICES; topic:TAX_FNCACT_MILITARY_PERSONNEL; topic:TAX_TERROR_GROUP
borderline,QDe.092,JEMAAH ISLAMIYAH,Al-Qaida,0.30,,2026-07-18,thestar.com.my,"No nomination papers rejected for Negri polls, says EC",https://www.thestar.com.my/news/nation/2026/07/18/no-nomination-papers-rejected-for-negri-polls-says-ec,Name appears but nothing in the text corroborates it: jemaah islamiah,jemaah islamiah,arrest; charged; proces; topic:TAX_TERROR_GROUP; topic:TAX_TERROR_GROUP_BERSATU
borderline,QDe.107,AL FURQAN,Al-Qaida,0.30,,2026-07-31,liputan6.com,6 Doa untuk Mempertahankan Rumah Tangga saat Banyak Ujian agar Kembali Harmonis,https://www.liputan6.com/islami/read/8256944/6-doa-untuk-mempertahankan-rumah-tangga-saat-banyak-ujian-agar-kembali-harmonis,Name appears but nothing in the text corroborates it: al furqan,al furqan,topic:WB_2432_FRAGILITY_CONFLICT_AND_VIOLENCE; topic:WB_2433_CONFLICT_AND_VIOLENCE
borderline,QDe.107,AL FURQAN,Al-Qaida,0.30,,2026-08-06,liputan6.com,"7 Doa Agar Anak menjadi Saleh dan Berbakti kepada Orang Tua, Invetasi Terbaik Dunia dan Akhirat",https://www.liputan6.com/islami/read/8261365/7-doa-agar-anak-menjadi-saleh-dan-berbakti-kepada-orang-tua-invetasi-terbaik-dunia-dan-akhirat,Name appears but nothing in the text corroborates it: al furqan,al furqan,topic:KILL
borderline,QDe.107,AL FURQAN,Al-Qaida,0.30,,2026-08-10,liputan6.com,"Kumpulan Doa Memohon Cinta dan Kasih Sayang dalam Rumah Tangga, Harmonis hingga Tutup Usia",https://www.liputan6.com/islami/read/8264317/kumpulan-doa-memohon-cinta-dan-kasih-sayang-dalam-rumah-tangga-harmonis-hingga-tutup-usia,Name appears but nothing in the text corroborates it: al furqan,al furqan,senjata; topic:ARMEDCONFLICT; topic:WB_2432_FRAGILITY_CONFLICT_AND_VIOLENCE
borderline,QDe.107,AL FURQAN,Al-Qaida,0.30,,2026-08-19,liputan6.com,"Bacaan dan Arti Doa Rabbana Hablana Min Azwajina Wa Dzurriyyatina Qurrata A'yun Lengkap, Kunci Keluarga Bahagia",https://www.liputan6.com/islami/read/8271518/bacaan-dan-arti-doa-rabbana-hablana-min-azwajina-wa-dzurriyyatina-qurrata-ayun-lengkap-kunci-keluarga-bahagia,Name appears but nothing in the text corroborates it: al furqan,al furqan,topic:KILL
borderline,QDe.107,AL FURQAN,Al-Qaida,0.30,,2026-09-18,liputan6.com,"7 Ayat Al-Qur'an untuk Dibaca saat Menghadapi Masalah, Simak Adab dan Waktu Terbaiknya",https://www.liputan6.com/islami/read/8293621/7-ayat-al-quran-untuk-dibaca-saat-menghadapi-masalah-simak-adab-dan-waktu-terbaiknya,Name appears but nothing in the text corroborates it: al furqan,al furqan,senjata; topic:WB_1484_EDUCATION_SKILLS_DEVELOPMENT_AND_LABOR_MARKET; topic:WB_2131_EMPLOYABILITY_SKILLS_AND_JOBS; topic:WB_2432_FRAGILITY_CONFLICT_AND_VIOLENCE
borderline,QDe.107,AL FURQAN,Al-Qaida,0.30,,2026-09-20,viva.co.id,"Menikah dengan Amanda Rigby, Andre Taulany: Semua Ketetapan Milik Allah",https://www.viva.co.id/gaya-hidup/showbiz/1929867-menikah-dengan-amanda-rigby-andre-taulany-semua-ketetapan-milik-allah,Name appears but nothing in the text corroborates it: al furqan,al furqan,houthi; topic:KILL
borderline,QDe.107,AL FURQAN,Al-Qaida,0.30,,2026-09-27,liputan6.com,"7 Ayat Al-Quran Tentang Perintah Berdoa, Tafsir dan Keutamaannya",https://www.liputan6.com/islami/read/8300134/7-ayat-al-quran-tentang-perintah-berdoa-tafsir-dan-keutamaannya,Name appears but nothing in the text corroborates it: al furqan,al furqan,senjata; topic:SECURITY_SERVICES
borderline,QDe.107,AL FURQAN,Al-Qaida,0.30,,2026-10-02,liputan6.com,"Arti Surat Al-Baqarah Ayat 186, Menyelami Makna Allah Dekat dengan Hamba-Nya",https://www.liputan6.com/islami/read/8302618/arti-surat-al-baqarah-ayat-186-menyelami-makna-allah-dekat-dengan-hamba-nya,Name appears but nothing in the text corroborates it: al furqan,al furqan,topic:SECURITY_SERVICES
borderline,QDe.115,AL-QAIDA IN IRAQ,Al-Qaida,0.30,,2026-08-10,qatar-tribune.com,Education ministry concludes international student programmes in Medina and Bosnia and Herzegovina,https://www.qatar-tribune.com/article/248171/latest-news/education-ministry-concludes-international-student-programmes-in-medina-and-bosnia-and-herzegovina,Name appears but nothing in the text corroborates it: al tawhid,al tawhid,topic:WB_1484_EDUCATION_SKILLS_DEVELOPMENT_AND_LABOR_MARKET; topic:WB_2131_EMPLOYABILITY_SKILLS_AND_JOBS
borderline,QDe.115,AL-QAIDA IN IRAQ,Al-Qaida,0.30,,2026-08-11,thepeninsulaqatar.com,MoEHE enhances student learning through two international summer programmes,http://thepeninsulaqatar.com/article/11/08/2026/moehe-enhances-student-learning-through-two-international-summer-programmes,Name appears but nothing in the text corroborates it: al tawhid,al tawhid,proces; topic:WB_1484_EDUCATION_SKILLS_DEVELOPMENT_AND_LABOR_MARKET; topic:WB_2131_EMPLOYABILITY_SKILLS_AND_JOBS
borderline,QDe.115,AL-QAIDA IN IRAQ,Al-Qaida,0.30,,2026-08-22,miragenews.com,Liverpool City Councillor Peter Ristevski Joins Family First,https://www.miragenews.com/liverpool-city-councillor-peter-ristevski-joins-1731523/,Name appears but nothing in the text corroborates it: al tawhid,al tawhid,topic:TAX_TERROR_GROUP; topic:TAX_TERROR_GROUP_ALTAWHID
borderline,QDe.135,ANSAR EDDINE,Al-Qaida,0.30,,2026-07-25,alakhbar.info,&#x645;&#x627;&#x644;&#x64A;: &#x646;&#x646;&#x62A;&#x638;&#x631; &#x625;&#x628;&#x644;&#x627;&#x63A;&#x627; &#x631;&#x633;&#x645;&#x64A;&#x627; &#x628;&#x62E;&#x635;&#x648;&#x635; &#x627;&#x644;&#x639;&#x645;&#x644;&#x64A;&#x629; &#x627;&#x644;&#x639;&#x633;&#x643;&#x631;&#x64A;&#x629; &#x627;&#x644;&#x62A;&#x64A; &#x62A;&#x62D;&#x62F;&#x62B; &#x639;&#x646;&#x647;&#x627; &#x627;&#x644;&#x625;&#x639;&#x644;&#x627;&#x645; &#x627;&#x644;&#x623;&#x645;&#x631;&#x64A;&#x643;&#x64A;,https://www.alakhbar.info/6a63f168f98d170001b21d2b/,Name appears but nothing in the text corroborates it: انصار الدين,انصار الدين,topic:ARMEDCONFLICT; topic:INSURGENCY; topic:SECURITY_SERVICES; ارهاب; ارهابي; القاعدة
borderline,QDe.135,ANSAR EDDINE,Al-Qaida,0.30,,2026-09-12,aletihad.ae,11 &#x633;&#x628;&#x62A;&#x645;&#x628;&#x631; &#x628;&#x639;&#x62F; &#x631;&#x628;&#x639; &#x642;&#x631;&#x646;,https://www.aletihad.ae/opinion/4691570/11-%D8%B3%D8%A8%D8%AA%D9%85%D8%A8%D8%B1-%D8%A8%D8%B9%D8%AF-%D8%B1%D8%A8%D8%B9-%D9%82%D8%B1%D9%86,Name appears but nothing in the text corroborates it: انصار الدين,انصار الدين,topic:ARMEDCONFLICT; topic:EXTREMISM; topic:KILL; ارهاب; ارهابي; القاعدة
borderline,QDe.135,ANSAR EDDINE,Al-Qaida,0.30,,2026-09-24,akhbarona.com,&#x62A;&#x642;&#x631;&#x64A;&#x631; &#x635;&#x627;&#x62F;&#x645; &#x644;&#x644;&#x645;&#x62C;&#x644;&#x633; &#x627;&#x644;&#x648;&#x637;&#x646;&#x64A; &#x644;&#x62D;&#x642;&#x648;&#x642; &#x627;&#x644;&#x625;&#x646;&#x633;&#x627;&#x646; &#x62D;&#x648;&#x644; &#x627;&#x633;&#x62A;&#x63A;&#x644;&#x627;&#x644; &#x627;&#x644;&#x62F;&#x64A;&#x646; &#x641;&#x64A; &#x627;&#x644;&#x62D;&#x645;&#x644;&#x627;&#x62A; &#x627;&#x644;&#x627;&#x646;&#x62A;&#x62E;&#x627;&#x628;&#x64A;&#x629;,https://www.akhbarona.com/national/433001.html,Name appears but nothing in the text corroborates it: انصار الدين,انصار الدين,topic:ARMEDCONFLICT; topic:TAX_TERROR_GROUP; topic:TAX_TERROR_GROUP_ANSAR_DINE
borderline,QDe.135,ANSAR EDDINE,Al-Qaida,0.30,,2026-09-24,cawalisse.com,"&#x645;&#x62C;&#x644;&#x633; &#x62D;&#x642;&#x648;&#x642; &#x627;&#x644;&#x625;&#x646;&#x633;&#x627;&#x646;: &#x62A;&#x648;&#x638;&#x64A;&#x641; &#x62E;&#x637;&#x64A;&#x631; &#x644;&#x644;&#x62E;&#x637;&#x627;&#x628; &#x627;&#x644;&#x62F;&#x64A;&#x646;&#x64A; &#x648;""&#x627;&#x644;&#x62C;&#x646;&#x629; &#x648;&#x627;&#x644;&#x646;&#x627;&#x631;"" &#x641;&#x64A; &#x627;&#x644;&#x62D;&#x645;&#x644;&#x629; &#x627;&#x644;&#x627;&#x646;&#x62A;&#x62E;&#x627;&#x628;&#x64A;&#x629;",https://www.cawalisse.com/240873/,Name appears but nothing in the text corroborates it: انصار الدين,انصار الدين,topic:ARMEDCONFLICT; topic:TAX_TERROR_GROUP; topic:TAX_TERROR_GROUP_ANSAR_DINE; مجلس الامن; مسلح
borderline,QDe.138,JAMA'ATU AHLIS SUNNA LIDDA'AWATI WAL-JIHAD,Al-Qaida,0.30,,2026-07-11,leadership.ng,"Boko Haram Used AI Chatbots, Movies To Refine Attack Tactics, Report Says",https://leadership.ng/boko-haram-used-ai-chatbots-movies-to-refine-attack-tactics-report-says/,Name appears but nothing in the text corroborates it: boko haram,boko haram,attack; boko haram; topic:EXTREMISM; topic:INSURGENCY; topic:KILL
borderline,QDe.138,JAMA'ATU AHLIS SUNNA LIDDA'AWATI WAL-JIHAD,Al-Qaida,0.30,,2026-07-11,promptnewsonline.com,"Report links Boko Haram's growing use of AI to bomb making, attack planning",https://promptnewsonline.com/report-links-boko-harams-growing-use-of-ai-to-bomb-making-attack-planning/,Name appears but nothing in the text corroborates it: boko haram,boko haram,attack; boko haram; bomb; explosive; topic:ARMEDCONFLICT; topic:EXTREMISM
borderline,QDe.138,JAMA'ATU AHLIS SUNNA LIDDA'AWATI WAL-JIHAD,Al-Qaida,0.30,,2026-07-12,opinionnigeria.com,"NYT Report: Boko Haram Used AI Tools to Improve Bomb-Making, Operations",https://www.opinionnigeria.com/report-boko-haram-exploited-ai-tools-to-improve-bomb-making-operations/,Name appears but nothing in the text corroborates it: boko haram,boko haram,boko haram; bomb; topic:INSURGENCY; topic:KILL; topic:SOC_POINTSOFINTEREST_MILITARY_BASE
borderline,QDe.138,JAMA'ATU AHLIS SUNNA LIDDA'AWATI WAL-JIHAD,Al-Qaida,0.30,,2026-07-12,tribuneonlineng.com,"Borno residents, youths rally behind security agencies against Boko Haram, kidnapping",https://tribuneonlineng.com/borno-residents-youths-rally-behind-security-agencies-against-boko-haram-kidnapping/,Name appears but nothing in the text corroborates it: boko haram,boko haram,boko haram; kidnap; topic:ARMEDCONFLICT; topic:INSURGENCY; topic:KIDNAP
borderline,QDe.138,JAMA'ATU AHLIS SUNNA LIDDA'AWATI WAL-JIHAD,Al-Qaida,0.30,,2026-07-12,leadership.ng,"No Info About Our 78 Children Kidnapped By Boko Haram Weeks Ago, Parents Lament",https://leadership.ng/no-info-about-our-78-children-kidnapped-by-boko-haram-weeks-ago-parents-lament/,Name appears but nothing in the text corroborates it: boko haram,boko haram,boko haram; kidnap; topic:ARMEDCONFLICT; topic:KIDNAP; topic:KILL
borderline,QDe.138,JAMA'ATU AHLIS SUNNA LIDDA'AWATI WAL-JIHAD,Al-Qaida,0.30,,2026-07-12,newsghana.com.gh,Boko Haram Built Dedicated Units for AI Use,https://www.newsghana.com.gh/boko-haram-built-dedicated-units-for-ai-use/,Name appears but nothing in the text corroborates it: boko haram,boko haram,boko haram; topic:ARMEDCONFLICT; topic:EXTREMISM; topic:INSURGENCY
borderline,QDe.138,JAMA'ATU AHLIS SUNNA LIDDA'AWATI WAL-JIHAD,Al-Qaida,0.30,,2026-07-13,blueprint.ng,"Boko Haram used ChatGPT, other AI tools to plan attacks, build bombs - Report",https://blueprint.ng/boko-haram-used-chatgpt-other-ai-tools-to-plan-attacks-build-bombs-report/,Name appears but nothing in the text corroborates it: boko haram,boko haram,attack; boko haram; topic:ARMEDCONFLICT; topic:EXTREMISM; topic:INSURGENCY
borderline,QDe.138,JAMA'ATU AHLIS SUNNA LIDDA'AWATI WAL-JIHAD,Al-Qaida,0.30,,2026-07-14,opinionnigeria.com,Boko Haram: Rehabilitation Without Justice Undermines Public Confidence -By Comrade Yekini Lukmon R. Afolabi,https://www.opinionnigeria.com/boko-haram-rehabilitation-without-justice-undermines-public-confidence-by-comrade-yekini-lukmon-r-afolabi/,Name appears but nothing in the text corroborates it: boko haram,boko haram,boko haram; topic:INSURGENCY; topic:TAX_FNCACT_INSURGENT; topic:TAX_FNCACT_INSURGENTS
borderline,QDe.138,JAMA'ATU AHLIS SUNNA LIDDA'AWATI WAL-JIHAD,Al-Qaida,0.30,,2026-07-16,africa.com,Boko Haram's AI Use Signals Wider Security Threat,https://www.africa.com/top-10-news/boko-harams-ai-use-signals-wider-security-threat,Name appears but nothing in the text corroborates it: boko haram,boko haram,boko haram; topic:ARMEDCONFLICT; topic:TAX_TERROR_GROUP; topic:TAX_TERROR_GROUP_BOKO_HARAM
borderline,QDe.138,JAMA'ATU AHLIS SUNNA LIDDA'AWATI WAL-JIHAD,Al-Qaida,0.30,,2026-07-22,thesun.ng,Ndume denies acting as ransom intermediary for Boko Haram,https://thesun.ng/ndume-denies-acting-as-ransom-intermediary-for-boko-haram/,Name appears but nothing in the text corroborates it: boko haram,boko haram,attack; boko haram; insurg; kidnap; topic:ARMEDCONFLICT; topic:INSURGENCY
borderline,QDe.138,JAMA'ATU AHLIS SUNNA LIDDA'AWATI WAL-JIHAD,Al-Qaida,0.30,,2026-07-22,tribuneonlineng.com,"Troops foil Boko Haram extortion mission, kill suspect in Yobe",https://tribuneonlineng.com/troops-foil-boko-haram-extortion-mission-kill-suspect-in-yobe/,Name appears but nothing in the text corroborates it: boko haram,boko haram,boko haram; kill; topic:ARMEDCONFLICT; topic:INSURGENCY; topic:KILL
borderline,QDe.138,JAMA'ATU AHLIS SUNNA LIDDA'AWATI WAL-JIHAD,Al-Qaida,0.30,,2026-07-22,dailytrust.com,Killing of photographer: We've degraded Boko Haram's propaganda machinery &#x2013; Troops &#x2013; Daily Trust,https://dailytrust.com/killing-of-photographer-weve-degraded-boko-harams-propaganda-machinery-troops/,Name appears but nothing in the text corroborates it: boko haram,boko haram,arrest; attack; boko haram; extremis; killing; topic:ARMEDCONFLICT
borderline,QDe.138,JAMA'ATU AHLIS SUNNA LIDDA'AWATI WAL-JIHAD,Al-Qaida,0.30,,2026-07-22,punchng.com,Boko Haram recruits kidnapped children when fighters deplete,https://punchng.com/boko-haram-recruits-kidnapped-children-when-fighters-are-depleted-says-bwala/,Name appears but nothing in the text corroborates it: boko haram,boko haram,attack; boko haram; insurg; kidnap; topic:ARMEDCONFLICT; topic:INSURGENCY
borderline,QDe.138,JAMA'ATU AHLIS SUNNA LIDDA'AWATI WAL-JIHAD,Al-Qaida,0.30,,2026-07-25,thecable.ng,Ndume: I have never been an intermediary for Boko Haram,https://www.thecable.ng/ndume-i-have-never-been-an-intermediary-for-boko-haram/,Name appears but nothing in the text corroborates it: boko haram,boko haram,boko haram; topic:ARMEDCONFLICT; topic:ARREST; topic:INSURGENCY
borderline,QDe.138,JAMA'ATU AHLIS SUNNA LIDDA'AWATI WAL-JIHAD,Al-Qaida,0.30,,2026-07-25,punchng.com,"Gumi Questions Lack of Dialogue with Boko Haram, Bandits",https://punchng.com/wholl-visit-boko-haram-bandits-like-jonathan-osinbajo-visited-militants-gumi/,Name appears but nothing in the text corroborates it: boko haram,boko haram,armed group; attack; boko haram; kidnap; topic:ARMEDCONFLICT; topic:KIDNAP
borderline,QDe.138,JAMA'ATU AHLIS SUNNA LIDDA'AWATI WAL-JIHAD,Al-Qaida,0.30,,2026-07-25,naija247news.com,"Gumi Questions Absence Of Dialogue With Boko Haram, Bandits, Cites Niger Delta Peace Model",https://naija247news.com/gumi-questions-absence-of-dialogue-with-boko-haram-bandits-cites-niger-delta-peace-model/,Name appears but nothing in the text corroborates it: boko haram,boko haram,boko haram; topic:ARMEDCONFLICT; topic:INSURGENCY; topic:KIDNAP
borderline,QDe.138,JAMA'ATU AHLIS SUNNA LIDDA'AWATI WAL-JIHAD,Al-Qaida,0.30,,2026-07-25,dailytrust.com,"Gumi: Jonathan, Osinbajo met with Militants, Who will Engage Boko Haram? &#x2013; Daily Trust",https://dailytrust.com/gumi-jonathan-osinbajo-met-with-militants-who-will-engage-boko-haram/,Name appears but nothing in the text corroborates it: boko haram,boko haram,armed group; arms; arrest; attack; boko haram; militan
borderline,QDe.138,JAMA'ATU AHLIS SUNNA LIDDA'AWATI WAL-JIHAD,Al-Qaida,0.30,,2026-07-25,tribuneonlineng.com,"Sheikh Gumi: Who will visit, tame Boko Haram, bandits like Jonathan did for militants?",https://tribuneonlineng.com/sheikh-gumi-who-will-visit-tame-boko-haram-bandits-like-jonathan-did-for-militants/,Name appears but nothing in the text corroborates it: boko haram,boko haram,boko haram; militan; topic:ARMEDCONFLICT; topic:INSURGENCY; topic:TAX_FNCACT_INSURGENTS
borderline,QDe.138,JAMA'ATU AHLIS SUNNA LIDDA'AWATI WAL-JIHAD,Al-Qaida,0.30,,2026-07-26,saharareporters.com,"Sheikh Gumi Questions Why No Tinubu Govt Official Has Visited Boko Haram, Bandits For Peace Talks Like Jonathan, Osinbajo Did With Niger Delta Militants",https://saharareporters.com/2026/07/25/sheikh-gumi-questions-why-no-tinubu-govt-official-has-visited-boko-haram-bandits-peace,Name appears but nothing in the text corroborates it: boko haram,boko haram,boko haram; militan; topic:ARMEDCONFLICT; topic:INSURGENCY; topic:KIDNAP
borderline,QDe.138,JAMA'ATU AHLIS SUNNA LIDDA'AWATI WAL-JIHAD,Al-Qaida,0.30,,2026-07-27,scidev.net,Boko Haram conflict zone hides huge bird haven,https://www.scidev.net/global/news/boko-haram-conflict-zone-hides-huge-bird-haven-study/,Name appears but nothing in the text corroborates it: boko haram,boko haram,boko haram; captur; insurg; militan; topic:ARMEDCONFLICT; topic:INSURGENCY
borderline,QDe.138,JAMA'ATU AHLIS SUNNA LIDDA'AWATI WAL-JIHAD,Al-Qaida,0.30,,2026-07-29,tribuneonlineng.com,"DSS arraigns man for allegedly providing financial services to ISWAP, Boko Haram",https://tribuneonlineng.com/dss-arraigns-man-for-allegedly-providing-financial-services-to-iswap-boko-haram/,Name appears but nothing in the text corroborates it: boko haram,boko haram,boko haram; financ; topic:ARMEDCONFLICT; topic:ARREST; topic:KIDNAP
borderline,QDe.138,JAMA'ATU AHLIS SUNNA LIDDA'AWATI WAL-JIHAD,Al-Qaida,0.30,,2026-07-30,saharareporters.com,"BREAKING: Leaked DSS Memo Warns Of Planned Boko Haram Attack, Kidnapping Of Pastors, District Heads, Govt Officials In Adamawa, Borno",https://saharareporters.com/2026/07/29/breaking-leaked-dss-memo-warns-planned-boko-haram-attack-kidnapping-pastors-district,Name appears but nothing in the text corroborates it: boko haram,boko haram,attack; boko haram; kidnap; topic:ARMEDCONFLICT; topic:INSURGENCY; topic:KIDNAP
borderline,QDe.138,JAMA'ATU AHLIS SUNNA LIDDA'AWATI WAL-JIHAD,Al-Qaida,0.30,,2026-07-30,thecable.ng,"Leaked DSS memo warns of planned Boko Haram attacks in Adamawa, Borno",https://www.thecable.ng/leaked-dss-memo-warns-of-planned-boko-haram-attacks-in-adamawa-borno/,Name appears but nothing in the text corroborates it: boko haram,boko haram,attack; boko haram; topic:ARMEDCONFLICT; topic:KIDNAP; topic:TAX_TERROR_GROUP
borderline,QDe.138,JAMA'ATU AHLIS SUNNA LIDDA'AWATI WAL-JIHAD,Al-Qaida,0.30,,2026-07-31,thecable.ng,Troops rescue 20-year-old woman held by Boko Haram for five years in Borno,https://www.thecable.ng/troops-rescue-20-year-old-woman-held-by-boko-haram-for-five-years-in-borno/,Name appears but nothing in the text corroborates it: boko haram,boko haram,boko haram; topic:ARMEDCONFLICT; topic:ARREST; topic:INSURGENCY
borderline,QDe.138,JAMA'ATU AHLIS SUNNA LIDDA'AWATI WAL-JIHAD,Al-Qaida,0.30,,2026-08-01,arabnews.com,Boko Haram ambush kills 10 soldiers in southeastern Niger,https://www.arabnews.com/node/2653054/world,Name appears but nothing in the text corroborates it: boko haram,boko haram,boko haram; topic:ARMEDCONFLICT; topic:INSURGENCY; topic:JIHAD
borderline,QDe.138,JAMA'ATU AHLIS SUNNA LIDDA'AWATI WAL-JIHAD,Al-Qaida,0.30,,2026-08-03,tribuneonlineng.com,"Borno versity VC wins award for expanding admission, curbing Boko Haram recruitment",https://tribuneonlineng.com/borno-versity-vc-wins-award-for-expanding-admission-curbing-boko-haram-recruitment/,Name appears but nothing in the text corroborates it: boko haram,boko haram,boko haram; topic:INSURGENCY; topic:TAX_MILITARY_TITLE; topic:TAX_MILITARY_TITLE_OFFICER
borderline,QDe.138,JAMA'ATU AHLIS SUNNA LIDDA'AWATI WAL-JIHAD,Al-Qaida,0.30,,2026-08-06,leadership.ng,More Boko Haram Family Members Surrender In North East,https://leadership.ng/more-boko-haram-family-members-surrender-in-north-east/,Name appears but nothing in the text corroborates it: boko haram,boko haram,boko haram; topic:ARMEDCONFLICT; topic:ARREST; topic:TAX_MILITARY_TITLE
borderline,QDe.141,AL MOURABITOUN,Al-Qaida,0.30,,2026-07-21,hellomagazine.com,Viewers binge-watch BBC's 'wild' period drama The Sentinels,https://www.hellomagazine.com/film/913921/viewers-binge-watch-wild-bbc-drama-the-sentinels/,"Name appears but nothing in the text corroborates it: les sentinelles, the sentinels",les sentinelles; the sentinels,explosive; topic:ARMEDCONFLICT; topic:MILITARY; topic:TAX_MILITARY_TITLE; weapon
borderline,QDe.141,AL MOURABITOUN,Al-Qaida,0.30,,2026-07-17,digitalspy.com,"""Wild"" wartime drama ""that really grips"" leading BBC Top 10 charts is the show to binge this weekend",https://www.digitalspy.com/tv/a72821947/the-sentinels-bbc-top-ten-charts/,"Name appears but nothing in the text corroborates it: les sentinelles, the sentinels",les sentinelles; the sentinels,topic:ARMEDCONFLICT; topic:MILITARY; topic:TAX_MILITARY_TITLE
borderline,QDe.141,AL MOURABITOUN,Al-Qaida,0.30,,2026-07-23,aol.co.uk,'Brilliant' BBC war drama 'drenched in adrenaline' that's your next binge,https://www.aol.co.uk/articles/brilliant-bbc-war-drama-drenched-151343000.html,"Name appears but nothing in the text corroborates it: les sentinelles, the sentinels",les sentinelles; the sentinels,topic:ARMEDCONFLICT; topic:MILITARY; topic:TAX_MILITARY_TITLE; weapon
borderline,QDe.141,AL MOURABITOUN,Al-Qaida,0.30,,2026-07-23,express.co.uk,'Dark and unforgettable' thriller that's ideal for Peaky Blinders fans | TV & Radio | Showbiz & TV,https://www.express.co.uk/showbiz/tv-radio/2232357/sentinels-french-wwi-sci-fi-drama-bbc-iplayer-praised-absolutely-brilliant,"Name appears but nothing in the text corroborates it: les sentinelles, the sentinels",les sentinelles; the sentinels,topic:ARMEDCONFLICT; topic:MILITARY; topic:TAX_MILITARY_TITLE; weapon
borderline,QDe.141,AL MOURABITOUN,Al-Qaida,0.30,,2026-07-23,walesonline.co.uk,BBC period drama with huge twist branded 'wild' by viewers,https://www.walesonline.co.uk/lifestyle/tv/bbc-period-drama-huge-twist-34341419,"Name appears but nothing in the text corroborates it: les sentinelles, the sentinels",les sentinelles; the sentinels,topic:ARMEDCONFLICT; topic:MILITARY; topic:TAX_MILITARY_TITLE
borderline,QDi.028,AHMED KHALFAN GHAILANI,Al-Qaida,0.30,,2026-08-12,promptnewsonline.com,"Over 10,000 benefits from NNPC/Shell Vision First initiative as Badagry hosts latest outreach",https://promptnewsonline.com/over-10000-benefits-from-nnpc-shell-vision-first-initiative-as-badagry-hosts-latest-outreach/,Name appears but nothing in the text corroborates it: abubakar ahmed,abubakar ahmed,financ; killed; topic:TAX_MILITARY_TITLE; topic:TAX_MILITARY_TITLE_OFFICER; wanted
borderline,QDi.028,AHMED KHALFAN GHAILANI,Al-Qaida,0.30,,2026-08-12,nationalaccordnewspaper.com,"Over 10,000 benefit from NNPC/Shell Vision First initiative as Badagry hosts latest outreach &#x2014; National Accord Newspaper %",https://www.nationalaccordnewspaper.com/over-10000-benefit-from-nnpc-shell-vision-first-initiative-as-badagry-hosts-latest-outreach/,Name appears but nothing in the text corroborates it: abubakar ahmed,abubakar ahmed,topic:TAX_MILITARY_TITLE; topic:TAX_MILITARY_TITLE_OFFICER
borderline,QDi.028,AHMED KHALFAN GHAILANI,Al-Qaida,0.30,,2026-08-13,vanguardngr.com,"Gombe govt hands over sites for Emir's Palace, Central Mosque remodelling",https://www.vanguardngr.com/2026/08/gombe-govt-hands-over-sites-for-emirs-palace-central-mosque-remodelling/,Name appears but nothing in the text corroborates it: abubakar ahmed,abubakar ahmed,charged; topic:KILL
borderline,QDi.068,ADEL BEN AL-AZHAR BEN YOUSSEF HAMDI,Al-Qaida,0.30,,2026-08-11,republika.co.id,"Dari Masjid Agung Al-Azhar, MAI Rumuskan Arah Strategis Indonesia Menuju Indonesia Emas 2045",https://khazanah.republika.co.id/berita/tjl2x1472/dari-masjid-agung-alazhar-mai-rumuskan-arah-strategis-indonesia-menuju-indonesia-emas-2045,Name appears but nothing in the text corroborates it: zakariya,zakariya,financ; topic:MARITIME_PIRACY; topic:SECURITY_SERVICES; topic:WB_2432_FRAGILITY_CONFLICT_AND_VIOLENCE
borderline,QDi.081,RAMZI MOHAMED ABDULLAH BINALSHIBH,Al-Qaida,0.30,,2026-09-03,shafaqna.com,The visage of Prophet Mohammad (PBUH) (Part 9) &#x2013; Shafaqna English | International Shia News & Fatwas,https://en.shafaqna.com/466187/the-visage-of-prophet-mohammad-pbuh-part-9/,Name appears but nothing in the text corroborates it: abu ubaydah,abu ubaydah,arms; charged; topic:ARMEDCONFLICT; topic:KILL; topic:MILITARY; wanted
borderline,QDi.087,NURJAMAN RIDUAN ISAMUDDIN,Al-Qaida,0.30,,2026-07-10,merdeka.com,Legislator Desak Aparat Tertibkan Pertambangan Ilegal Bandara Bungo Demi Lingkungan dan Keselamatan,https://www.merdeka.com/peristiwa/read/8243666/legislator-desak-aparat-tertibkan-pertambangan-ilegal-bandara-bungo-demi-lingkungan-dan-keselamatan,Name appears but nothing in the text corroborates it: hambali,hambali,topic:ARMEDCONFLICT
borderline,QDi.087,NURJAMAN RIDUAN ISAMUDDIN,Al-Qaida,0.30,,2026-07-22,antaranews.com,"Tahun ini, BPN Lebak percepat sertifikasi 300 bidang tanah wakaf",https://banten.antaranews.com/berita/386217/tahun-ini-bpn-lebak-percepat-sertifikasi-300-bidang-tanah-wakaf,Name appears but nothing in the text corroborates it: hambali,hambali,topic:TAX_TERROR_GROUP; topic:TAX_TERROR_GROUP_MUHAMMADIYAH; topic:WB_2432_FRAGILITY_CONFLICT_AND_VIOLENCE
borderline,QDi.087,NURJAMAN RIDUAN ISAMUDDIN,Al-Qaida,0.30,,2026-08-27,sumutpos.co,Raja Kejeruan Metar Bilad Deli XI Anugerahkan Darjah Kebangsawanan kepada Tokoh-Tokoh Berjasa untuk Melayu,https://sumutpos.co/metropolis/27/08/2026/raja-kejeruan-metar-bilad-deli-xi-anugerahkan-darjah-kebangsawanan-kepada-tokoh-tokoh-berjasa-untuk-melayu/,Name appears but nothing in the text corroborates it: hambali,hambali,sanksi; topic:TAX_MILITARY_TITLE; topic:TAX_MILITARY_TITLE_ADMIRAL; topic:TAX_MILITARY_TITLE_COMMANDER
borderline,QDi.087,NURJAMAN RIDUAN ISAMUDDIN,Al-Qaida,0.30,,2026-08-29,kapanlagi.com,"Topan Sang Komedian Berpulang, Sempat Mengeluh Sakit Sebelum Henti Jantung",https://www.kapanlagi.com/showbiz/selebriti/topan-sang-komedian-berpulang-sempat-mengeluh-sakit-sebelum-henti-jantung-bc2a220d3a.html,Name appears but nothing in the text corroborates it: hambali,hambali,serangan; terror; topic:KILL
borderline,QDi.087,NURJAMAN RIDUAN ISAMUDDIN,Al-Qaida,0.30,,2026-10-05,viva.co.id,Pertengkaran Rumah Tangga Berujung Maut! Pasutri di Gowa Ditemukan Tewas,https://www.viva.co.id/berita/nasional/1933404-pertengkaran-rumah-tangga-berujung-maut-pasutri-di-gowa-ditemukan-tewas,Name appears but nothing in the text corroborates it: hambali,hambali,ditangkap; senjata; serangan; topic:KILL; topic:SECURITY_SERVICES; topic:TAX_MILITARY_TITLE
borderline,QDi.123,YASSIN SYAWAL,Al-Qaida,0.30,,2026-07-30,viva.co.id,"Sisihkan 20 Finalis, Labib Mubarok asal Purbalingga, Terpilih Menjadi Duta GenRe Jawa Tengah 2026",https://wisata.viva.co.id/wisata/29531-sisihkan-20-finalis-labib-mubarok-asal-purbalingga-terpilih-menjadi-duta-genre-jawa-tengah-2026,Name appears but nothing in the text corroborates it: mubarok,mubarok,topic:KILL
borderline,QDi.123,YASSIN SYAWAL,Al-Qaida,0.30,,2026-07-17,kompas.com,"ETLE Mulai Berlaku di Probolinggo, 20 Pelanggar Terjaring, Terbanyak Tak Pakai Helm",https://surabaya.kompas.com/read/2026/07/17/113214478/etle-mulai-berlaku-di-probolinggo-20-pelanggar-terjaring-terbanyak-tak,Name appears but nothing in the text corroborates it: mubarok,mubarok,ditangkap; finans; topic:SECURITY_SERVICES; topic:TAX_MILITARY_TITLE; topic:TAX_MILITARY_TITLE_OFFICER
borderline,QDi.123,YASSIN SYAWAL,Al-Qaida,0.30,,2026-07-19,kompas.com,Polisi Desak Jembatan Pajarakan Direhabilitasi Setelah Tol Prosiwangi Dibuka,https://surabaya.kompas.com/read/2026/07/19/130014578/polisi-desak-jembatan-pajarakan-direhabilitasi-setelah-tol-prosiwangi,Name appears but nothing in the text corroborates it: mubarok,mubarok,ditangkap; finans; sanksi; topic:SECURITY_SERVICES
borderline,QDi.123,YASSIN SYAWAL,Al-Qaida,0.30,,2026-07-21,kompas.com,"Sepekan ETLE Berlaku di Probolinggo, 105 Pelanggar Terjaring, Mayoritas Tak Pakai Helm",https://surabaya.kompas.com/read/2026/07/21/191314278/sepekan-etle-berlaku-di-probolinggo-105-pelanggar-terjaring-mayoritas-tak,Name appears but nothing in the text corroborates it: mubarok,mubarok,ditangkap; finans; sanksi; topic:SANCTIONS; topic:SECURITY_SERVICES; topic:TAX_MILITARY_TITLE
borderline,QDi.123,YASSIN SYAWAL,Al-Qaida,0.30,,2026-07-31,beritajatim.com,Vandalisme Sasar Kereta Antik 'Mbah Gleyor' Peninggalan Bupati Kediri di Kandat,https://beritajatim.com/vandalisme-sasar-kereta-antik-mbah-gleyor-peninggalan-bupati-kediri-di-kandat,Name appears but nothing in the text corroborates it: mubarok,mubarok,ditangkap; topic:ARREST; topic:SECURITY_SERVICES
borderline,QDi.123,YASSIN SYAWAL,Al-Qaida,0.30,,2026-08-15,rri.co.id,Wapres Gibran Kukuhkan 76 Anggota Paskibraka 2026,https://rri.co.id/nasional/2654882/wapres-gibran-kukuhkan-76-anggota-paskibraka-2026,Name appears but nothing in the text corroborates it: mubarok,mubarok,topic:SECURITY_SERVICES; topic:TAX_MILITARY_TITLE; topic:TAX_MILITARY_TITLE_COMMANDER
borderline,QDi.123,YASSIN SYAWAL,Al-Qaida,0.30,,2026-08-17,kompas.com,"Formasi Lengkap Paskibraka untuk Upacara HUT Ke-81 RI di Istana Merdeka, Siapa Saja?",https://www.kompas.com/tren/read/2026/08/17/094000765/formasi-lengkap-paskibraka-untuk-upacara-hut-ke-81-ri-di-istana-merdeka,Name appears but nothing in the text corroborates it: mubarok,mubarok,finans; houthi; topic:TAX_MILITARY_TITLE; topic:TAX_MILITARY_TITLE_COMMANDER
borderline,QDi.123,YASSIN SYAWAL,Al-Qaida,0.30,,2026-08-17,liputan6.com,"Profil Celina Olivia, Pembawa Baki HUT ke-81 RI di Istana",https://www.liputan6.com/news/read/8271336/profil-celina-olivia-pembawa-baki-hut-ke-81-ri-di-istana,Name appears but nothing in the text corroborates it: mubarok,mubarok,topic:MILITARY; topic:TAX_MILITARY_TITLE; topic:TAX_MILITARY_TITLE_CAPTAIN
borderline,QDi.123,YASSIN SYAWAL,Al-Qaida,0.30,,2026-08-17,antaranews.com,Perwakilan Kalbar Celina Theo terpilih bawa baki Bendera Merah Putih,https://www.antaranews.com/berita/5697859/perwakilan-kalbar-celina-theo-terpilih-bawa-baki-bendera-merah-putih,Name appears but nothing in the text corroborates it: mubarok,mubarok,topic:MILITARY; topic:TAX_MILITARY_TITLE; topic:TAX_MILITARY_TITLE_CAPTAIN
borderline,QDi.123,YASSIN SYAWAL,Al-Qaida,0.30,,2026-08-20,viva.co.id,"13 Laka Sepekan Jelang HUT RI, Korban Luka di Kabupaten Probolinggo Bertambah",https://banyuwangi.viva.co.id/peristiwa/61928-13-laka-sepekan-jelang-hut-ri-korban-luka-di-kabupaten-probolinggo-bertambah,Name appears but nothing in the text corroborates it: mubarok,mubarok,topic:KILL; topic:SECURITY_SERVICES
borderline,QDi.123,YASSIN SYAWAL,Al-Qaida,0.30,,2026-09-08,antaranews.com,BPKN: Perlu Satgas atasi dana UMKM dibekukan Tokopedia dan TikTok Shop,https://www.antaranews.com/berita/5732089/bpkn-perlu-satgas-atasi-dana-umkm-dibekukan-tokopedia-dan-tiktok-shop,Name appears but nothing in the text corroborates it: mubarok,mubarok,sanksi; topic:SANCTIONS
borderline,QDi.123,YASSIN SYAWAL,Al-Qaida,0.30,,2026-09-11,antaranews.com,6.350 personel gabungan kawal rangkaian MTQ XXXI di Semarang,https://www.antaranews.com/berita/5736632/6350-personel-gabungan-kawal-rangkaian-mtq-xxxi-di-semarang,Name appears but nothing in the text corroborates it: mubarok,mubarok,topic:SECURITY_SERVICES; topic:TAX_MILITARY_TITLE; topic:TAX_MILITARY_TITLE_OFFICER
borderline,QDi.123,YASSIN SYAWAL,Al-Qaida,0.30,,2026-09-11,viva.co.id,"Rumah Warga di Purbalingga Terbakar, Api Diduga Berawal dari AC dan Sambar Plafon Kamar",https://banyumas.viva.co.id/news/12151-rumah-warga-di-purbalingga-terbakar-api-diduga-berawal-dari-ac-dan-sambar-plafon-kamar,Name appears but nothing in the text corroborates it: mubarok,mubarok,topic:SECURITY_SERVICES; topic:TAX_MILITARY_TITLE; topic:TAX_MILITARY_TITLE_OFFICER; vonis
borderline,QDi.123,YASSIN SYAWAL,Al-Qaida,0.30,,2026-09-12,beritajatim.com,"Jadi Korban Kekerasan, Anggota Fraksi PDIP DPRD Malang Lapor Polisi",https://beritajatim.com/jadi-korban-kekerasan-anggota-fraksi-pdip-dprd-malang-lapor-polisi,Name appears but nothing in the text corroborates it: mubarok,mubarok,serangan; topic:SECURITY_SERVICES
borderline,QDi.123,YASSIN SYAWAL,Al-Qaida,0.30,,2026-09-12,viva.co.id,Helaran Muludan di Sukajadi Bogor Jadi Momentum Perangi Narkoba,https://bogor.viva.co.id/kabar-bogor/6881-helaran-muludan-di-sukajadi-bogor-jadi-momentum-perangi-narkoba,Name appears but nothing in the text corroborates it: mubarok,mubarok,topic:WB_2432_FRAGILITY_CONFLICT_AND_VIOLENCE; topic:WB_2433_CONFLICT_AND_VIOLENCE; topic:WB_2453_ORGANIZED_CRIME
borderline,QDi.123,YASSIN SYAWAL,Al-Qaida,0.30,,2026-09-12,beritajatim.com,Ini Kronologis Anggota DPRD Malang Jadi Korban Kekerasan,https://beritajatim.com/ini-kronologis-anggota-dprd-malang-jadi-korban-kekerasan-2,Name appears but nothing in the text corroborates it: mubarok,mubarok,topic:SECURITY_SERVICES
borderline,QDi.123,YASSIN SYAWAL,Al-Qaida,0.30,,2026-09-14,antaranews.com,BPKN dorong transformasi keselamatan pelayaran berbasis teknologi,https://www.antaranews.com/berita/5739380/bpkn-dorong-transformasi-keselamatan-pelayaran-berbasis-teknologi,Name appears but nothing in the text corroborates it: mubarok,mubarok,topic:KILL
borderline,QDi.123,YASSIN SYAWAL,Al-Qaida,0.30,,2026-09-19,beritajatim.com,Patung Durga di Jengkol Plosoklaten Kediri Hilang,https://beritajatim.com/patung-durga-di-jengkol-plosoklaten-kediri-hilang,Name appears but nothing in the text corroborates it: mubarok,mubarok,topic:SECURITY_SERVICES; topic:TAX_MILITARY_TITLE; topic:TAX_MILITARY_TITLE_OFFICER
borderline,QDi.123,YASSIN SYAWAL,Al-Qaida,0.30,,2026-09-20,beritajatim.com,"Arca Durga di Jengkol Kediri Hilang, Alhamdulillah Sudah Ditemukan Kurang dari 24 Jam",https://beritajatim.com/arca-durga-di-jengkol-kediri-hilang-alhamdulillah-sudah-ditemukan-kurang-dari-24-jam,Name appears but nothing in the text corroborates it: mubarok,mubarok,topic:SECURITY_SERVICES; topic:TAX_MILITARY_TITLE; topic:TAX_MILITARY_TITLE_OFFICER
borderline,QDi.123,YASSIN SYAWAL,Al-Qaida,0.30,,2026-09-22,beritajatim.com,"Arca Durga Jengkol Kediri Dipindahkan ke Museum, 24 Objek Lain Dinilai Rentan Hilang",https://beritajatim.com/arca-durga-jengkol-kediri-dipindahkan-ke-museum-24-objek-lain-dinilai-rentan-hilang,Name appears but nothing in the text corroborates it: mubarok,mubarok,topic:SECURITY_SERVICES; topic:TAX_MILITARY_TITLE; topic:TAX_MILITARY_TITLE_OFFICER
borderline,QDi.187,ARIS SUMARSONO,Al-Qaida,0.30,,2026-07-13,sumutpos.co,Zulkarnaen: Pancasila Benteng Moral Generasi Muda,https://sumutpos.co/daerah/13/07/2026/zulkarnaen-pancasila-benteng-moral-generasi-muda/,Name appears but nothing in the text corroborates it: zulkarnaen,zulkarnaen,sanksi; topic:SECURITY_SERVICES
borderline,QDi.187,ARIS SUMARSONO,Al-Qaida,0.30,,2026-09-02,en.tempo.co,Will Bangladesh Join the Mecca Defense Alliance?,https://en.tempo.co/read/2118770/will-bangladesh-join-the-mecca-defense-alliance,Name appears but nothing in the text corroborates it: murshid,murshid,attack; convict; sentenced; taliban; topic:ARMEDCONFLICT; topic:REBELLION
borderline,QDi.187,ARIS SUMARSONO,Al-Qaida,0.30,,2026-07-11,antaranews.com,26 delegasi negara sahabat hadiri peringatan KAA 2026 di Kota Bandung,https://www.antaranews.com/berita/5645769/26-delegasi-negara-sahabat-hadiri-peringatan-kaa-2026-di-kota-bandung,Name appears but nothing in the text corroborates it: zulkarnain,zulkarnain,topic:WB_2432_FRAGILITY_CONFLICT_AND_VIOLENCE
borderline,QDi.187,ARIS SUMARSONO,Al-Qaida,0.30,,2026-07-20,antaranews.com,Pemkot Jakbar tindaklanjuti bangunan diduga tanpa PBG di Kalideres,https://www.antaranews.com/berita/5657760/pemkot-jakbar-tindaklanjuti-bangunan-diduga-tanpa-pbg-di-kalideres,Name appears but nothing in the text corroborates it: zulkarnain,zulkarnain,topic:SECURITY_SERVICES
borderline,QDi.187,ARIS SUMARSONO,Al-Qaida,0.30,,2026-07-21,kompas.com,"Cincin Logam Tersangkut di Alat Kelamin Pria, Damkar Dumai Evakuasi 2 Jam",https://regional.kompas.com/read/2026/07/21/171357078/cincin-logam-tersangkut-di-alat-kelamin-pria-damkar-dumai-evakuasi-2-jam,Name appears but nothing in the text corroborates it: zulkarnain,zulkarnain,finans; topic:TAX_MILITARY_TITLE; topic:TAX_MILITARY_TITLE_OFFICER
borderline,QDi.187,ARIS SUMARSONO,Al-Qaida,0.30,,2026-07-22,harianjogja.com,Bos Produsen Gas Tawa Whip-Pink Jadi Tersangka di Bareskrim,https://news.harianjogja.com/r-1264505/bos-produsen-gas-tawa-whip-pink-jadi-tersangka-di-bareskrim,Name appears but nothing in the text corroborates it: zulkarnain,zulkarnain,topic:SECURITY_SERVICES; topic:WB_2432_FRAGILITY_CONFLICT_AND_VIOLENCE; topic:WB_2433_CONFLICT_AND_VIOLENCE
borderline,QDi.187,ARIS SUMARSONO,Al-Qaida,0.30,,2026-07-23,viva.co.id,"Usai Jadi Tersangka, Ayah dan Anak Bos Whip Pink Langsung Dijebloskan ke Rutan Bareskrim",https://www.viva.co.id/berita/nasional/1915833-usai-jadi-tersangka-ayah-dan-anak-bos-whip-pink-langsung-dijebloskan-ke-rutan-bareskrim,Name appears but nothing in the text corroborates it: zulkarnain,zulkarnain,ditangkap; sanksi; topic:ARREST; topic:SANCTIONS; topic:SECURITY_SERVICES
borderline,QDi.187,ARIS SUMARSONO,Al-Qaida,0.30,,2026-07-24,kompas.com,"Bareskrim Geledah Ruko Pabrik Whip Pink di Pademangan Jakut, Sita 15.000 Tabung N20",https://megapolitan.kompas.com/read/2026/07/24/16311881/bareskrim-geledah-ruko-pabrik-whip-pink-di-pademangan-jakut-sita-15000,Name appears but nothing in the text corroborates it: zulkarnain,zulkarnain,finans; sanksi; topic:SANCTIONS; topic:SECURITY_SERVICES; topic:WB_2432_FRAGILITY_CONFLICT_AND_VIOLENCE
borderline,QDi.187,ARIS SUMARSONO,Al-Qaida,0.30,,2026-07-24,kompas.com,"Hasil Uji Lab Ungkap Fakta Whip Pink: Label Aneka Rasa, Isinya Murni Gas N2O",https://megapolitan.kompas.com/read/2026/07/24/21075941/hasil-uji-lab-ungkap-fakta-whip-pink-label-aneka-rasa-isinya-murni-gas,Name appears but nothing in the text corroborates it: zulkarnain,zulkarnain,finans; topic:SECURITY_SERVICES; topic:WB_2432_FRAGILITY_CONFLICT_AND_VIOLENCE; topic:WB_2433_CONFLICT_AND_VIOLENCE
borderline,QDi.187,ARIS SUMARSONO,Al-Qaida,0.30,,2026-07-28,analisadaily.com,"Kembalikan Kejayaan Madina, Pemkab - UMA Revitalisasi Komoditas Pisang Kepok",https://analisadaily.com/berita/baca/2026/07/28/1075965/kembalikan-kejayaan-madina-pemkab-uma-revitalisasi-komoditas-pisang-kepok/,Name appears but nothing in the text corroborates it: zulkarnain,zulkarnain,topic:KILL
borderline,QDi.187,ARIS SUMARSONO,Al-Qaida,0.30,,2026-08-05,kompas.com,"Alumnus MAN IC Tapanuli, Fachry Lolos Akmil 2026, Pernah Gagal 4 Kali",https://www.kompas.com/edu/read/2026/08/05/111408371/alumnus-man-ic-tapanuli-fachry-lolos-akmil-2026-pernah-gagal-4-kali,Name appears but nothing in the text corroborates it: zulkarnaen,zulkarnaen,finans; serangan; topic:KILL; topic:MILITARY; topic:SECURITY_SERVICES
borderline,QDi.187,ARIS SUMARSONO,Al-Qaida,0.30,,2026-08-05,viva.co.id,"KPK Duga Raja Juli Belum Kembalikan Seluruh Uang dalam Amplop dari Bupati Kuansing, Berapa Jumlahnya?",https://www.viva.co.id/berita/nasional/1919257-kpk-duga-raja-juli-belum-kembalikan-seluruh-uang-dalam-amplop-dari-bupati-kuansing-berapa-jumlahnya,Name appears but nothing in the text corroborates it: zulkarnain,zulkarnain,ditangkap; silah; topic:TRIAL
borderline,QDi.187,ARIS SUMARSONO,Al-Qaida,0.30,,2026-08-06,antaranews.com,Wapres tinjau pemulihan infrastruktur pascabencana pembangunan di Aceh,https://www.antaranews.com/berita/5682463/wapres-tinjau-pemulihan-infrastruktur-pascabencana-pembangunan-di-aceh,Name appears but nothing in the text corroborates it: zulkarnain,zulkarnain,topic:SECURITY_SERVICES; topic:TAX_MILITARY_TITLE; topic:TAX_MILITARY_TITLE_COLONEL
borderline,QDi.187,ARIS SUMARSONO,Al-Qaida,0.30,,2026-08-07,antaranews.com,Wapres tinjau Jembatan Teupin Mane yang ditarget fungsional Oktober,https://www.antaranews.com/berita/5684377/wapres-tinjau-jembatan-teupin-mane-yang-ditarget-fungsional-oktober,Name appears but nothing in the text corroborates it: zulkarnain,zulkarnain,topic:SECURITY_SERVICES
borderline,QDi.187,ARIS SUMARSONO,Al-Qaida,0.30,,2026-08-11,antaranews.com,Polres Kotim pasang garis polisi di sejumlah area karhutla,https://www.antaranews.com/berita/5688561/polres-kotim-pasang-garis-polisi-di-sejumlah-area-karhutla,Name appears but nothing in the text corroborates it: zulkarnain,zulkarnain,ditangkap; topic:MILITARY; topic:SECURITY_SERVICES; topic:TAX_MILITARY_TITLE
borderline,QDi.190,ABDELKADER LAAGOUB,Al-Qaida,0.30,,2026-07-30,aol.co.uk,Chaos as thousands of migrants storm border into Spanish territory - police 'overwhelmed',https://www.aol.co.uk/articles/chaos-thousands-migrants-storm-border-160700000.html,Name appears but nothing in the text corroborates it: rachid,rachid,topic:MILITARY; topic:SECURITY_SERVICES; topic:TAX_MILITARY_TITLE
borderline,QDi.190,ABDELKADER LAAGOUB,Al-Qaida,0.30,,2026-07-30,dw.com,Spain will send troops to Ceuta to help with border security,https://www.dw.com/en/spain-will-send-troops-to-ceuta-to-help-with-border-security/a-78177638,Name appears but nothing in the text corroborates it: rachid,rachid,smuggl; topic:MILITARY; topic:SECURITY_SERVICES; topic:WB_2432_FRAGILITY_CONFLICT_AND_VIOLENCE; traffick
borderline,QDi.190,ABDELKADER LAAGOUB,Al-Qaida,0.30,,2026-07-30,irishtimes.com,Spain sends extra troops to Ceuta after thousands of people swim into territory,https://www.irishtimes.com/world/europe/2026/07/30/spain-sends-extra-troops-to-ceuta-after-thousands-of-people-swim-into-territory/,Name appears but nothing in the text corroborates it: rachid,rachid,arrest; attack; nuclear; topic:ARMEDCONFLICT; topic:EXTREMISM; topic:KILL
borderline,QDi.237,JABER ABDALLAH JABER AHMAD AL-JALAHMAH,Al-Qaida,0.30,,2026-09-09,middle-east-online.com,Iraq pushes for 6 million bpd baseline in OPEC+ capacity review,https://www.middle-east-online.com/en/iraq-pushes-6-million-bpd-baseline-opec-capacity-review,Name appears but nothing in the text corroborates it: abdul ghani,abdul ghani,arrest; houthi; proces; topic:ARMEDCONFLICT; topic:WB_2432_FRAGILITY_CONFLICT_AND_VIOLENCE; topic:WB_2433_CONFLICT_AND_VIOLENCE
borderline,QDi.246,REDENDO CAIN DELLOSA,Al-Qaida,0.30,,2026-08-19,sunstar.com.ph,Davao Tightens School Security After Zamboanga Shooting,https://www.sunstar.com.ph/davao/davao-city-tightens-school-security-after-zamboanga-shooting,Name appears but nothing in the text corroborates it: dodong,dodong,arrest; attack; killed; topic:ARMEDCONFLICT; topic:ARREST; topic:KILL
borderline,QDi.247,"RUBEN PESTANO LAVILLA, JR",Al-Qaida,0.30,,2026-07-19,verafiles.org,"Beyond the whimsical: Hope, eternal hope",https://verafiles.org/articles/beyond-the-whimsical-hope-eternal-hope,Name appears but nothing in the text corroborates it: junjun,junjun,rebel; terror; topic:ARMEDCONFLICT; topic:REBELLION; topic:WB_2432_FRAGILITY_CONFLICT_AND_VIOLENCE
borderline,QDi.296,MATI UR-REHMAN ALI MUHAMMAD,Al-Qaida,0.30,,2026-09-01,samaa.tv,5 more IHRA board members resign after Pims tragedy,https://www.samaa.tv/2087356135-5-more-ihra-board-members-resign-after-pims-tragedy,Name appears but nothing in the text corroborates it: matiur rehman,matiur rehman,financ; missile; topic:TAX_MILITARY_TITLE; topic:TAX_MILITARY_TITLE_COLONEL
borderline,QDi.318,MUHAMMAD JAMAL ABD-AL RAHIM AHMAD AL-KASHIF,Al-Qaida,0.30,,2026-08-27,manilatimes.net,Riyadh Hosts the Third Edition of Saudi International Wood and Woodworking Machinery Show,https://www.manilatimes.net/2026/08/27/tmt-newswire/globenewswire/riyadh-hosts-the-third-edition-of-saudi-international-wood-and-woodworking-machinery-show/2413550,Name appears but nothing in the text corroborates it: riyadh,riyadh,proces; topic:WB_1226_INDUSTRIAL_CLUSTERS_AND_VALUE_CHAINS
borderline,QDi.318,MUHAMMAD JAMAL ABD-AL RAHIM AHMAD AL-KASHIF,Al-Qaida,0.30,,2026-07-23,ummid.com,US-Saudi Nuclear Deal: Redrawing Middle East's Atomic Map,https://www.ummid.com/news/2026/7/23/us-saudi-nuclear-deal-redrawing-middle-east-atomic-map.html,Name appears but nothing in the text corroborates it: riyadh,riyadh,bombing; financ; nuclear; proliferat; topic:MIL_WEAPONS_PROLIFERATION; topic:WB_1484_EDUCATION_SKILLS_DEVELOPMENT_AND_LABOR_MARKET
borderline,QDi.318,MUHAMMAD JAMAL ABD-AL RAHIM AHMAD AL-KASHIF,Al-Qaida,0.30,,2026-08-11,tradearabia.com,Big 5 expo set to spotlight solutions for Saudi construction boom,https://tradearabia.com:443/News/466416/Big-5-expo-set-to-spotlight-solutions-for-Saudi-construction-boom/CONS,Name appears but nothing in the text corroborates it: riyadh,riyadh,topic:MARITIME_PIRACY; topic:TAX_MILITARY_TITLE; topic:TAX_MILITARY_TITLE_OFFICER
borderline,QDi.318,MUHAMMAD JAMAL ABD-AL RAHIM AHMAD AL-KASHIF,Al-Qaida,0.30,,2026-08-21,wsws.org,"T&#xFC;rkiye, Saudi Arabia and Pakistan forge a military alliance amid Iran war",https://www.wsws.org/en/articles/2026/08/21/pugq-a21.html,Name appears but nothing in the text corroborates it: riyadh,riyadh,attack; financ; houthi; militia; topic:ARMEDCONFLICT; topic:MARITIME_PIRACY
borderline,QDi.318,MUHAMMAD JAMAL ABD-AL RAHIM AHMAD AL-KASHIF,Al-Qaida,0.30,,2026-08-31,aljazeera.com,"Pakistan, Saudi Arabia, Turkiye meet: What's next for their defence pact? | Military News",https://www.aljazeera.com/news/2026/8/31/pakistan-saudi-arabia-turkiye-meet-whats-next-for-their-defence-pact,Name appears but nothing in the text corroborates it: riyadh,riyadh,attack; hamas; houthi; missile; topic:ARMEDCONFLICT; topic:MARITIME_PIRACY
borderline,QDi.318,MUHAMMAD JAMAL ABD-AL RAHIM AHMAD AL-KASHIF,Al-Qaida,0.30,,2026-08-31,wateronline.com,UNCCD COP17 Advances New Pathways For Land Restoration Drought Resilience And Implementation,https://www.wateronline.com/doc/unccd-cop-advances-new-pathways-for-land-restoration-drought-resilience-and-implementation-0001,Name appears but nothing in the text corroborates it: riyadh,riyadh,financ; topic:ARMEDCONFLICT; topic:KILL; topic:WB_2432_FRAGILITY_CONFLICT_AND_VIOLENCE
borderline,QDi.318,MUHAMMAD JAMAL ABD-AL RAHIM AHMAD AL-KASHIF,Al-Qaida,0.30,,2026-09-15,gdnonline.com,"UAE Business: Rotana highlights 40 properties in pipeline, next phase of regional growth at ATM 2026",https://www.gdnonline.com:443/Details/1406480,Name appears but nothing in the text corroborates it: riyadh,riyadh,topic:TAX_MILITARY_TITLE; topic:TAX_MILITARY_TITLE_OFFICER
borderline,QDi.322,ABUBAKAR MOHAMMED SHEKAU,Al-Qaida,0.30,,2026-09-10,kesq.com,Boko Haram Fast Facts,https://kesq.com/news/national-world/cnn-world/2026/09/10/boko-haram-fast-facts-5/,"Name appears but nothing in the text corroborates it: abubakar shekau, shekau",abubakar shekau; shekau,arrest; attack; boko haram; bomb; topic:ARMEDCONFLICT; topic:ARREST
borderline,QDi.343,ASHRAF MUHAMMAD YUSUF 'UTHMAN 'ABD AL-SALAM,Al-Qaida,0.30,,2026-07-21,sana.sy,Interior Minister Anas Khattab receives Bahraini counterpart Sheikh Rashid Al Khalifa,https://sana.sy/en/politics/2331053/,Name appears but nothing in the text corroborates it: khattab,khattab,detain; topic:TAX_MILITARY_TITLE; topic:TAX_MILITARY_TITLE_LIEUTENANT; topic:TAX_MILITARY_TITLE_LIEUTENANT_GENERAL
borderline,QDi.343,ASHRAF MUHAMMAD YUSUF 'UTHMAN 'ABD AL-SALAM,Al-Qaida,0.30,,2026-07-26,sana.sy,"Khattab, Atoun visit victims injured in deadly Deir Ezzor&#x2013;Damascus road crash",https://sana.sy/en/syria/2332290/,Name appears but nothing in the text corroborates it: khattab,khattab,proces; topic:ARMEDCONFLICT; topic:KILL; topic:SECURITY_SERVICES
borderline,QDi.343,ASHRAF MUHAMMAD YUSUF 'UTHMAN 'ABD AL-SALAM,Al-Qaida,0.30,,2026-08-21,sana.sy,Khattab: No perpetrator of Ghouta chemical massacre will escape justice,https://sana.sy/en/syria/2337752/,Name appears but nothing in the text corroborates it: khattab,khattab,arrest; attack; killing; topic:ARMEDCONFLICT; topic:ARREST; topic:KILL
borderline,QDi.343,ASHRAF MUHAMMAD YUSUF 'UTHMAN 'ABD AL-SALAM,Al-Qaida,0.30,,2026-07-09,al-monitor.com,Syria says preliminary probe links Damascus bomb cell to Islamic State,https://www.al-monitor.com/originals/2026/07/syria-says-preliminary-probe-links-damascus-bomb-cell-islamic-state,Name appears but nothing in the text corroborates it: khattab,khattab,bomb; bombing; islamic state; topic:TAX_TERROR_GROUP; topic:TAX_TERROR_GROUP_ISLAMIC_STATE; topic:TAX_WEAPONS
borderline,QDi.343,ASHRAF MUHAMMAD YUSUF 'UTHMAN 'ABD AL-SALAM,Al-Qaida,0.30,,2026-07-19,sana.sy,President al-Sharaa appoints new national security and intelligence officials,https://sana.sy/en/syria/2330482/,Name appears but nothing in the text corroborates it: khattab,khattab,financ; topic:WB_2432_FRAGILITY_CONFLICT_AND_VIOLENCE
borderline,QDi.343,ASHRAF MUHAMMAD YUSUF 'UTHMAN 'ABD AL-SALAM,Al-Qaida,0.30,,2026-07-19,middle-east-online.com,Syria's Sharaa appoints new intelligence chief in security reshuffle,https://www.middle-east-online.com/en/syrias-sharaa-appoints-new-intelligence-chief-security-reshuffle,Name appears but nothing in the text corroborates it: khattab,khattab,arrest; assassinat; houthi; sanction; topic:ARMEDCONFLICT; topic:REBELLION
borderline,QDi.343,ASHRAF MUHAMMAD YUSUF 'UTHMAN 'ABD AL-SALAM,Al-Qaida,0.30,,2026-07-19,hurriyetdailynews.com,"Syria appoints new national security, intelligence chiefs",https://www.hurriyetdailynews.com/syrian-appoints-new-national-security-intelligence-chiefs-224545,Name appears but nothing in the text corroborates it: khattab,khattab,attack; terror; topic:WB_2432_FRAGILITY_CONFLICT_AND_VIOLENCE; trial
borderline,QDi.343,ASHRAF MUHAMMAD YUSUF 'UTHMAN 'ABD AL-SALAM,Al-Qaida,0.30,,2026-07-19,aljazeera.com,Syria's Al-Sharaa reshuffles security and intelligence leadership | News,https://www.aljazeera.com/news/2026/7/19/syrias-al-sharaa-reshuffles-security-and-intelligence-leadership,Name appears but nothing in the text corroborates it: khattab,khattab,arrest; attack; explosive; hezbollah; topic:ARMEDCONFLICT; topic:ARREST
borderline,QDi.343,ASHRAF MUHAMMAD YUSUF 'UTHMAN 'ABD AL-SALAM,Al-Qaida,0.30,,2026-07-19,themedialine.org,Syrian President Reshuffles Security Leadership With Senior Appointments,https://themedialine.org/headlines/syrian-president-reshuffles-security-leadership-with-senior-appointments/,Name appears but nothing in the text corroborates it: khattab,khattab,arrest; attack; bomb; explosive; topic:ARMEDCONFLICT; topic:ARREST
borderline,QDi.343,ASHRAF MUHAMMAD YUSUF 'UTHMAN 'ABD AL-SALAM,Al-Qaida,0.30,,2026-07-22,sana.sy,"Syria, Iraq discuss bilateral cooperation and mutual interests",https://sana.sy/en/syria/2331394/,Name appears but nothing in the text corroborates it: khattab,khattab,proces; topic:WB_2432_FRAGILITY_CONFLICT_AND_VIOLENCE
borderline,QDi.343,ASHRAF MUHAMMAD YUSUF 'UTHMAN 'ABD AL-SALAM,Al-Qaida,0.30,,2026-08-07,yalibnan.com,"Orthodox Church tells Syria's top leaders : ""Justice is absent, dignity is violated, and freedom does not exist"" &#x2013; Ya Libnan",https://yalibnan.com/2026/08/07/orthodox-church-tells-syrias-top-leaders-justice-is-absent-dignity-is-violated-and-freedom-does-not-exist/,Name appears but nothing in the text corroborates it: khattab,khattab,detain; kidnap; topic:KIDNAP; topic:SEIGE; topic:WB_2432_FRAGILITY_CONFLICT_AND_VIOLENCE
borderline,QDi.343,ASHRAF MUHAMMAD YUSUF 'UTHMAN 'ABD AL-SALAM,Al-Qaida,0.30,,2026-08-16,hindustantimes.com,Syria detains seven after man dies following beating in custody,https://www.hindustantimes.com/world-news/syria-detains-seven-after-man-dies-following-beating-in-custody-101786909703558.html,Name appears but nothing in the text corroborates it: khattab,khattab,arrest; detain; topic:ARMEDCONFLICT; topic:ARREST; topic:KILL
borderline,QDi.343,ASHRAF MUHAMMAD YUSUF 'UTHMAN 'ABD AL-SALAM,Al-Qaida,0.30,,2026-08-17,sana.sy,Investigation committee begins work into citizen's death in detention,https://sana.sy/en/syria/2336967/,Name appears but nothing in the text corroborates it: khattab,khattab,attack; detain; evade; killed; topic:ARREST; topic:KILL
borderline,QDi.344,IBRAHIM 'ISA HAJJI MUHAMMAD AL-BAKR,Al-Qaida,0.30,,2026-08-06,irannewsupdate.com,Iranian State-Affiliated Media Alleges Powerful Network Seeking Control Over Oil and Currency Markets,https://irannewsupdate.com/news/economy/iranian-state-affiliated-media-alleges-powerful-network-seeking-control-over-oil-and-currency-markets/,Name appears but nothing in the text corroborates it: abu khalil,abu khalil,financ; nuclear; sanction; terror; topic:KILL; topic:SANCTIONS
borderline,QDi.405,Malik Ruslanovich Barkhanoev,Al-Qaida,0.30,,2026-08-09,thestar.com.my,"Over 4,000 Myanmar nationals under screening ahead of repatriation, says Saifuddin",https://www.thestar.com.my/news/nation/2026/08/09/over-4000-myanmar-nationals-under-screening-ahead-of-repatriation-says-saifuddin,Name appears but nothing in the text corroborates it: saifuddin,saifuddin,arrest; charged; proces; topic:WB_2432_FRAGILITY_CONFLICT_AND_VIOLENCE
borderline,QDi.426,Amir Muhammad Sa’id Abdal-Rahman al-Salbi,Al-Qaida,0.30,,2026-08-20,merip.org,Exhibiting the Gulf&#x2014;Kuwait's Overlooked Role in Regional Art,https://www.merip.org/2026/08/exhibiting-the-gulf-kuwaits-overlooked-role-in-regional-art/,Name appears but nothing in the text corroborates it: al ustadh,al ustadh,financ; houthi; sanction; topic:ARMEDCONFLICT; topic:KILL; topic:TAX_WEAPONS
borderline,SOe.001,AL-SHABAAB,Somalia,0.30,,2026-07-23,theshillongtimes.com,BJP 'shields' youth wing chief over contentious post,https://theshillongtimes.com/2026/07/23/bjp-shields-youth-wing-chief-over-contentious-post/,"Name appears but nothing in the text corroborates it: the youth, youth wing",the youth; youth wing,arrest; attack; topic:ARMEDCONFLICT; topic:ARREST; topic:KILL
borderline,SOe.001,AL-SHABAAB,Somalia,0.30,,2026-08-01,tribune.com.pk,PTI Youth Wing to hold bike rally for Khan's release,https://tribune.com.pk/story/2621557/pti-youth-wing-to-hold-bike-rally-for-khans-release,Name appears but nothing in the text corroborates it: youth wing,youth wing,topic:ARMEDCONFLICT; topic:ARREST; topic:KILL
borderline,SOe.001,AL-SHABAAB,Somalia,0.30,,2026-08-07,theshillongtimes.com,HSPDP youth wing demands JPC review of proposed FCRA Bill,https://theshillongtimes.com/2026/08/07/hspdp-youth-wing-demands-jpc-review-of-proposed-fcra-bill/,"Name appears but nothing in the text corroborates it: the youth, youth wing",the youth; youth wing,designat; topic:TAX_TERROR_GROUP; topic:TAX_TERROR_GROUP_PEOPLE_DEMOCRATIC_PARTY
borderline,SOe.001,AL-SHABAAB,Somalia,0.30,,2026-08-12,punchng.com,APC Youth Wing Pledges Greater Inclusion for Young Nigerians,https://punchng.com/apc-youth-wing-pledges-greater-inclusion-of-young-nigerians/,"Name appears but nothing in the text corroborates it: the youth, youth wing",the youth; youth wing,killing; proces; sanction; topic:WB_1484_EDUCATION_SKILLS_DEVELOPMENT_AND_LABOR_MARKET; topic:WB_2131_EMPLOYABILITY_SKILLS_AND_JOBS
borderline,SOe.001,AL-SHABAAB,Somalia,0.30,,2026-08-20,morungexpress.com,Wokha NPF Youth Wing organises One Nagaland Run 5K,https://morungexpress.com/wokha-npf-youth-wing-organises-one-nagaland-run-5k,Name appears but nothing in the text corroborates it: youth wing,youth wing,topic:SECURITY_SERVICES
borderline,SOe.001,AL-SHABAAB,Somalia,0.30,,2026-08-21,theshillongtimes.com,"UDP youth wing, HANM demand release of three KSU leaders",https://theshillongtimes.com/2026/08/22/udp-youth-wing-hanm-demand-release-of-three-ksu-leaders/,Name appears but nothing in the text corroborates it: youth wing,youth wing,arrest; attack; bomb; topic:ARREST; topic:SECURITY_SERVICES; topic:TAX_WEAPONS
borderline,SOe.001,AL-SHABAAB,Somalia,0.30,,2026-08-23,aninews.in,FIR registered against UP AAP Youth Wing president Pankaj Awana for allegedly entering govt school in Noida,https://aninews.in/news/national/politics/fir-registered-against-up-aap-youth-wing-president-pankaj-awana-for-allegedly-entering-govt-school-in-noida20260823111635/,Name appears but nothing in the text corroborates it: youth wing,youth wing,topic:MILITARY; topic:SECURITY_SERVICES; topic:TAX_MILITARY_TITLE
borderline,SOe.001,AL-SHABAAB,Somalia,0.30,,2026-08-23,prokerala.com,"'Attempt to appease the youth', says Opposition on BJP's Gen Z outreach",https://www.prokerala.com/news/articles/a1803710.html,Name appears but nothing in the text corroborates it: the youth,the youth,topic:TAX_TERROR_GROUP; topic:TAX_TERROR_GROUP_BHARATIYA_JANATA_PARTY
borderline,SOe.001,AL-SHABAAB,Somalia,0.30,,2026-09-16,theheraldghana.com,"National youth hopeful Odarteifio eyes 100,000-youth agribusiness model for NDC youth wing",https://theheraldghana.com/national-youth-hopeful-odarteifio-eyes-100000-youth-agribusiness-model-for-ndc-youth-wing/,"Name appears but nothing in the text corroborates it: the youth, youth wing",the youth; youth wing,financ; proces; topic:WB_1226_INDUSTRIAL_CLUSTERS_AND_VALUE_CHAINS; topic:WB_1484_EDUCATION_SKILLS_DEVELOPMENT_AND_LABOR_MARKET; topic:WB_2131_EMPLOYABILITY_SKILLS_AND_JOBS
borderline,SOe.001,AL-SHABAAB,Somalia,0.30,,2026-07-14,allafrica.com,"Zimbabwe: Electoral Reforms Will Deliver Faster, Fairer Elections - Kandishaya",https://allafrica.com/stories/202607140412.html,Name appears but nothing in the text corroborates it: the youth,the youth,proces; topic:WB_1484_EDUCATION_SKILLS_DEVELOPMENT_AND_LABOR_MARKET; topic:WB_2131_EMPLOYABILITY_SKILLS_AND_JOBS; topic:WB_2432_FRAGILITY_CONFLICT_AND_VIOLENCE
borderline,SOe.001,AL-SHABAAB,Somalia,0.30,,2026-07-18,freepressjournal.in,Mumbai Jagannath Rath Yatra Draws 40K Devotees; VHP Runs Anti-Drug Drive At Saki Naka,https://www.freepressjournal.in/mumbai/mumbai-jagannath-rath-yatra-draws-40k-devotees-vhp-runs-anti-drug-drive-at-saki-naka,Name appears but nothing in the text corroborates it: the youth,the youth,proces; topic:TAX_TERROR_GROUP; topic:TAX_TERROR_GROUP_BAJRANG_DAL; topic:TAX_TERROR_GROUP_VISHWA_HINDU_PARISHAD
borderline,SOe.001,AL-SHABAAB,Somalia,0.30,,2026-07-18,thenationonlineng.net,Indian envoy urges energy fellowship participants to study India's renewables models,https://thenationonlineng.net/indian-envoy-urges-energy-fellowship-participants-to-study-indias-renewables-models/,Name appears but nothing in the text corroborates it: youth wing,youth wing,financ; topic:MILITARY
borderline,SOe.001,AL-SHABAAB,Somalia,0.30,,2026-07-21,businessghana.com,NPP USA member endorses John Bart Addo for Youth Organiser role,http://www.businessghana.com/site/news/politics/352478/NPP-USA-member-endorses-John-Bart-Addo-for-Youth-Organiser-role,"Name appears but nothing in the text corroborates it: the youth, youth wing",the youth; youth wing,sentenced; topic:TAX_TERROR_GROUP; topic:TAX_TERROR_GROUP_NEW_PATRIOTIC_PARTY
borderline,SOe.001,AL-SHABAAB,Somalia,0.30,,2026-07-22,thesun.ng,"ECN DG rains N17m on youths, raises new energy leaders",https://thesun.ng/ecn-dg-rains-n17m-on-youths-raises-new-energy-leaders/,Name appears but nothing in the text corroborates it: youth wing,youth wing,attack; charged; kill; topic:WB_1484_EDUCATION_SKILLS_DEVELOPMENT_AND_LABOR_MARKET; topic:WB_2131_EMPLOYABILITY_SKILLS_AND_JOBS
borderline,SOe.001,AL-SHABAAB,Somalia,0.30,,2026-07-23,perthnow.com.au,WA's next generation of leaders debate youth-led laws in Parliament House,https://www.perthnow.com.au/wa/perth/central/was-next-generation-of-leaders-debate-youth-led-laws-in-parliament-house-c-22605313,Name appears but nothing in the text corroborates it: the youth,the youth,proces; topic:WB_1484_EDUCATION_SKILLS_DEVELOPMENT_AND_LABOR_MARKET; topic:WB_2131_EMPLOYABILITY_SKILLS_AND_JOBS
borderline,SOe.001,AL-SHABAAB,Somalia,0.30,,2026-07-23,dailytrust.com,Mustapha Abdullahi Empowers Young Nigerians Through Maiden Energy Leadership Fellowship &#x2013; Daily Trust,https://dailytrust.com/mustapha-abdullahi-empowers-young-nigerians-through-maiden-energy-leadership-fellowship/,Name appears but nothing in the text corroborates it: youth wing,youth wing,arrest; topic:TAX_MILITARY_TITLE; topic:TAX_MILITARY_TITLE_OFFICER; topic:WB_1484_EDUCATION_SKILLS_DEVELOPMENT_AND_LABOR_MARKET
borderline,SOe.001,AL-SHABAAB,Somalia,0.30,,2026-07-24,straitstimes.com,Youth discuss religion and inter-religious harmony,https://www.straitstimes.com/singapore/clubbing-to-religious-music-iro-youth-wing-members-answer-questions-youth-want-to-know-about,"Name appears but nothing in the text corroborates it: the youth, youth wing",the youth; youth wing,extremis; topic:TAX_TERROR_GROUP; topic:TAX_TERROR_GROUP_SOCIAL_RESISTANCE
borderline,SOe.001,AL-SHABAAB,Somalia,0.30,,2026-07-26,thenationonlineng.net,"2027: Delta youths hold summit, endorse Tinubu, Oborevwori, APC candidates",https://thenationonlineng.net/2027-delta-youths-hold-summit-endorse-tinubu-oborevwori-apc-candidates/,"Name appears but nothing in the text corroborates it: the youth, youth wing",the youth; youth wing,charged; topic:WB_1484_EDUCATION_SKILLS_DEVELOPMENT_AND_LABOR_MARKET; topic:WB_2131_EMPLOYABILITY_SKILLS_AND_JOBS
borderline,SOe.001,AL-SHABAAB,Somalia,0.30,,2026-07-29,theshillongtimes.com,Youth VPP targets Ampareen on recruitment scandal,https://theshillongtimes.com/2026/07/29/youth-vpp-targets-ampareen-on-recruitment-scandal/,"Name appears but nothing in the text corroborates it: the youth, youth wing",the youth; youth wing,attack; proces; topic:ARMEDCONFLICT; topic:SECURITY_SERVICES; weapon
borderline,SOi.012,ABUBAKER SHARIFF AHMED,Somalia,0.30,,2026-08-12,promptnewsonline.com,"Over 10,000 benefits from NNPC/Shell Vision First initiative as Badagry hosts latest outreach",https://promptnewsonline.com/over-10000-benefits-from-nnpc-shell-vision-first-initiative-as-badagry-hosts-latest-outreach/,Name appears but nothing in the text corroborates it: abubakar ahmed,abubakar ahmed,financ; killed; topic:TAX_MILITARY_TITLE; topic:TAX_MILITARY_TITLE_OFFICER; wanted
borderline,SOi.012,ABUBAKER SHARIFF AHMED,Somalia,0.30,,2026-08-12,nationalaccordnewspaper.com,"Over 10,000 benefit from NNPC/Shell Vision First initiative as Badagry hosts latest outreach &#x2014; National Accord Newspaper %",https://www.nationalaccordnewspaper.com/over-10000-benefit-from-nnpc-shell-vision-first-initiative-as-badagry-hosts-latest-outreach/,Name appears but nothing in the text corroborates it: abubakar ahmed,abubakar ahmed,topic:TAX_MILITARY_TITLE; topic:TAX_MILITARY_TITLE_OFFICER
borderline,SOi.012,ABUBAKER SHARIFF AHMED,Somalia,0.30,,2026-08-13,vanguardngr.com,"Gombe govt hands over sites for Emir's Palace, Central Mosque remodelling",https://www.vanguardngr.com/2026/08/gombe-govt-hands-over-sites-for-emirs-palace-central-mosque-remodelling/,Name appears but nothing in the text corroborates it: abubakar ahmed,abubakar ahmed,charged; topic:KILL
borderline,SOi.023,ABDIKADIR MOHAMED ABDIKADIR,Somalia,0.30,,2026-09-04,wardheernews.com,"Homeland Return ""Intaysan Lugaha Banjarin""",https://wardheernews.com/homeland-return-intaysan-lugaha-banjarin/,Name appears but nothing in the text corroborates it: abdulkadir,abdulkadir,attack; captur; convict; hostage; topic:ARMEDCONFLICT; topic:KIDNAP
borderline,SOi.023,ABDIKADIR MOHAMED ABDIKADIR,Somalia,0.30,,2026-09-10,lse.ac.uk,From Hunger to Instability | Global Hunger and UK National Security,https://www.lse.ac.uk/news/global-hunger-is-an-early-warning-signal-for-instability-and-should-shape-uk-security-planning-states-new-report,Name appears but nothing in the text corroborates it: abdulkadir,abdulkadir,armed group; financ; topic:ARMEDCONFLICT; topic:KILL; topic:MILITARY
borderline,SOi.023,ABDIKADIR MOHAMED ABDIKADIR,Somalia,0.30,,2026-09-15,wardheernews.com,Bosaso Airport Becomes Latest Front in Mogadishu&#x2013;Puntland Power Struggle,https://wardheernews.com/bosaso-airport-becomes-latest-front-in-mogadishu-puntland-power-struggle/,Name appears but nothing in the text corroborates it: abdulkadir,abdulkadir,detain; topic:ARMEDCONFLICT; topic:ARREST; topic:MILITARY
borderline,TAi.026,AMIR KHAN MOTAQI,Taliban,0.30,,2026-10-03,afghanislamicpress.com,"Amir Khan Muttaqi, UNAMA deputy head discuss Pakistani airstrikes",https://www.afghanislamicpress.com/en/index.php/news/107768,Name appears but nothing in the text corroborates it: khan muttaqi,khan muttaqi,topic:ARMEDCONFLICT
borderline,YEe.001,THE HOUTHIS,Yemen,0.30,,2026-07-21,nakedcapitalism.com,"Iran War: Washington Post, Telegraph Confirm US Inability to Sustain War; Ansar Allah Closes Bab el-Mandeb Amid Reports of MBS Dethronement; Possibility of Nuclear Attack on Pickaxe Mountain",https://www.nakedcapitalism.com/2026/07/iran-war-washington-post-telegraph-confirm-us-inability-to-sustain-war-ansar-allah-closes-bab-el-mandeb-amid-reports-of-mbs-dethronement-possibility-of-nuclear-attack-on-pickaxe-mountain.html,Name appears but nothing in the text corroborates it: ansar allah,ansar allah,attack; nuclear; topic:ARMEDCONFLICT; topic:ARREST; topic:KILL
borderline,YEe.001,THE HOUTHIS,Yemen,0.30,,2026-07-23,nakedcapitalism.com,"Iran War: Trump and Iran Exchange More Threats; Oil at $98 After Ansar Allah Tanker Strikes; House Passes $1.15 Trillion NDAA with Israel ""Merger""; Trump Signs Saudi Nuclear Deal",https://www.nakedcapitalism.com/2026/07/iran-war-trump-and-iran-exchange-more-threats-oil-at-98-after-ansar-allah-tanker-strikes-house-passes-1-15-trillion-ndaa-with-israel-merger-trump-signs-saudi-nuclear-deal.html,Name appears but nothing in the text corroborates it: ansar allah,ansar allah,nuclear; topic:ARMEDCONFLICT; topic:MARITIME_PIRACY; topic:MILITARY
borderline,YEe.001,THE HOUTHIS,Yemen,0.30,,2026-07-27,nakedcapitalism.com,"Iran War: Trump Dithers as Strait of Hormuz Damage Compounds; Ansar Allah-Saudi Conflict Spirals, Adding to Economic Harm; Iran Threatens Retaliation Against Ukraine",https://www.nakedcapitalism.com/2026/07/iran-war-trump-dithers-as-strait-of-hormuz-damage-compounds-ansar-allah-saudi-conflict-spirals-adding-to-economic-harm-iran-threatens-retaliation-against-ukraine.html,Name appears but nothing in the text corroborates it: ansar allah,ansar allah,topic:ARMEDCONFLICT; topic:KILL; topic:MARITIME_PIRACY
borderline,YEe.001,THE HOUTHIS,Yemen,0.30,,2026-08-07,nakedcapitalism.com,"Iran War: Heads Explode Over Iran Draft Terms for Strait of Hormuz; Ansar Allah Strike on Saudi Forces, Killing Over 50",https://www.nakedcapitalism.com/2026/08/iran-war-heads-explode-over-iran-draft-terms-for-strait-of-hormuz-ansar-allah-strike-on-saudi-forces-killing-over-50.html,Name appears but nothing in the text corroborates it: ansar allah,ansar allah,killing; topic:ARMEDCONFLICT; topic:KILL; topic:MARITIME_PIRACY
borderline,YEe.001,THE HOUTHIS,Yemen,0.30,,2026-08-12,nakedcapitalism.com,"Iran War: Iran, Ansar Allah Keep Up Attacks on Ships as Trump Insists He Controls Strait of Hormuz, Will Break Iran Economically; Press Highlights Trump Cowardice in Catering Truck Escape From Ankara",https://www.nakedcapitalism.com/2026/08/iran-war-iran-ansar-allah-keep-up-attacks-on-ships-as-trump-insists-he-controls-strait-of-hormuz-will-break-iran-economically-press-highlights-trump-cowardice-in-catering-truck-escape-from-ankara.html,Name appears but nothing in the text corroborates it: ansar allah,ansar allah,attack; topic:ARMEDCONFLICT; topic:KIDNAP; topic:KILL
borderline,YEe.001,THE HOUTHIS,Yemen,0.30,,2026-08-16,antiwar.com,Ansar Allah Launches More Attacks on Saudi-Backed Forces in Mocha and Marib,https://news.antiwar.com/2026/08/16/ansar-allah-launches-more-attacks-on-saudi-backed-forces-in-mocha-and-marib/,Name appears but nothing in the text corroborates it: ansar allah,ansar allah,attack; topic:ARMEDCONFLICT; topic:KILL; topic:SEIGE
borderline,YEe.001,THE HOUTHIS,Yemen,0.30,,2026-09-08,antiwar.com,"Ansar Allah Launches Major Attack Across Southwestern Saudi Arabia, Setting Oil Sites Ablaze and Wounding Dozens",https://news.antiwar.com/2026/09/08/ansar-allah-launches-major-attack-across-southwestern-saudi-arabia-setting-oil-sites-ablaze-and-wounding-dozens/,Name appears but nothing in the text corroborates it: ansar allah,ansar allah,attack; topic:ARMEDCONFLICT; topic:KILL; topic:SEIGE
borderline,YEe.001,THE HOUTHIS,Yemen,0.30,,2026-09-10,nakedcapitalism.com,Iran War: Pakistan and Turkiye Saber Rattle at Iran Over Ansar Allah Attacks on Saudis; Oil at $101 a Barrel Even as Flows Out of Persian Gulf Increase Despite Iran's More Aggressive Footing,https://www.nakedcapitalism.com/2026/09/iran-war-pakistan-and-turkiye-saber-rattle-at-iran-over-ansar-allah-attacks-on-saudis-oil-at-101-a-barrel-even-as-flows-out-of-persian-gulf-increase-despite-irans-more-aggressive-footing.html,Name appears but nothing in the text corroborates it: ansar allah,ansar allah,attack; topic:ARMEDCONFLICT; topic:ARREST; topic:KILL
borderline,YEe.001,THE HOUTHIS,Yemen,0.30,,2026-09-11,omanobserver.om,"Iran FM, Pak army chief Munir discuss Ansar Allah attacks on Saudi",https://www.omanobserver.om/article/1195968/oman/iran-fm-pak-army-chief-munir-discuss-ansar-allah-attacks-on-saudi,Name appears but nothing in the text corroborates it: ansar allah,ansar allah,attack; topic:ARMEDCONFLICT; topic:MILITARY; topic:TAX_TERROR_GROUP
borderline,YEe.001,THE HOUTHIS,Yemen,0.30,,2026-09-11,nakedcapitalism.com,Iran War: Ansar Allah Takes Mocha and the Bab el-Mandeb Islands,https://www.nakedcapitalism.com/2026/09/iran-war-ansar-allah-mocha-trump-vance-diesel-rubio.html,Name appears but nothing in the text corroborates it: ansar allah,ansar allah,topic:ARMEDCONFLICT; topic:JIHAD; topic:KILL
borderline,YEe.001,THE HOUTHIS,Yemen,0.30,,2026-09-11,moonofalabama.org,War On Iran: Ansar Allah Goes On The Offensive &#x2013; Moon of Alabama,https://www.moonofalabama.org/2026/09/war-on-iran-ansar-allah-goes-on-the-offensive.html,Name appears but nothing in the text corroborates it: ansar allah,ansar allah,topic:ARMEDCONFLICT; topic:MILITARY; topic:SEIGE
borderline,YEe.001,THE HOUTHIS,Yemen,0.30,,2026-09-11,omanobserver.om,Ansar Allah take over strait vital to global shipping,https://www.omanobserver.om/article/1195991/world/region/ansar-allah-take-over-strait-vital-to-global-shipping,Name appears but nothing in the text corroborates it: ansar allah,ansar allah,topic:ARMEDCONFLICT; topic:KILL; topic:MARITIME_PIRACY
borderline,YEe.001,THE HOUTHIS,Yemen,0.30,,2026-09-12,omanobserver.om,Saudi Arabia shuts down oil pipeline; Ansar Allah tightens grip on Red Sea,https://www.omanobserver.om/article/1196002/world/region/saudi-arabia-shuts-down-oil-pipeline-ansar-allah-tightens-grip-on-red-sea,Name appears but nothing in the text corroborates it: ansar allah,ansar allah,topic:ARMEDCONFLICT; topic:TAX_MILITARY_TITLE; topic:TAX_MILITARY_TITLE_COMMANDER
borderline,YEe.001,THE HOUTHIS,Yemen,0.30,,2026-09-12,moonofalabama.org,War On Iran: More On Ansar Allah's Offensive &#x2013; Moon of Alabama,https://www.moonofalabama.org/2026/09/war-on-iran-more-on-ansar-allahs-offensive.html,Name appears but nothing in the text corroborates it: ansar allah,ansar allah,topic:ARMEDCONFLICT; topic:ARREST; topic:KILL
borderline,YEe.001,THE HOUTHIS,Yemen,0.30,,2026-09-14,middleeastmonitor.com,"Ansar Allah, Gaza, and the great Gulf contradiction",https://www.middleeastmonitor.com/20260914-ansar-allah-gaza-and-the-great-gulf-contradiction/,Name appears but nothing in the text corroborates it: ansar allah,ansar allah,topic:ARMEDCONFLICT; topic:KILL; topic:MARITIME_PIRACY
borderline,YEe.001,THE HOUTHIS,Yemen,0.30,,2026-09-14,antiwar.com,"Ansar Allah Takes Control of More Red Sea Islands, Launches Attack on Saudi Arabia",https://news.antiwar.com/2026/09/14/ansar-allah-takes-control-of-more-red-sea-islands-launches-attack-on-saudi-arabia/,Name appears but nothing in the text corroborates it: ansar allah,ansar allah,attack; topic:ARMEDCONFLICT; topic:KILL; topic:MILITARY
borderline,YEe.001,THE HOUTHIS,Yemen,0.30,,2026-09-15,omanobserver.om,Saudi vows to respond 'firmly' to Ansar Allah attacks,https://www.omanobserver.om/article/1196259/world/region/saudi-vows-to-respond-firmly-to-ansar-allah-attacks,Name appears but nothing in the text corroborates it: ansar allah,ansar allah,attack; topic:ARMEDCONFLICT; topic:EXTREMISM; topic:KILL
borderline,YEe.001,THE HOUTHIS,Yemen,0.30,,2026-09-16,omanobserver.om,"Shot down Saudi fighter jet, claims Ansar Allah",https://www.omanobserver.om/article/1196283/world/region/shot-down-saudi-fighter-jet-claims-ansar-allah,Name appears but nothing in the text corroborates it: ansar allah,ansar allah,topic:ARMEDCONFLICT; topic:SLFID_MILITARY_BUILDUP; topic:TAX_TERROR_GROUP
borderline,YEe.001,THE HOUTHIS,Yemen,0.30,,2026-09-16,omanobserver.om,Why the Ansar Allah advance threatens global shipping,https://www.omanobserver.om/article/1196282/business/markets/why-the-ansar-allah-advance-threatens-global-shipping,Name appears but nothing in the text corroborates it: ansar allah,ansar allah,topic:ARMEDCONFLICT; topic:TAX_TERROR_GROUP; topic:TAX_TERROR_GROUP_ANSAR_ALLAH
borderline,YEe.001,THE HOUTHIS,Yemen,0.30,,2026-09-16,omanobserver.om,Saudi condemns Ansar Allah targeting Mecca,https://www.omanobserver.om/article/1196318/world/region/saudi-condemns-ansar-allah-targeting-mecca,Name appears but nothing in the text corroborates it: ansar allah,ansar allah,topic:ARMEDCONFLICT; topic:MARITIME_PIRACY; topic:REBELLION
borderline,YEe.001,THE HOUTHIS,Yemen,0.30,,2026-09-16,antiwar.com,Report: US Officials Met With Ansar Allah Representatives in Oman,https://news.antiwar.com/2026/09/16/report-us-officials-met-with-ansar-allah-representatives-in-oman/,Name appears but nothing in the text corroborates it: ansar allah,ansar allah,topic:ARMEDCONFLICT; topic:SANCTIONS; topic:SEIGE
borderline,YEe.001,THE HOUTHIS,Yemen,0.30,,2026-09-18,nakedcapitalism.com,Iran War Quick Snippets: Trump Again Threatens Annihilation Amid Signs of Saudi-Ansar Allah Feelers,https://www.nakedcapitalism.com/2026/09/iran-war-quick-snippets-trump-again-threatens-annihilation-amid-signs-of-saudi-ansar-allah-feelers.html,Name appears but nothing in the text corroborates it: ansar allah,ansar allah,topic:ARMEDCONFLICT; topic:SANCTIONS; topic:TAX_TERROR_GROUP
borderline,YEe.001,THE HOUTHIS,Yemen,0.30,,2026-09-20,omanobserver.om,US fears rapid escalation in Mideast after Ansar Allah attack Riyadh,https://www.omanobserver.om/article/1196469/world/region/us-fears-rapid-escalation-in-mideast-after-ansar-allah-attack-riyadh,Name appears but nothing in the text corroborates it: ansar allah,ansar allah,attack; topic:ARMEDCONFLICT; topic:REBELLION; topic:TAX_TERROR_GROUP
borderline,YEe.001,THE HOUTHIS,Yemen,0.30,,2026-09-25,nakedcapitalism.com,"Iran War: Netanyahu Brags, Iran Demands, Ansar Allah Hits",https://www.nakedcapitalism.com/2026/09/iran-war-netanyahu-un-iran-threatens-regional-airports-yemen-hits-saudis-hard.html,Name appears but nothing in the text corroborates it: ansar allah,ansar allah,topic:ARMEDCONFLICT; topic:TAX_TERROR_GROUP; topic:TAX_TERROR_GROUP_ANSAR_ALLAH
borderline,YEe.001,THE HOUTHIS,Yemen,0.30,,2026-09-27,antiwar.com,Report: Ansar Allah Tells EU It Won't Target European Ships,https://news.antiwar.com/2026/09/27/report-ansar-allah-tells-eu-it-wont-target-european-ships/,Name appears but nothing in the text corroborates it: ansar allah,ansar allah,topic:ARMEDCONFLICT; topic:SEIGE; topic:TAX_TERROR_GROUP
borderline,YEe.001,THE HOUTHIS,Yemen,0.30,,2026-10-06,omanobserver.om,"Ansar Allah claim striking Riyadh airport, other Saudi sites",https://www.omanobserver.om/article/1197322/world/region/ansar-allah-claim-striking-riyadh-airport-other-saudi-sites,Name appears but nothing in the text corroborates it: ansar allah,ansar allah,topic:ARMEDCONFLICT; topic:REBELLION; topic:SEIGE
un_report,HTi.005,VITELHOMME INNOCENT,Haiti,1.00,un_report,,UN,S/2026/714,https://documents.un.org/api/symbol/access?s=S%2F2026%2F714&l=en&t=pdf,ngs in several neighbourhoods of kenscoff he communicated frequently with members of viv ansanm including dady paul known as frantz valmyr alias didy a main gang leader in kenscoff see annex 13 and with other gang members he was also in regular contact with magalie habitant a key intermediary betwee,vitelhomme innocent; vitelhomme innocent; vitelhomme innocent,
un_report,HTi.008,DIMITRI HERARD,Haiti,1.00,un_report,,UN,S/2026/714,https://documents.un.org/api/symbol/access?s=S%2F2026%2F714&l=en&t=pdf,el ban and an asset freeze against individuals and or entities designated by the security council committee established pursuant to resolution 2653 2022 concerning haiti as being responsible for complicit in or having engaged in directly or indirectly actions that threaten the peace security and sta,dimitri herard; dimitri herard; dimitri herard,
un_report,HTi.006,PROPHANE VICTOR,Haiti,1.00,un_report,,UN,S/2026/714,https://documents.un.org/api/symbol/access?s=S%2F2026%2F714&l=en&t=pdf,cerned about the absence of a national coordinated process to identify and freeze assets of individuals sanctioned by the united nations which erodes the impact of the sanctions regime in haiti see annex 3 11 the panel sent written communication to the bank of the republic of haiti and some commerci,prophane victor; prophane victor; prophane victor,
un_report,HTi.002,JOHNSON ANDRE,Haiti,1.00,un_report,,UN,S/2026/714,https://documents.un.org/api/symbol/access?s=S%2F2026%2F714&l=en&t=pdf,he panel by residents and civil society representatives working in gang controlled areas as well as by officers involved in security operations 73 most united nations sanctioned gang leaders have continued to recruit minors casualties among gang members sustained as a result of security operations d,johnson andre; johnson andre; johnson andre,
un_report,HTi.003,RENEL DESTINA,Haiti,1.00,un_report,,UN,S/2026/714,https://documents.un.org/api/symbol/access?s=S%2F2026%2F714&l=en&t=pdf,working in gang controlled areas as well as by officers involved in security operations 73 most united nations sanctioned gang leaders have continued to recruit minors casualties among gang members sustained as a result of security operations during the reporting period triggered an increase in chil,renel destina; renel destina; renel destina,
un_report,HTi.001,JIMMY CHERIZIER,Haiti,1.00,un_report,,UN,S/2026/714,https://documents.un.org/api/symbol/access?s=S%2F2026%2F714&l=en&t=pdf,sponses received by the panel from the brh and commercial banks with regard to sanctions implementation as reflected below below table i an excerpt of a table shared by the brh showing the amounts frozen across the board for respective sanctioned individuals by commercial banks and microfinance inst,jimmy cherizier; jimmy cherizier; jimmy cherizier,
un_report,HTi.009,KEMPES SANON,Haiti,1.00,un_report,,UN,S/2026/714,https://documents.un.org/api/symbol/access?s=S%2F2026%2F714&l=en&t=pdf,lished pursuant to resolution 2653 2022 concerning haiti as being responsible for complicit in or having engaged in directly or indirectly actions that threaten the peace security and stability of haiti through resolution 2794 2025 the council also designated two additional individuals dimitri herar,kempes sanon; kempes sanon; kempes sanon,
un_report,HTe.002,VIV ANSANM,Haiti,1.00,un_report,,UN,S/2026/714,https://documents.un.org/api/symbol/access?s=S%2F2026%2F714&l=en&t=pdf,n reflects the delayed action of financial institutions following designations resulting in sanctioned individuals transferring their assets or concealing them under the names of third parties 12 haitian commercial banks also stated that they had frozen the bank accounts of several gang leaders foll,viv ansanm; viv ansanm; viv ansanm,
un_report,HTi.007,LUCKSON ELAN,Haiti,1.00,un_report,,UN,S/2026/714,https://documents.un.org/api/symbol/access?s=S%2F2026%2F714&l=en&t=pdf,rote to mr cassy giving him an opportunity to respond to its findings but had received no response at the time of drafting 4 massacre by viv ansanm in the lower artibonite 60 march 2026 marked the onset of a new wave of acute violence in the lower artibonite driven by coordinated viv ansanm attacks ,luckson elan; luckson elan; luckson elan,
un_report,HTe.001,GRAN GRIF,Haiti,1.00,un_report,,UN,S/2026/714,https://documents.un.org/api/symbol/access?s=S%2F2026%2F714&l=en&t=pdf,au prince particularly in cite soleil and croix des bouquets communes between march and july killed several hundred people and displaced tho usands during clashes incidents of sexual violence surged as a tool of retaliation between rival gangs march 2026 also marked the onset of a new wave of violen,gran grif; gran grif; gran grif,
