ref,kind,name,original_script,aliases,low_aliases,regime,listed_on,nationality,countries,dobs,documents,designation,last_updated,comments
CDe.001,entity,ADF,,Allied Democratic Forces; Forces Démocratiques Alliées-Armée Nationale de Libération de l’Ouganda; ADF/NALU; NALU,,DRC,2014-06-30,,Democratic Republic of the Congo,,,,2016-10-19; 2020-08-19,"ADF founder and leader, Jamil Mukulu (CDi.015), was arrested in Dar es Salaam, Tanzania in April 2015. He was subsequently extradited to Kampala, Uganda in July 2015. As of June 2016, Mukulu is reportedly being held in a police detention cell awaiting his trial. Seka Baluku (CDi.036) succeeded Jamil Mukulu (CDi.015) as the overall leader of the ADF. As highlighted in several reports from the Group of Experts on the DRC (S/2015/19, S/2015/797, S/2016/1102, S/2017/672, S/2018/531, S/2019/469, S/2019/974, S/2020/482), the ADF, including under Seka Baluku’s leadership, continued to commit the repeated targeting, killing and maiming, rape and other sexual violence, abduction of civilians, including children, as well as attacks on villages and health facilities, in particular in Mamove, Beni territory, on 12 and 24 February 2019, and Mantumbi, Beni territory, on 5 December 2019 and 30 January 2020, as well as the continuous recruitment and use of children during attacks and for forced labour in Beni territory in the DRC since at least 2015. INTERPOL-UN Security Council Special Notice:https://www.interpol.int/en/How-we-work/Notices/View-UN-Notices-Entities"
CDe.002,entity,BUTEMBO AIRLINES (BAL),,,,DRC,2007-03-29,,Democratic Republic of the Congo,,,,,"Privately-owned airline, operates out of Butembo. Since December 2008, BAL no longer holds an aircraft operating license in the DRC. INTERPOL-UN Security Council Special Notice:https://www.interpol.int/en/How-we-work/Notices/View-UN-Notices-Entities"
CDe.003,entity,COMPAGNIE AERIENNE DES GRANDS LACS (CAGL) ; GREAT LAKES BUSINESS COMPANY (GLBC),,CAGL,,DRC,2007-03-29,,Democratic Republic of the Congo; Rwanda,,,,,"As of December 2008, GLBC no longer had any operational aircraft, although several aircraft continued flying in 2008 despite UN sanctions. INTERPOL-UN Security Council Special Notice:https://www.interpol.int/en/How-we-work/Notices/View-UN-Notices-Entities"
CDe.004,entity,CONGOMET TRADING HOUSE,,,,DRC,2007-03-29,,,,,,,"No longer exists as a gold trading house in Butembo, North Kivu. INTERPOL-UN Security Council Special Notice:https://www.interpol.int/en/How-we-work/Notices/View-UN-Notices-Entities"
CDe.005,entity,FORCES DEMOCRATIQUES DE LIBERATION DU RWANDA (FDLR),,FDLR; Force Combattante Abacunguzi; Combatant Force for the Liberation of Rwanda; FOCA,,DRC,2012-12-31,,Democratic Republic of the Congo,,,,,Email: Fdlr@fmx.de; fldrrse@yahoo.fr; fdlr@gmx.net; fdlrsrt@gmail.com; humura2020@gmail.com. INTERPOL-UN Security Council Special Notice:https://www.interpol.int/en/How-we-work/Notices/View-UN-Notices-Entities
CDe.006,entity,M23,,Mouvement du 23 mars,,DRC,2012-12-31,,,,,,,e-mail: mouvementdu23mars1@gmail.com INTERPOL-UN Security Council Special Notice:https://www.interpol.int/en/How-we-work/Notices/View-UN-Notices-Entities
CDe.007,entity,MACHANGA LTD,,,,DRC,2007-03-29,,Uganda,,,,2020-08-19,"Gold export company (Directors: Mr. Rajendra Kumar Vaya and Mr. Hirendra M. Vaya). In 2010, assets belonging to Machanga, held in the account of Emirates Gold, were frozen by Bank of Nova Scotia Mocatta (UK). The owners of Machanga have remained involved in purchasing gold from eastern DRC. Machanga Ltd last filed an annual return in 2004 and was listed as “status inactive” according to the authorities of the Republic of Uganda. INTERPOL-UN Security Council Special Notice:https://www.interpol.int/en/How-we-work/Notices/View-UN-Notices-Entities"
CDe.008,entity,TOUS POUR LA PAIX ET LE DEVELOPPEMENT (NGO),,TPD,,DRC,2005-11-01,,Democratic Republic of the Congo,,,,,"Goma, with provincial committees in South Kivu, Kasai Occidental, Kasai Oriental and Maniema Officially suspended all activities since 2008. In practice, as of June 2011 TPD offices are open and involved in cases related to returns of IDPs, community reconciliation initiatives, land conflict settlements, etc. The TPD President is Eugene Serufuli and Vice-President is Saverina Karomba. Important members include North Kivu provincial deputies Robert Seninga and Bertin Kirivita. INTERPOL-UN Security Council Special Notice:https://www.interpol.int/en/How-we-work/Notices/View-UN-Notices-Entities"
CDe.009,entity,UGANDA COMMERCIAL IMPEX (UCI) LTD,,,,DRC,2007-03-29,,Uganda,,,,2020-08-19,"Gold export company. (Directors Mr. Jamnadas V. LODHIA – known as “Chuni”- and his sons Mr. Kunal LODHIA and Jitendra J. LODHIA). In January 2011, Ugandan authorities notified the Committee that following an exemption on its financial holdings, Emirates Gold repaid UCI’s debt to Crane Bank in Kampala, leading to final closure of its accounts. The directors of UCI have remained involved in purchasing gold from eastern DRC. Uganda Commercial Impex (UCI) Ltd last filed a return in 2013 and was listed as “Inactive – status inactive” by the authorities of the Republic of Uganda. INTERPOL-UN Security Council Special Notice:https://www.interpol.int/en/How-we-work/Notices/View-UN-Notices-Entities"
CDe.010,entity,ALLIANCE FLEUVE CONGO (AFC),,,,DRC,2026-07-14,,Democratic Republic of the Congo,,,,,Established in 2023. INTERPOL-UN Security Council Special Notice:https://www.interpol.int/en/How-we-work/Notices/View-UN-Notices-Entities
CDe.011,entity,TWIRWANEHO,,,,DRC,2026-07-14,,Democratic Republic of the Congo,,,,,"Congolese armed group. Formed 2008 to early 2010. TWIRWANEHO has been involved in atrocities in the South-Kivu province of the DRC, including the killing of civilians, recruiting children, and activities that threaten the peace and security of the people of the DRC. INTERPOL-UN Security Council Special Notice:https://www.interpol.int/en/How-we-work/Notices/View-UN-Notices-Entities"
CDi.001,individual,ERIC BADEGE,,,,DRC,2012-12-31,Democratic Republic of the Congo,Democratic Republic of the Congo; Rwanda,1971,,,2016-10-13,He fled to Rwanda in March 2013 and is still living there as of early 2016. INTERPOL-UN Security Council Special Notice:https://www.interpol.int/en/How-we-work/Notices/View-UN-Notices-Individuals
CDi.002,individual,FRANK KAKOLELE BWAMBALE,,FRANK KAKORERE; FRANK KAKORERE BWAMBALE; AIGLE BLANC,,DRC,2005-11-01,Democratic Republic of the Congo,Democratic Republic of the Congo,,,FARDC General,2016-10-13,"Left the CNDP in January 2008. As of June 2011, resides in Kinshasa. Since 2010, Kakolele has been involved in activities apparently on behalf of the DRC government’s Programme de Stabilisation et Reconstruction des Zones Sortant des Conflits Armés (STAREC), including participation in a STAREC mission to Goma and Beni in March 2011. DRC authorities arrested him in December 2013 in Beni, North Kivu Province, for allegedly blocking the DDR process. He left the DRC and lived in Kenya for some time, before being called back by the DRC Government to assist them with the situation in the Territory of Beni. He was arrested in October 2015 in the area of Mambasa for allegedly supporting a Mai Mai group, but no charges were brought and as of June 2016, he lived in Kinshasa. INTERPOL-UN Security Council Special Notice:https://www.interpol.int/en/How-we-work/Notices/View-UN-Notices-Individuals"
CDi.003,individual,GASTON IYAMUREMYE,,Byiringiro Victor Rumuli; Victor Rumuri; Michel Byiringiro,Rumuli,DRC,2010-12-01,Rwanda,Democratic Republic of the Congo; Rwanda,1948,,FDLR Interim President; FDLR-FOCA 1st Vice-President; FDLR-FOCA Major General,2016-10-13,INTERPOL-UN Security Council Special Notice:https://www.interpol.int/en/How-we-work/Notices/View-UN-Notices-Individuals
CDi.004,individual,INNOCENT KAINA,,Colonel Innocent KAINA,India Queen,DRC,2012-11-30,,Uganda,Nov. 1973,,Former M23 Deputy Commander,2016-10-13,: Became M23 deputy commander after the flight of Bosco Taganda’s faction to Rwanda in March 2013. Fled to Uganda in November 2013. In Uganda as of early 2016. INTERPOL-UN Security Council Special Notice:https://www.interpol.int/en/How-we-work/Notices/View-UN-Notices-Individuals
CDi.005,individual,JÉRÔME KAKWAVU BUKANDE,,Jérôme Kakwavu,Commandant Jérôme,DRC,2005-11-01,Democratic Republic of the Congo,Democratic Republic of the Congo,,,,,"Given the rank of General in the FARDC in December 2004. As of June 2011, detained in Makala Prison in Kinshasa. As of 25 March 2011, the High Military Court in Kinshasa opened a trial against Kakwavu for war crimes. In November 2014, convicted by a DRC military court to ten years in prison for rape, murder, and torture. INTERPOL-UN Security Council Special Notice:https://www.interpol.int/en/How-we-work/Notices/View-UN-Notices-Individuals"
CDi.006,individual,GERMAIN KATANGA,,,,DRC,2005-11-01,Democratic Republic of the Congo,Democratic Republic of the Congo,1978-04-28,,,2016-10-13,"Appointed General in the FARDC in December 2004. Handed over by the Government of the DRC to the International Criminal Court on 18 October 2007. Initially convicted on 23 May 2014 by the ICC to 12 years in prison for war crimes and crimes against humanity, the ICC Appeals Chamber reduced his sentence and determined that Katanga’s sentence should be completed on 18 January 2016. Although he was detained in the Netherlands for the duration of his trial, Katanga was transferred to a DRC prison in December 2015 and charged for other crimes previously committed in Ituri. INTERPOL-UN Security Council Special Notice:https://www.interpol.int/en/How-we-work/Notices/View-UN-Notices-Individuals"
CDi.007,individual,THOMAS LUBANGA,,,,DRC,2005-11-01,Democratic Republic of the Congo,Democratic Republic of the Congo,,,,2016-10-13; 2020-11-02,"Arrested in Kinshasa in March 2005 for UPC/L involvement in human rights abuses violations. Transferred to the ICC on 17 March 2006. Convicted by the ICC in March 2012 and sentenced to 14 years in prison. On 1 December 2014, ICC appeals judges upheld Lubanga’s conviction and sentence. Transferred to a prison facility in the DRC on 19 December 2015 to serve out his sentence of imprisonment. He was released on 15 March 2020 after having served his ICC sentence. INTERPOL-UN Security Council Special Notice:https://www.interpol.int/en/How-we-work/Notices/View-UN-Notices-Individuals"
CDi.008,individual,SULTANI MAKENGA,,"MAKENGA, Colonel SULTANI; MAKENGA, EMMANUEL SULTANI",,DRC,2012-11-12,Democratic Republic of the Congo,Democratic Republic of the Congo,1973-12-25,,,,A military leader of the Mouvement du 23 Mars (M23) group operating in the Democratic Republic of the Congo. In Uganda as of late 2014. INTERPOL-UN Security Council Special Notice:https://www.interpol.int/en/How-we-work/Notices/View-UN-Notices-Individuals
CDi.009,individual,KHAWA PANGA MANDRO,,Kawa Panga; Kawa Panga Mandro; Kawa Mandro; Yves Andoul Karim; Mandro Panga Kahwa; Yves Khawa Panga Mandro,“Chief Kahwa”; “Kawa”,DRC,2005-11-01,Democratic Republic of the Congo,Democratic Republic of the Congo; Uganda,1973-08-20,,,2016-10-13,"Placed in prison in Bunia in April 2005 for sabotage of the Ituri peace process. Arrested by Congolese authorities in October 2005, acquitted by the Court of Appeal in Kisangani, subsequently transferred to the judicial authorities in Kinshasa on new charges of crimes against humanity, war crimes, murder, aggravated assault and battery. In August 2014, a DRC military court in Kisangani convicted him of war crimes and crimes against humanity, sentenced him to nine years in prison, and ordered him to pay approximately $85,000 to his victims. He served his sentence and resides in Uganda as of May 2016. INTERPOL-UN Security Council Special Notice:https://www.interpol.int/en/How-we-work/Notices/View-UN-Notices-Individuals"
CDi.010,individual,CALLIXTE MBARUSHIMANA,,,,DRC,2009-03-03,Rwanda,Rwanda,1963-07-24,,FDLR Executive Secretary,2016-10-13,Arrested in Paris on 3 October 2010 under ICC warrant for war crimes and crimes against humanity committed by FDLR troops in the Kivus in 2009. Transferred to The Hague on 25 January 2011 and released by the ICC in late 2011. Elected FDLR Executive Secretary on 29 Nov. 2014 for a five-year term. INTERPOL-UN Security Council Special Notice:https://www.interpol.int/en/How-we-work/Notices/View-UN-Notices-Individuals
CDi.011,individual,IRUTA DOUGLAS MPAMO,,Douglas Iruta Mpamo,Mpano,DRC,2005-11-01,Democratic Republic of the Congo,Democratic Republic of the Congo; Rwanda,1965-12-28; 1965-12-29,,,,No known occupation since two of the planes managed by Great Lakes Business Company (GLBC) crashed. INTERPOL-UN Security Council Special Notice:https://www.interpol.int/en/How-we-work/Notices/View-UN-Notices-Individuals
CDi.012,individual,SYLVESTRE MUDACUMURA,,Mupenzi Bernard; General Major Mupenzi; General Mudacumura,Pharaoh; Radja,DRC,2005-11-01,Rwanda,Democratic Republic of the Congo; Rwanda,1954,,FDLR-FOCA Commander; FDLR-FOCA Lieutenant General,2016-10-13,"The International Criminal Court issued an arrest warrant for Mudacumura on 12 July 2012 for nine counts of war crimes, including attacking civilians, murder, mutilation, cruel treatment, rape, torture, destruction of property, pillaging and outrages against personal dignity, allegedly committed between 2009 and 2010 in the DRC. INTERPOL-UN Security Council Special Notice:https://www.interpol.int/en/How-we-work/Notices/View-UN-Notices-Individuals"
CDi.013,individual,LEODOMIR MUGARAGU,,Manzi Leon; Leo Manzi,,DRC,2010-12-01,Rwanda,Democratic Republic of the Congo; Rwanda,1954; 1953,,,,"FDLR-FOCA Chief of Staff, in charge of administration. INTERPOL-UN Security Council Special Notice:https://www.interpol.int/en/How-we-work/Notices/View-UN-Notices-Individuals"
CDi.014,individual,LEOPOLD MUJYAMBERE,,,Musenyeri; Achille; Frere Petrus Ibrahim,DRC,2009-03-03,Rwanda,Democratic Republic of the Congo; Rwanda,1962-03-17; 1966,,FDLR-FOCA Chief of Staff; FDLR-FOCA Interim Deputy Commander,2016-10-13,"Became acting FDLR-FOCA Deputy Commander in 2014. Captured in Goma, DRC by Congolese security services in early May 2016 and transferred to Kinshasa. INTERPOL-UN Security Council Special Notice:https://www.interpol.int/en/How-we-work/Notices/View-UN-Notices-Individuals"
CDi.015,individual,JAMIL MUKULU,,Steven Alirabaki; David Kyagulanyi; Musezi Talengelanimiro; Mzee Tutu; Abdullah Junjuaka; Alilabaki Kyagulanyi; Hussein Muhammad; Nicolas Luumu; Julius Elius Mashauri; David Amos Mazengo,Professor Musharaf; Talengelanimiro,DRC,2011-10-12,Uganda,Uganda,1965; 1964-01-01,,"Head of the Allied Democratic Forces (ADF); Commander, Allied Democratic Forces",2016-10-13,"Arrested in April 2015 in Tanzania and extradited to Uganda in July 2015. As of September 2016, Mukulu is reportedly being held in a police detention cell awaiting his trial for war crimes and grave breaches of the Geneva Convection under Ugandan Law. INTERPOL-UN Security Council Special Notice:https://www.interpol.int/en/How-we-work/Notices/View-UN-Notices-Individuals"
CDi.016,individual,IGNACE MURWANASHYAKA,,,Dr. Ignace,DRC,2005-11-01,Rwanda,Germany; Rwanda,1963-05-14,,FDLR President,2016-10-13; 2020-02-25,Reported to have died in prison in Germany on 16 April 2019. Arrested by German authorities on 17 November 2009 and found guilty by a German court on 28 September 2015 of leadership of a foreign terrorist group and aiding in war crimes. Received a 13-year sentence and is in prison in Germany as of June 2016. Re-elected FDLR President on 29 November 2014 for a five-year term. INTERPOL-UN Security Council Special Notice:https://www.interpol.int/en/How-we-work/Notices/View-UN-Notices-Individuals
CDi.017,individual,STRATON MUSONI,,IO Musoni,,DRC,2007-03-29,Rwanda,Rwanda,1961-04-06; 1961-06-04,,Former FDLR Vice President,2016-10-13,"Arrested by German authorities on 17 November 2009, found guilty in a German court on 28 September 2015 of leadership of a foreign terrorist group, and received an 8-year sentence. Musoni was released from prison immediately after the trial, having served over 5 years of his sentence. INTERPOL-UN Security Council Special Notice:https://www.interpol.int/en/How-we-work/Notices/View-UN-Notices-Individuals"
CDi.018,individual,JULES MUTEBUTSI,,Jules Mutebusi; Jules Mutebuzi; Colonel Mutebutsi,,DRC,2005-11-01,Democratic Republic of the Congo,Democratic Republic of the Congo,1964,,,2016-10-13,"Former FARDC Deputy Military Regional Commander of 10th Military Region in April 2004, dismissed for indiscipline. In December 2007, he was arrested by Rwandan authorities when he tried to cross the border into the DRC. Reported to have died in Kigali on 9 May 2014. INTERPOL-UN Security Council Special Notice:https://www.interpol.int/en/How-we-work/Notices/View-UN-Notices-Individuals"
CDi.019,individual,BAUDOIN NGARUYE WA MYAMURO,,Colonel Baudoin NGARUYE,,DRC,2012-11-30,Democratic Republic of the Congo,Democratic Republic of the Congo; Rwanda,1978-04-01; 1978,National Identification Number 1-78-09-44621-80,Brigadier General,,"Entered the Republic of Rwanda on 16 March 2013. As of late 2014, living in Ngoma camp, Rwanda. INTERPOL-UN Security Council Special Notice:https://www.interpol.int/en/How-we-work/Notices/View-UN-Notices-Individuals"
CDi.020,individual,"MATHIEU, CHUI NGUDJOLO",,Cui Ngudjolo,,DRC,2005-11-01,Democratic Republic of the Congo,Democratic Republic of the Congo,1970-10-08,,,2016-10-13,"Arrested by MONUC in Bunia in October 2003. Surrendered by the Government of the DRC to the International Criminal Court on 7 February 2008. Acquitted of all charges by the ICC in December 2012, and the verdict was upheld by the Appeals Chamber on 27 February 2015. Ngudjolo filed a claim for asylum in the Netherlands, but was denied. He was deported to the DRC on 11 May 2015. INTERPOL-UN Security Council Special Notice:https://www.interpol.int/en/How-we-work/Notices/View-UN-Notices-Individuals"
CDi.021,individual,FLORIBERT NGABU NJABU,,Floribert Njabu Ngabu; Floribert Ndjabu; Floribert Ngabu Ndjabu,,DRC,2005-11-01,Democratic Republic of the Congo,Democratic Republic of the Congo,1971-05-23,Passport OB 0243318 Democratic Republic of the Congo,,2016-10-13,"Under house arrest in Kinshasa since March 2005 for FNI involvement in human rights abuses. Transferred to The Hague on 27 March 2011 to testify in the ICC Germain Katanga and Mathieu Ngudjolo trials. Applied for asylum in the Netherlands in May 2011. In October 2012, a Dutch court denied his asylum claim. In July 2014, he was deported from the Netherlands to DRC, where he was placed under arrest. INTERPOL-UN Security Council Special Notice:https://www.interpol.int/en/How-we-work/Notices/View-UN-Notices-Individuals"
CDi.022,individual,LAURENT NKUNDA,,Nkunda Mihigo Laurent; Laurent Nkunda Bwatare; Laurent Nkundabatware; Laurent Nkunda Mahoro Batware; Laurent Nkunda Batware,Chairman; General Nkunda; Papa Six,DRC,2005-11-01,Democratic Republic of the Congo,Democratic Republic of the Congo,1967-02-06; 1967-02-02,,,,"Former RCD-G General. Founder, National Congress for the People’s Defense, 2006; Senior Officer, Rally for Congolese Democracy-Goma (RCD-G), 1998-2006; Officer Rwandan Patriotic Front (RPF), 1992-1998. Laurent Nkunda was arrested by Rwandan authorities in Rwanda in January 2009 and replaced as the commander of the CNDP. Since then, he has been under house arrest in Kigali, Rwanda. DRC Government’s request to extradite Nkunda for crimes committed in eastern DRC has been refused by Rwanda. In 2010, Nkunda’s appeal for illegal detention was rejected by Rwandan court in Gisenyi, ruling that the matter should be examined by a military court. Nkunda’s lawyers appealed with the Rwandan Military Court. INTERPOL-UN Security Council Special Notice:https://www.interpol.int/en/How-we-work/Notices/View-UN-Notices-Individuals"
CDi.023,individual,FELICIEN NSANZUBUKIRE,,Fred Irakeza,,DRC,2010-12-01,Rwanda,Democratic Republic of the Congo; Rwanda,1967,,FDLR-FOCA Subsector Commander; FDLR-FOCA Colonel,2016-10-13,INTERPOL-UN Security Council Special Notice:https://www.interpol.int/en/How-we-work/Notices/View-UN-Notices-Individuals
CDi.024,individual,PACIFIQUE NTAWUNGUKA,,Pacifique Ntawungula,Colonel Omega; Nzeri; Israel,DRC,2009-03-03,Rwanda,Democratic Republic of the Congo; Rwanda,1964-01-01; 1964,,FDLR-FOCA “SONOKI” Sector Commander; FDLR-FOCA Brigadier General,2016-10-13,Received military training in Egypt. INTERPOL-UN Security Council Special Notice:https://www.interpol.int/en/How-we-work/Notices/View-UN-Notices-Individuals
CDi.025,individual,JAMES NYAKUNI,,,,DRC,2005-11-01,Uganda,Uganda,,,,,INTERPOL-UN Security Council Special Notice:https://www.interpol.int/en/How-we-work/Notices/View-UN-Notices-Individuals
CDi.026,individual,STANISLAS NZEYIMANA,,Deogratias Bigaruka Izabayo; Izabayo Deo; Jules Mateso Mlamba,Bigaruka; Bigurura,DRC,2009-03-03,Rwanda,Rwanda,1966-01-01; 1966-08-28; 1967,,Former FDLR-FOCA Deputy Commander,2016-10-13,Disappeared while in Tanzania in early 2013. Whereabouts unknown as of June 2016. INTERPOL-UN Security Council Special Notice:https://www.interpol.int/en/How-we-work/Notices/View-UN-Notices-Individuals
CDi.027,individual,DIEUDONNÉ OZIA MAZIO,,Ozia Mazio,Omari; Mr Omari,DRC,2005-11-01,Democratic Republic of the Congo,Democratic Republic of the Congo,1949-06-06,,,,"While president of the Fédération des entreprises congolaises (FEC) in Aru territory, Dieudonné Ozia Mazio is believed to have died in Ariwara on 23 September 2008. INTERPOL-UN Security Council Special Notice:https://www.interpol.int/en/How-we-work/Notices/View-UN-Notices-Individuals"
CDi.028,individual,JEAN-MARIE LUGERERO RUNIGA,,Jean-Marie Rugerero,,DRC,2012-12-31,,Rwanda,1960; 1966-09-09,,"M23, President",2016-10-13,"Entered the Republic of Rwanda on 16 March 2013. As of 2016, residing in Rwanda. Participated in the creation of a new Congolese political party in June 2016, the Alliance pour le Salut du Peuple (ASP). INTERPOL-UN Security Council Special Notice:https://www.interpol.int/en/How-we-work/Notices/View-UN-Notices-Individuals"
CDi.029,individual,NTABO NTABERI SHEKA,,,,DRC,2011-11-28,Democratic Republic of the Congo,Democratic Republic of the Congo,1976-04-04,,"Commander-in-Chief, Nduma Defence of Congo, Mayi Mayi Sheka group",2020-08-19,"He surrendered to MONUSCO on 26 July 2017 and has been since detained by the Congolese authorities. His trial for war crimes, crimes against humanity and participation in an insurrectional movement, before the Military Court in Goma, started in November 2018. INTERPOL-UN Security Council Special Notice:https://www.interpol.int/en/How-we-work/Notices/View-UN-Notices-Individuals"
CDi.030,individual,BOSCO TAGANDA,,Bosco Ntaganda; Bosco Ntagenda; General Taganda,Lydia; Terminator; Tango Romeo; Romeo; Major,DRC,2005-11-01,Democratic Republic of the Congo,Belgium; Democratic Republic of the Congo,1973-1974,,,2016-10-13; 2020-08-19; 2023-03-01,"Born in Rwanda, he moved to Nyamitaba, Masisi territory, North Kivu, when he was a child. Nominated FARDC Brigadier-General by Presidential Decree on 11 December 2004, following Ituri peace agreements. Formerly Chief of Staff in CNDP and became CNDP military commander since the arrest of Laurent Nkunda in January 2009. Since January 2009, de facto Deputy Commander of consecutive anti-FDLR operations ‘Umoja Wetu’, ‘Kimia II’, and ‘Amani Leo’ in North and South Kivu. Entered Rwanda in March 2013, and voluntarily surrender to ICC officials in Kigali on March 22. Transferred to the ICC in The Hague, Netherlands. On 9 June 2014, ICC confirmed 13 charges of war crimes and five charges of crimes against humanity against him; the trial started in September 2015. On 8 July 2019, the ICC found him guilty of 18 counts of war crimes and crimes against humanity, committed in Ituri in 2002-2003. On 7 November 2019, he was sentenced to a total of 30 years imprisonment. He has appealed both his conviction and sentence. On 30 March 2021, the ICC Appeals Chamber confirmed his conviction and sentence. On 14 December 2022, he was transferred to the territory of Belgium for enforcement of sentence. INTERPOL-UN Security Council Special Notice:https://www.interpol.int/en/How-we-work/Notices/View-UN-Notices-Individuals"
CDi.031,individual,INNOCENT ZIMURINDA,,,Zimulinda,DRC,2010-12-01,Democratic Republic of the Congo,Democratic Republic of the Congo,1972-09-01; 1975; 1972-03-16,,"M23, Bde Comd, Rank: Colonel; Colonel in the FARDC",,"Integrated in the FARDC in 2009 as a Lieutenant Colonel, brigade commander in FARDC Kimia II Ops, based in Ngungu area. In July 2009, Zimurinda was promoted to full Colonel and became FARDC Sector commander in Ngungu and subsequently in Kitchanga in FARDC Kimia II and Amani Leo Operations. Whereas Zimurinda did not appear in the 31 December 2010 DRC Presidential ordinance nominating high FARDC officers, Zimurinda de facto maintained his command position of FARDC 22nd sector in Kitchanga and wears the newly issued FARDC rank and uniform. In December 2010, recruitment activities carried out by elements under the command of Zimurinda were denounced in open source reports. Entered the Republic of Rwanda on 16 March 2013. As of late 2014, residing in Ngoma camp, Rwanda. INTERPOL-UN Security Council Special Notice:https://www.interpol.int/en/How-we-work/Notices/View-UN-Notices-Individuals"
CDi.032,individual,MUHINDO AKILI MUNDOS,,Charles Muhindo Akili Mundos; Akili Muhindo; Muhindo Mundos,,DRC,2018-02-01,Democratic Republic of the Congo,Democratic Republic of the Congo,1972-11-10,,"DRC Armed Forces (FARDC) General, Commander of the 31st Brigade; FARDC Brigadier General",,"Muhindo Akili Mundos is an FARDC General, Commander of the 31st Brigade. He was appointed commander of the FARDC’s Operational Sector in the areas of Beni and Lubero, including Operation Sukola I against the Allied Democratic Forces (ADF) in September 2014. He remained in that position until June 2015. He is also a threat to the peace, stability and security of the DRC under UNSCR 2293 paragraph 7(e). INTERPOL-UN Security Council Special Notice:https://www.interpol.int/en/How-we-work/Notices/View-UN-Notices-Individuals"
CDi.033,individual,GUIDON SHIMIRAY MWISSA,,,,DRC,2018-02-01,,,1980-03-13,,,,"Graduated secondary school humanités sociales in Mpofi; joined the armed group commanded by She Kasikila at the age of 16; integrated the FARDC with Kasikila, becoming his battalion S3; injured in 2007, thereafter joining Mai Mai Simba under then-commander “Mando;” participated in the creation of the NDC in 2008, becoming the deputy commander in charge of the Aigle Lemabé Brigade. He is also a threat to the peace, stability and security of the DRC under UNSCR 2293 paragraph 7(g). INTERPOL-UN Security Council Special Notice:https://www.interpol.int/en/How-we-work/Notices/View-UN-Notices-Individuals"
CDi.034,individual,LUCIEN NZAMBAMWITA,,André Kalume,,DRC,2018-02-01,Rwanda,Rwanda,1966,,,,"He is a threat to the peace, stability and security of the DRC under UNSCR 2293 paragraph 7(j). INTERPOL-UN Security Council Special Notice:https://www.interpol.int/en/How-we-work/Notices/View-UN-Notices-Individuals"
CDi.035,individual,GÉDÉON KYUNGU MUTANGA WA BAFUNKWA KANONGA,,,,DRC,2018-02-01,,,1974,,Katangan rebel leader,,"Gédéon Kyungu belongs to the Balubakat ethnic group. After completing primary education in Likasi and secondary school in Manono, he obtained a degree in pedagogy. In 1999 he joined the Maï Maï movement, commanding from 2003 one of the most active groups in the province of Katanga. In 2006, he visited UN peacekeeping forces to integrate through the disarmament, demobilization and reintegration (DDR) process. He escaped from prison in 2011 and surrendered in October 2016. He is a threat to the peace, stability and security of the DRC under UNSCR 2293 paragraph 7(e). INTERPOL-UN Security Council Special Notice:https://www.interpol.int/en/How-we-work/Notices/View-UN-Notices-Individuals"
CDi.036,individual,SEKA BALUKU,,,Mzee Kajaju; Musa; Lumu; Lumonde,DRC,2020-02-06,Uganda,Democratic Republic of the Congo; Uganda,1977,,Overall leader of the Allied Democratic Forces (ADF) (CDe.001).,,"Longtime member of the ADF (CDe.001), Baluku used to be the second in command to ADF founder Jamil Mukulu (CDi.015) until he took over after FARDC military operation Sukola I in 2014. INTERPOL-UN Security Council Special Notice:https://www.interpol.int/en/How-we-work/Notices/View-UN-Notices-Individuals"
CDi.037,individual,PROTOGÈNE RUVUGAYIMIKORE,,RUHINDA; GABY RUHINDA; ZORRO MIDENDE,GATOKARAKURA,DRC,2023-10-25,,Democratic Republic of the Congo,1969; 1970; 1971,,Commander of the FDLR special unit “Commando de recherche et d'action en profondeur” (CRAP) (now called Maccabe),,"Listed pursuant to paragraphs 7 (b), 7 (e), and 7 (h) of resolution 2293 (2016) as “being political and military leaders of foreign armed groups operating in the DRC who impede the disarmament and the voluntary repatriation or resettlement of combatants belonging to those groups”; “committing acts in the DRC that constitute human rights violations or abuses or violations of international humanitarian law, as applicable, including those acts involving the targeting of civilians, including killing and maiming, rape and other sexual violence, abduction, forced displacement, and attacks on schools and hospitals”; and “acting on behalf of or at the direction of a designated individual or entity, or acting on behalf of or at the direction of an entity owned or controlled by a designated individual or entity”, as reaffirmed by paragraph 2 of resolution 2688 (2023). As a leader of FDLR (CDe.005), he has effective command and control over the group’s combatants. INTERPOL-UN Security Council Special Notice:https://www.interpol.int/en/How-we-work/Notices/View-UN-Notices-Individuals"
CDi.038,individual,BERNARD MAHESHE BYAMUNGU,,,TIGER ONE,DRC,2023-10-25,Democratic Republic of the Congo,Democratic Republic of the Congo,1974-10-10,,Brigadier General; Deputy Commander of operations and intelligence for M23,,"Listed pursuant to paragraphs 7 (c) and 7 (h) of resolution 2293 (2016) as “political and military leaders of Congolese militias, including those receiving support from outside the DRC, who impede the participation of their combatants in disarmament, demobilization and reintegration processes”; and “acting on behalf of or at the direction of a designated individual or entity, or acting on behalf of or at the direction of an entity owned or controlled by a designated individual or entity”, as reaffirmed by paragraph 2 of resolution 2688 (2023). As a leader of M23 (CDe.006), he is involved in promulgating and supporting the armed group’s activities. He was promoted in January 2023 to Brigadier for the Congolese Revolutionary Army, the M23 armed branch. He was then appointed chief of staff and deputy to SULTANI MAKENGA (CDi.008), and has validated the planning for every M23 operations in DRC since then. A warrant has been issued by Congolese authorities for his arrest. INTERPOL-UN Security Council Special Notice:https://www.interpol.int/en/How-we-work/Notices/View-UN-Notices-Individuals"
CDi.039,individual,APOLLINAIRE HAKIZIMANA,,AMIKWE LEPIC,LE POÈTE; ADONIA,DRC,2024-02-20,Rwanda,Rwanda,1964,,Lieutenant General; Commissioner for Defense for the Forces Démocratiques de Libération du Rwanda - Forces Combattantes Abacunguzi (FDLR-FOCA),,"Listed pursuant to paragraphs 7 (b), 7 (e) and 7 (h) of resolution 2293 (2016) as “being political and military leaders of foreign armed groups operating in the DRC who impede the disarmament and the voluntary repatriation or resettlement of combatants belonging to those groups”; “planning, directing, or committing acts in the DRC that constitute human rights violations or abuses or violations of international humanitarian law, as applicable, including those acts involving the targeting of civilians, including killing and maiming, rape and other sexual violence, abduction, forced displacement, and attacks on schools and hospitals”; and “acting on behalf of or at the direction of a designated individual or entity, or acting on behalf of or at the direction of an entity owned or controlled by a designated individual or entity,” as extended by resolution 2688 (2023). As a military leader of FDLR, APOLLINAIRE HAKIZIMANA is involved in promulgating and supporting the group’s activities. INTERPOL-UN Security Council Special Notice:https://www.interpol.int/en/How-we-work/Notices/View-UN-Notices-Individuals"
CDi.040,individual,AHMAD MAHMOOD HASSAN,,AHMED MAHAMUD HASSAN ALIYANI; AHMAD MAHMOUD HASSAN; AHMAD MAHAMOOD HASSAN; AHMED MAHMOUD HASSAN,ABU WAQAS; SAINT JOYAGE; JUNDI; ABWAKASI; ABUWAKAS; MURABU; MARABOU; MWARABU; LEBLANC,DRC,2024-02-20,United Republic of Tanzania,Democratic Republic of the Congo; United Republic of Tanzania,1997-07-21; 1993,Passport AB850901 United Republic of Tanzania; Passport AB187304 United Republic of Tanzania,Lieutenant general; Senior leader of the Allied Democratic Forces (ADF) (CDe.001),,"Listed pursuant to paragraphs 7 (b), 7 (e), and 7 (h) of resolution 2293 (2016) and paragraph 3 of resolution 2641 (2022): “being political and military leaders of foreign armed groups operating in the DRC who impede the disarmament and the voluntary repatriation or resettlement of combatants belonging to those groups”, “planning, directing, or committing acts in the DRC that constitute human rights violations or abuses or violations of international humanitarian law, as applicable, including those acts involving the targeting of civilians, including killing and maiming, rape and other sexual violence, abduction, forced displacement, and attacks on schools and hospitals”, “acting on behalf of or at the direction of a designated individual or entity, or acting on behalf of or at the direction of an entity owned or controlled by a designated individual or entity”, and “involve[d] in the production, manufacture or use in the DRC of improvised explosive devices, or in the commission, planning, ordering, aiding, abetting or otherwise assistance of attacks in the DRC with improvised explosive devices”. INTERPOL-UN Security Council Special Notice:https://www.interpol.int/en/How-we-work/Notices/View-UN-Notices-Individuals"
CDi.041,individual,MICHEL RUKUNDA,,,MAKANIKA,DRC,2024-02-20,Democratic Republic of the Congo,Democratic Republic of the Congo,1974-09-12,,Commander and military leader of the armed group Twirwaneho,,"Listed pursuant to paragraph 7 (c), 7 (d), and 7 (e) of resolution 2293 (2016) as “being political and military leaders of Congolese militias, including those receiving support from outside the DRC, who impede the participation of their combatants in disarmament, demobilization and reintegration processes”; “recruiting or using children in armed conflict in the DRC in violation of applicable international law”; “planning, directing, or committing acts in the DRC that constitute human rights violations or abuses or violations of international humanitarian law, as applicable, including those acts involving the targeting of civilians, including killing and maiming, rape and other sexual violence, abduction, forced displacement, and attacks on schools and hospitals” and “acting on behalf of or at the direction of a designated individual or entity, or acting on behalf of or at the direction of an entity owned or controlled by a designated individual or entity”, as extended by resolution 2688 (2023). As a military leader of an armed Congolese militia, MICHEL RUKUNDA is involved in promulgating and supporting the group’s activities. INTERPOL-UN Security Council Special Notice:https://www.interpol.int/en/How-we-work/Notices/View-UN-Notices-Individuals"
CDi.042,individual,MOHAMED ALI NKALUBO,,MEDDIE NKALUBO; MEDDIE LEE,KASIBANTE; ABOU SHAUKAN; DEFENDER; PUNNY BOY; ABUL JIHAD; ABU SHAUKAN; PUNISHER,DRC,2024-02-20,Uganda,Democratic Republic of the Congo; Uganda,1987; 1988; 1991; 1992; 1993,,"Allied Democratic Forces (ADF) senior leader for operations/organization/support, and also communication and propaganda",,"Listed pursuant to paragraphs 7 (b), 7 (d), 7 (e), and 7 (h) of resolution 2293 (2016) as “being political and military leaders of foreign armed groups operating in the DRC who impede the disarmament and the voluntary repatriation or resettlement of combatants belonging to those groups; “recruiting or using children in armed conflict in the DRC in violation of applicable international law; “planning, directing, committing acts in the DRC that constitute human rights violations or abuses or violations of international humanitarian law, as applicable, including those acts involving the targeting of civilians, including killing and maiming, rape and other sexual violence, abduction, forced displacement, and attacks on schools and hospitals”; and “acting on behalf of or at the direction of a designated individual or entity, or acting on behalf of or at the direction of an entity owned or controlled by a designated individual or entity”, as reaffirmed by paragraph 2 of resolution 2688 (2023). As a leader of ADF (CDe.001), MOHAMED ALI NKALUBO is involved in planning, promulgating and supporting the armed group’s activities. He has effective command and control over the group’s combatants. INTERPOL-UN Security Council Special Notice:https://www.interpol.int/en/How-we-work/Notices/View-UN-Notices-Individuals"
CDi.043,individual,WILLIAM AMURI YAKUTUMBA,,YAKUTUMBA,,DRC,2024-02-20,Democratic Republic of the Congo,Democratic Republic of the Congo,1970; 1972,,Secretary General and leader for the Coalition nationale du people pour la souveraineté du Congo (CNPSC) (until February 2023); founder and leader for MAI-MAI YAKUTUMBA,,"Listed pursuant to paragraphs 7 (c), 7 (d), 7 (e) and 7 (g) of resolution 2293 (2016) as “being political and military leaders of Congolese militias, including those receiving support from outside the DRC, who impede the participation of their combatants in disarmament, demobilization and reintegration processes;” “recruiting or using children in armed conflict in the DRC in violation of applicable international law;” “planning, directing, committing acts in the DRC that constitute human rights violations or abuses or violations of international humanitarian law, as applicable, including those acts involving the targeting of civilians, including killing and maiming, rape and other sexual violence, abduction, forced displacement, and attacks on schools and hospitals;” and “supporting individuals or entities, including armed groups or criminal networks, involved in destabilizing activities in the DRC through the illicit exploitation or trade of natural resources, including gold or wildlife as well as wildlife products”, as reaffirmed by paragraph 2 of resolution 2688 (2023). As the leader of the MAI MAI YAKUTUMBA, one of the largest CNPSC militia, WILLIAM AMURI YAKUTUMBA is involved in planning, promulgating and supporting the militia’s activities. He has effective command and control over the militia’s combatants. INTERPOL-UN Security Council Special Notice:https://www.interpol.int/en/How-we-work/Notices/View-UN-Notices-Individuals"
CDi.044,individual,WILLY NGOMA,,,,DRC,2024-02-20,Democratic Republic of the Congo,Democratic Republic of the Congo,1974,,Major; Military spokesperson for M23,,"Listed pursuant to paragraphs 7 (c), 7 (e) and 7 (h) of resolution 2293 (2016) as “being political and military leaders of Congolese militias, including those receiving support from outside the DRC, who impede the participation of their combatants in disarmament, demobilization and reintegration processes;” “planning, directing, committing acts in the DRC that constitute human rights violations or abuses or violations of international humanitarian law, as applicable, including those acts involving the targeting of civilians, including killing and maiming, rape and other sexual violence, abduction, forced displacement, and attacks on schools and hospitals;” and “acting on behalf of or at the direction of an entity owned or controlled by a designated individual or entity”, as reaffirmed by paragraph 2 of resolution 2688 (2023). As a leader of M23 (CDe.006), WILLY NGOMA is involved in planning, promulgating and supporting the armed group’s activities. INTERPOL-UN Security Council Special Notice:https://www.interpol.int/en/How-we-work/Notices/View-UN-Notices-Individuals"
CDi.045,individual,CORNEILLE NANGAA YOBELUO,,CORNEILLE NANGAA; CORNEILLE YOBELUO,,DRC,2026-07-14,Democratic Republic of the Congo,Democratic Republic of the Congo,1970-07-09,Passport OP1097934 Democratic Republic of the Congo; Passport DP0000149 Democratic Republic of the Congo; Passport DP0003850 Democratic Republic of the Congo,Leader of the Alliance Fleuve Congo (AFC) (CDe.010),,"Gender: Male. Corneille Nangaa Yobeluo is the leader of the Alliance Fleuve Congo (AFC) (CDe.010), a politico-military movement allied with the United Nations-sanctioned March 23 Movement/Congolese Revolutionary Army (M23/ARC) (CDe.006). INTERPOL-UN Security Council Special Notice:https://www.interpol.int/en/How-we-work/Notices/View-UN-Notices-Individuals"
CDi.046,individual,SEBASTIEN UWIMBABAZI,,,GILBERT KIMENYI; NYEMBO KIMENYI,DRC,2026-07-14,Rwanda,Democratic Republic of the Congo; Rwanda,1968,,Brigadier General and Leader of the Democratic Forces for the Liberation of Rwanda (FDLR) (CDe.005),,"Gender: Male. Sebastien Uwimbabazi has and continues to engage in or provide support for acts that undermine the peace, stability and security of the DRC. INTERPOL-UN Security Council Special Notice:https://www.interpol.int/en/How-we-work/Notices/View-UN-Notices-Individuals"
CDi.047,individual,MUHAMMED LUMISA,,"LUMISA, MUHAMAD",L. KATO; LUMINSA; LUMWINSA; MUKADE; MUKAKE,DRC,2026-07-14,Uganda,Democratic Republic of the Congo; Uganda,1959-1965,,"Commander, doctor and head of external logistics of the Allied Democratic Forces (ADF) (CDe.001)",,"Gender: Male. As one of the commanders of the Allied Democratic Forces (ADF) (CDe.001), MUHAMMED LUMISA is involved in planning, promulgating, and supporting the militia’s activities. He also oversees the group’s external logistics. INTERPOL-UN Security Council Special Notice:https://www.interpol.int/en/How-we-work/Notices/View-UN-Notices-Individuals"
CDi.048,individual,CHARLES SEMATAMA,,SEBANYANA,,DRC,2026-07-14,Democratic Republic of the Congo,Democratic Republic of the Congo,1975,,Colonel; Commander and military leader of Twirwaneho (CDe.011),,Gender: Male. INTERPOL-UN Security Council Special Notice:https://www.interpol.int/en/How-we-work/Notices/View-UN-Notices-Individuals
CDi.049,individual,JOHN IMANI NZENZE,,,,DRC,2026-07-14,Democratic Republic of the Congo; Rwanda,Democratic Republic of the Congo; Rwanda,1978-08-06,Passport OP0204168 Democratic Republic of the Congo; Passport OB0072391 Democratic Republic of the Congo; National Identification Number 1 1978 8 0137555 3 27 Rwanda,Colonel; M23 intelligence chief (CDe.006),,"Gender: Male. As a leader of M23 (CDe.006), JOHN IMANI NZENZE is involved in planning, promulgating and supporting the armed group’s activities. INTERPOL-UN Security Council Special Notice:https://www.interpol.int/en/How-we-work/Notices/View-UN-Notices-Individuals"
CDi.050,individual,GUSTAVE KUBWAYO,,SIRKOOF; SURCOUF,SURKOF,DRC,2026-07-14,Rwanda,Democratic Republic of the Congo; Rwanda,1969,,Colonel; Commander of FDLR-FOCA (CDe.005),,"Gender: Male. As one of the main Democratic Forces for the Liberation of Rwanda Forces Combattantes Abacunguzi (FDLR-FOCA) (CDe.005) commanders and the new commander of the Commando de Recherche et d'Action en Profondeur (CRAP), GUSTAVE KUBWAYO alias SIRKOOF is involved in planning, promulgating and supporting the armed group’s activities, such as targeting civilians, kidnapping for ransom and illegally exploiting natural resources. INTERPOL-UN Security Council Special Notice:https://www.interpol.int/en/How-we-work/Notices/View-UN-Notices-Individuals"
CFe.002,entity,LORD’S RESISTANCE ARMY,,LRA; Lord’s Resistance Movement (LRM); Lord’s Resistance Movement/Army (LRM/A),,CAR,2016-03-07,,Central African Republic; Democratic Republic of the Congo,,,,,"Emerged in northern Uganda in the 1980s. Has engaged in the abduction, killing and mutilation of thousands of civilians in Central Africa, including hundreds in the Central African Republic. The leader is Joseph Kony (CFi.009). INTERPOL-UN Security Council Special Notice:https://www.interpol.int/en/How-we-work/Notices/View-UN-Notices-Entities"
CFi.001,individual,FRANÇOIS YANGOUVONDA BOZIZÉ,,Bozize Yangouvonda; Samuel Peter Mudde,,CAR,2014-05-09,Central African Republic; South Sudan,Central African Republic; South Sudan; Uganda,1946-10-14; 1948-12-16,Passport D00002264; National Identification Number M4800002143743,,2014-11-04; 2018-02-16; 2019-03-01; 2020-07-28,Mother’s name is Martine Kofio. Photo available for inclusion in the INTERPOL-UN Security Council Special Notice. INTERPOL-UN Security Council Special Notice:https://www.interpol.int/en/How-we-work/Notices/View-UN-Notices-Individuals
CFi.002,individual,NOURREDINE ADAM,,Nureldine Adam; Nourreldine Adam; Nourreddine Adam; Mahamat Nouradine Adam; Mohamed Adam Brema Abdallah,,CAR,2014-05-09,Central African Republic; Sudan,Central African Republic; Sudan,1970; 1969; 1971; 1970-01-01; 1971-01-01,Passport D00001184 Central African Republic; Passport P04838205; National Identification Number 20227088368 Sudan,"General; Minister for Security; Director General of the ""Extraordinary Committee for the Defence of Democratic Achievements",2014-11-04; 2019-03-01; 2019-09-06,Photo available for inclusion in the INTERPOL-UN Security Council Special Notice. INTERPOL-UN Security Council Special Notice:https://www.interpol.int/en/How-we-work/Notices/View-UN-Notices-Individuals
CFi.004,individual,ALFRED YEKATOM,,Alfred Yekatom Saragba; Alfred Ekatom; Alfred Saragba,Colonel Rombhot; Colonel Rambo; Colonel Rambot; Colonel Rombot; Colonel Romboh,CAR,2015-08-20,Central African Republic,Central African Republic,1976-06-23,,Chief Corporal of the Forces Armées Centrafricaines (FACA),2020-07-28,"Has controlled and commanded a large group of armed militia men. Father’s name (adoptive father) is Ekatom Saragba (also spelled Yekatom Saragba). Brother of Yves Saragba, an anti-Balaka commander in Batalimo, Lobaye province, and a former FACA soldier. Physical description: eye colour: black; hair colour: bold; complexion: black; height: 170cm; weight: 100kg. Photo available for inclusion in the INTERPOL-UN Security Council Special Notice. INTERPOL-UN Security Council Special Notice:https://www.interpol.int/en/How-we-work/Notices/View-UN-Notices-Individuals"
CFi.005,individual,HABIB SOUSSOU,,Soussou Abib,,CAR,2015-08-20,Central African Republic,Central African Republic,1980-03-13,,Coordinator of anti-Balaka for Lobaye province; Master-corporal of the Central African Armed Forces (FACA),2020-07-28,"Appointed as anti-balaka zone commander (COMZONE) of Boda on 11 April 2014 and on 28 June 2014, for the entire Lobaye Province. Under his command, targeted killings, clashes and attacks against humanitarian organizations and aid workers have continued to take place. Physical description: eye colour: brown; hair colour: black; height: 160cm; weight: 60kg. Photo available for inclusion in the INTERPOL-UN Security Council Special Notice. INTERPOL-UN Security Council Special Notice:https://www.interpol.int/en/How-we-work/Notices/View-UN-Notices-Individuals"
CFi.006,individual,OUMAR YOUNOUS ABDOULAY,,Oumar Younous; Omar Younous; Oumar Sodiam; Oumar Younous M’Betibangui,,CAR,2015-08-20,Sudan,Central African Republic; Sudan,1970-04-02,Passport CAR diplomatic passport no. D00000898,Former Séléka General,2015-10-20; 2016-08-23,Is a diamond smuggler and a three-star general of the Séléka and close confident of former CAR interim president Michel Djotodia. Physical description: hair colour: black; height: 180cm; belongs to the Fulani ethnic group. Photo available for inclusion in the INTERPOL-UN Security Council Special Notice. Reportedly deceased as at 11 October 2015 INTERPOL-UN Security Council Special Notice:https://www.interpol.int/en/How-we-work/Notices/View-UN-Notices-Individuals
CFi.007,individual,HAROUN GAYE,,Haroun Geye; Aroun Gaye; Aroun Geye,,CAR,2015-12-17,,Central African Republic,1968-01-30; 1969-01-30,Passport Central African Republic number O00065772,Rapporteur of the political coordination of the Front Populaire pour la Renaissance de Centrafrique (FPRC),2020-07-28,"Gaye is a leader of the Front Populaire pour la Renaissance de Centrafrique (FPRC) (not listed) a marginalized ex-Seleka armed group in Bangui. He is also a leader of the so-called “Defense Committee” of Bangui’s PK5 (known as PK5 Resistance’ or ‘Texas’) (not listed), which extorts money from residents and threatens and employs physical violence. Gaye was appointed on 2 November 2014 by Nourredine Adam (CFi.002) as rapporteur of the political coordination of the FPRC. On 9 May 2014, the Security Council Committee established by resolution 2127 (2013) on CAR included Adam on its sanctions list. Photo available for inclusion in the INTERPOL-UN Security Council Special Notice. INTERPOL-UN Security Council Special Notice:https://www.interpol.int/en/How-we-work/Notices/View-UN-Notices-Individuals"
CFi.008,individual,EUGÈNE BARRET NGAÏKOSSET,,Eugene Ngaikosset; Eugene Ngaikoisset; Eugene Ngakosset; Eugene Barret Ngaikosse; Eugene Ngaikouesset,“The Butcher of Paoua”; Ngakosset,CAR,2015-12-17,,Central African Republic,1967-10-08,National Identification Number Central African Republic armed forces (FACA) Military identification number 911-10-77,"Former Captain, CAR Presidential Guard; Former Captain, CAR Naval Forces",2018-04-26; 2019-03-01,Captain Eugène Barret Ngaïkosset is a former member of former President François Bozizé’s (CFi.001) presidential guard and associated with the anti-Balaka movement. He escaped from jail on 17 May 2015 following his extradition from Brazzaville and created his own anti-balaka faction including former FACA fighters. Photo available for inclusion in the INTERPOL-UN Security Council Special Notice. INTERPOL-UN Security Council Special Notice:https://www.interpol.int/en/How-we-work/Notices/View-UN-Notices-Individuals
CFi.009,individual,JOSEPH KONY,,Kony; Joseph Rao Kony; Josef Kony,Le Messie sanglant,CAR,2016-03-07,Uganda,Central African Republic; Democratic Republic of the Congo; Uganda,1959; 1960; 1961; 1963; 1964-09-18; 1965; August 1961; July 1961; 1961-01-01; April 1963,,Commander of the Lord’s Resistance Army,,"Kony is the founder and leader of the Lord’s Resistance Army (LRA) (CFe.002). Under his leadership, the LRA has engaged in the abduction, killing, and mutilation of thousands of civilians across Central Africa. The LRA has been responsible for kidnapping, displacing, committing sexual violence against, and killing hundreds of individuals across CAR, and has looted and destroyed civilian property. Father’s name is Luizi Obol. Mother’s name is Nora Obol. INTERPOL-UN Security Council Special Notice:https://www.interpol.int/en/How-we-work/Notices/View-UN-Notices-Individuals"
CFi.010,individual,ALI KONY,,Ali Lalobo; Ali Mohammad Labolo; Ali Mohammed; Ali Mohammed Lalobo; Ali Mohammed Kony; Ali Mohammed Labola; Ali Mohammed Salongo; Ali Bashir Lalobo; Ali Lalobo Bashir,Otim Kapere; “Bashir”; “Caesar”; “One-P”; “1-P”,CAR,2016-08-23,,,1994; 1993; 1995; 1992,,"Deputy, Lord’s Resistance Army",,"Ali Kony is a deputy in the Lord’s Resistance Army (LRA) (CFe.002), a designated entity and the son of LRA leader Joseph Kony (CFi.009), a designated individual. Ali was incorporated into the LRA’s leadership hierarchy in 2010. He is part of a group of senior LRA officers who are based with Joseph Kony. INTERPOL-UN Security Council Special Notice:https://www.interpol.int/en/How-we-work/Notices/View-UN-Notices-Individuals"
CFi.011,individual,SALIM KONY,,Salim Saleh Kony; Salim Saleh; Salim Ogaro; Okolu Salim; Salim Saleh Obol Ogaro; Simon Salim Obol,,CAR,2016-08-23,,Central African Republic,1992; 1991; 1993,,"Deputy, Lord’s Resistance Army",,"Salim Kony is a deputy in the Lord’s Resistance Army (LRA) (CFe.002), a designated entity and the son of LRA leader Joseph Kony (CFi.009), a designated individual. Salim was incorporated into the LRA’s leadership hierarchy in 2010. He is part of a group of senior LRA officers who are based with Joseph Kony. INTERPOL-UN Security Council Special Notice:https://www.interpol.int/en/How-we-work/Notices/View-UN-Notices-Individuals"
CFi.012,individual,ABDOULAYE HISSENE,,Abdoulaye Issène; Abdoulaye Hissein; Hissene Abdoulaye; Abdoulaye Issène Ramadane; Abdoulaye Issene Ramadan; Issene Abdoulaye,,CAR,2017-05-17,Central African Republic; Chad,Central African Republic; Chad,1967; 1967-01-01,Passport CAR diplomatic passport no. D00000897; Passport CAR diplomatic passport no. D00004262; National Identification Number 103-00653129-22 Chad,“general”,2019-03-01; 2019-04-18; 2020-07-28,"Hissène was formerly the Minister of Youth and Sports as part of the Cabinet for the Central African Republic’s former President Michel Djotodia. Prior to that, he was the head of the Convention of Patriots for Justice and Peace, a political party. He also established himself as a leader of armed militias in Bangui, in particular in the “PK5” (3rd district) neighborhood. In October 2016, Abdoulaye Hissène was appointed President of the Conseil National de Défense et de Sécurité, a body which was created at the time to gather military leaders and commanding fighters from all ex-Séléka factions. He has remained in this position since then, but has actual control over FPRC fighters only. Father’s name is Abdoulaye. Mother’s name is Absita Moussa. Photo available for inclusion in the INTERPOL-UN Security Council Special Notice. INTERPOL-UN Security Council Special Notice:https://www.interpol.int/en/How-we-work/Notices/View-UN-Notices-Individuals"
CFi.013,individual,MARTIN KOUMTAMADJI,,Abdoulaye Miskine; Abdoullaye Miskine; Martin Nadingar Koumtamadji; Martin Nkoumtamadji; Martin Koumta Madji; Omar Mahamat,,CAR,2020-04-20,Chad; Central African Republic; Congo,Central African Republic; Chad; Congo,1965-10-05; 1965-03-03,Passport CAR diplomatic passport no. 06FBO2262; Passport Congo service passport number SA0020249,President and commander-in-chief of the Front Démocratique du Peuple Centrafricain (FDPC),2020-05-05; 2020-07-28,"Martin Koumtamadji founded the FDPC in 2005. He joined the Séléka coalition in December 2012 before leaving it in April 2013 after the rebels took power in Bangui. After being arrested in Cameroon, he was then transferred to Brazzaville in the Republic of Congo. He always remained in command of his troops on the ground in the CAR even when he was in Brazzaville before returning to the CAR (between November 2014 and 2019). The FDPC signed the Political Agreement for Peace and Reconciliation in the CAR on 6 February 2019 but Martin Koumtamadji remains a threat to the peace, stability and security of the CAR. Photo available for inclusion in the INTERPOL-UN Security Council Special Notice. INTERPOL-UN Security Council Special Notice:https://www.interpol.int/en/How-we-work/Notices/View-UN-Notices-Individuals"
CFi.014,individual,BI SIDI SOULEMAN,,Sidiki; “General” Sidiki; Sidiki Abbas; Souleymane Bi Sidi; Bi Sidi Soulemane,,CAR,2020-08-05,Central African Republic,Central African Republic,1962-07-20,Passport Laissez-passer no. N°235/MISPAT/DIRCAB/DGPC/DGAEI/SI/SP,"President and self-proclaimed “general” of the Retour, Réclamation et Réhabilitation (3R)",2021-02-22,"Bi Sidi Souleman leads the Central African Republic (CAR)-based militia group Return, Reclamation, Rehabilitation (3R) which has killed, tortured, raped, and displaced civilians and engaged in arms trafficking, illegal taxation activities, and warfare with other militias since its creation in 2015. Bi Sidi Souleman himself has also participated in torture. On 6 February 2019, 3R signed the Political Agreement for Peace and Reconciliation in the CAR but has engaged in acts violating the Agreement and remains a threat to the peace, stability and security of the CAR. For instance, on 21 May 2019, 3R killed 34 unarmed civilians in three villages, summarily executing adult males. Bi Sidi Souleman openly confirmed to a UN Entity that he had ordered 3R elements to the villages on the date of the attacks, but did not admit to giving the orders for 3R to kill. In December 2020, after having joined a coalition of armed groups established to disrupt the electoral process, Bi Sidi Souleman was reportedly killed during fighting. INTERPOL-UN Security Council Special Notice:https://www.interpol.int/en/How-we-work/Notices/View-UN-Notices-Individuals"
CFi.015,individual,ALI DARASSA,,Ali Darassa Mahamat; Ali Mahamat Darassa; Ali Daras; Ali Darrassa,Général Ali Darassa,CAR,2021-12-21,Central African Republic,Central African Republic,1978-09-22,National Identification Number 10978000004482,Founder and leader of the Unité pour la Paix en Centrafrique (UPC),,"Ali Darassa founded and still leads the Central African Republic (CAR)-based militia group Unité pour la Paix en Centrafrique (UPC), which has killed, tortured, raped, and displaced civilians, committed a large number of abuses of human rights and violations of international humanitarian law, and engaged in arms trafficking, illegal taxation activities, and warfare against CAR defence and security forces, as well as other militias, since its creation in 2014. In December 2020, he played a leading role in the creation of the Coalition des patriotes pour le changement (CPC) that took up arms to oppose the elections and attempted to enter the capital Bangui, in violation of the commitments made by the UPC under the Accord politique pour la paix et la reconciliation (APPR) signed on 6 February 2019. INTERPOL-UN Security Council Special Notice:https://www.interpol.int/en/How-we-work/Notices/View-UN-Notices-Individuals"
GBi.001,individual,IBRAIMA CAMARÁ,,Papa Camará,,GB,2012-05-18,Guinea-Bissau,Guinea-Bissau,1964-05-11,Passport AAID00437,Brigadier General; Chief of Staff of the Air Force,,"Camará was listed on 18 May 2012 pursuant to paragraph 4 of resolution 2048 (2012) as “Member of the “Military Command”, which has assumed responsibility for the coup d’état of 12 April 2012.” Father’s name is Suareba Camará; Mother’s name is Sale Queita. INTERPOL-UN Security Council Special Notice:https://www.interpol.int/en/How-we-work/Notices/View-UN-Notices-Individuals"
GBi.003,individual,CRANHA DANFA,,,,GB,2012-07-18,Guinea-Bissau,Guinea-Bissau,1957-03-05,Passport AAIN29392,Colonel; Head of Operations of the Armed Forces Joint Staff,,Danfa was listed on 18 Jul. 2012 pursuant to paragraph 4 of resolution 2048 (2012) as “Member of the “Military Command” which has assumed responsibility for the coup d'état of 12 April 2012. Close Advisor to Armed Forces Chief of Staff António Injai.” INTERPOL-UN Security Council Special Notice:https://www.interpol.int/en/How-we-work/Notices/View-UN-Notices-Individuals
GBi.004,individual,IDRISSA DJALÓ,,Idriça Djaló,,GB,2012-07-18,Guinea-Bissau,Guinea-Bissau,1954-12-18,Passport AAISO40158,Major; Protocol Advisor to the Armed Forces Chief of Staff; Colonel; Chief of Protocol of the Headquarters of the Armed Forces (subsequently),,"Djaló was listed on 18 Jul. 2012 pursuant to paragraph 4 of resolution 2048 (2012) as “Point of Contact for the “Military Command” which has assumed responsibility for the coup d'état of 12 April 2012 and one of its most active members. He was one of the first officers to publicly assume his affiliation to the “Military Command”, having signed one of its first communiqués (nº5, dated 13 April 2012). Major Djaló also belongs to the Military Intelligence.” INTERPOL-UN Security Council Special Notice:https://www.interpol.int/en/How-we-work/Notices/View-UN-Notices-Individuals"
GBi.005,individual,ANTÓNIO INJAI,,António Indjai,,GB,2012-05-18,Guinea-Bissau,Guinea-Bissau,1955-01-20,Passport AAID00435,Lieutenant General; Chief of Staff of the Armed Forces,,"Injai was listed on 18 May 2012 pursuant to paragraph 4 of resolution 2048 (2012) as “António Injai was personally involved in planning and leading the mutiny of 1 April 2010, culminating with the illegal apprehension of the Prime Minister, Carlo Gomes Junior, and the then Chief of Staff of the Armed Forces, José Zamora Induta; during the 2012 electoral period, in his capacity as Chief of Staff of the Armed Forces, Injai made statements threatening to overthrow the elected authorities and to put an end to the electoral process; António Injai has been involved in the operational planning of the coup d’état of 12 April 2012. In the aftermath of the coup, the first communiqué by the “Military Command” was issued by the Armed Forces General Staff, which is led by General Injai.” Father’s name is Wasna Injai; Mother’s name is Quiritche Cofte. INTERPOL-UN Security Council Special Notice:https://www.interpol.int/en/How-we-work/Notices/View-UN-Notices-Individuals"
GBi.006,individual,TCHIPA NA BIDON,,,,GB,2012-07-18,Guinea-Bissau,Guinea-Bissau,1954-05-28,Passport DA0001564,Lieutenant-colonel; Head of Intelligence,,Na Bidon was listed on 18 Jul. 2012 pursuant to paragraph 4 of resolution 2048 (2012) as “Member of the “Military Command” which has assumed responsibility for the coup d'état of 12 April 2012.” Parentage: “Nabidom”. INTERPOL-UN Security Council Special Notice:https://www.interpol.int/en/How-we-work/Notices/View-UN-Notices-Individuals
GBi.007,individual,TCHAM NA MAN,,,Namam,GB,2012-07-18,Guinea-Bissau,Guinea-Bissau,1953-02-27,Passport SA0002264,Lieutenant-colonel; Head of the Armed Forces Military Hospital,,Na Man was listed on 18 Jul. 2012 pursuant to paragraph 4 of resolution 2048 (2012) as “Member of the “Military Command” which has assumed responsibility for the coup d'état of 12 April 2012. Also a member of the Military High Command (highest hierarchy of the Bissau-Guinean Armed Forces).” Father’s name is Biute Naman; Mother’s name is Ndjade Na Noa. INTERPOL-UN Security Council Special Notice:https://www.interpol.int/en/How-we-work/Notices/View-UN-Notices-Individuals
GBi.008,individual,ESTÊVÃO NA MENA,,,,GB,2012-05-18,Guinea-Bissau,Guinea-Bissau,1956-03-07,,Inspector-General of the Armed Forces,,Na Mena was listed on 18 May 2012 pursuant to paragraph 4 of resolution 2048 (2012) as “Member of the “Military Command” which has assumed responsibility for the coup d’état of 12 April 2012.” INTERPOL-UN Security Council Special Notice:https://www.interpol.int/en/How-we-work/Notices/View-UN-Notices-Individuals
GBi.009,individual,DABA NAUALNA,,Daba Na Walna,,GB,2012-05-18,Guinea-Bissau,Guinea-Bissau,1966-06-06,Passport SA000417,Lieutenant-colonel; Spokesperson of the “Military Command”,,Naualna was listed on 18 May 2012 pursuant to paragraph 4 of resolution 2048 (2012) as “Spokesperson of the “Military Command” which has assumed responsibility for the coup d’état of 12 April 2012.” Father’s name is Samba Naualna; Mother’s name is In-Uasne Nanfafe. INTERPOL-UN Security Council Special Notice:https://www.interpol.int/en/How-we-work/Notices/View-UN-Notices-Individuals
GBi.010,individual,JÚLIO NHATE,,,,GB,2012-07-18,Guinea-Bissau,Guinea-Bissau,1965-09-28,,Lieutenant-colonel; Commander of the Paratroops Regiment,,"Nhate was listed on 18 Jul. 2012 pursuant to paragraph 4 of resolution 2048 (2012) as “Member of the ""Military Command"" which has assumed responsibility for the coup d'état of 12 April 2012. A loyal ally of António Injai, Lt.Col. Júlio Nhate has the material responsibility for the 12 April 2012 coup, having conducted the military operation.” INTERPOL-UN Security Council Special Notice:https://www.interpol.int/en/How-we-work/Notices/View-UN-Notices-Individuals"
GBi.011,individual,MAMADU TURE,,,N’Krumah,GB,2012-05-18,Guinea-Bissau,Guinea-Bissau,1947-04-26,Passport DA0002186,Major General; Deputy Chief of Staff of the Armed Forces,,Ture was listed on 18 May 2012 pursuant to paragraph 4 of resolution 2048 (2012) as “Member of the “Military Command” which has assumed responsibility for the coup d’état of 12 April 2012.” INTERPOL-UN Security Council Special Notice:https://www.interpol.int/en/How-we-work/Notices/View-UN-Notices-Individuals
HTe.001,entity,GRAN GRIF,,GRAN GRIF DE SAVIEN; SAVIEN GANG; BAZ GRAN GRIF,,Haiti,2025-07-08,,Haiti,,,,,Luckson Elan (HTi.007) is the leader of the Gran Grif gang. INTERPOL-UN Security Council Special Notice:https://www.interpol.int/en/How-we-work/Notices/View-UN-Notices-Entities
HTe.002,entity,VIV ANSANM,,LIVING TOGETHER; G-9; G9 FAMILY AND ALLIES; G9 FANMI E ALYE; THE REVOLUTIONARY FORCES OF THE G9 FAMILY AND ALLIES; FÒS REVOLISYONÈ G9 AN FANMI E ALYE; G-PÈP; G-PEOPLE,,Haiti,2025-07-08,,Haiti,,,,,Jimmy Chérizier (HTi.001) is the leader of the Viv Ansanm gang coalition. INTERPOL-UN Security Council Special Notice:https://www.interpol.int/en/How-we-work/Notices/View-UN-Notices-Entities
HTi.001,individual,JIMMY CHERIZIER,,,BARBEQUE,Haiti,2022-10-21,Haiti,Haiti,1977-03-30,National Identification Number 001-843-989-7,Former Police Officer,2023-10-20,"Jimmy Cherizier (AKA “Barbeque”) has engaged in acts that threaten the peace, security, and stability of Haiti and has planned, directed, or committed acts that constitute serious human rights abuses. Jimmy Cherizier is one of Haiti’s most influential gang leaders and leads an alliance of Haitian gangs known as the ""G9 Family and Allies."" INTERPOL-UN Security Council Special Notice:https://www.interpol.int/en/How-we-work/Notices/View-UN-Notices-Individuals"
HTi.002,individual,JOHNSON ANDRE,,,IZO,Haiti,2023-12-08,Haiti,Haiti,1997,,Leader of 5 Segond gang,,Gender: Male INTERPOL-UN Security Council Special Notice:https://www.interpol.int/en/How-we-work/Notices/View-UN-Notices-Individuals
HTi.003,individual,RENEL DESTINA,,,TI LAPLI,Haiti,2023-12-08,Haiti,Haiti,1982-06-11,,Main leader of Grand Ravine gang,,Gender: Male INTERPOL-UN Security Council Special Notice:https://www.interpol.int/en/How-we-work/Notices/View-UN-Notices-Individuals
HTi.004,individual,WILSON JOSEPH,,,LANMO SAN JOU,Haiti,2023-12-08,Haiti,Haiti,1993-02-28,,Leader of 400 Mawozo gang,,Gender: Male INTERPOL-UN Security Council Special Notice:https://www.interpol.int/en/How-we-work/Notices/View-UN-Notices-Individuals
HTi.005,individual,VITELHOMME INNOCENT,,,,Haiti,2023-12-08,Haiti,Haiti,1986-03-27,National Identification Number 004-341-263-3 Haiti,Leader of Kraze Barye gang,,Gender: Male INTERPOL-UN Security Council Special Notice:https://www.interpol.int/en/How-we-work/Notices/View-UN-Notices-Individuals
HTi.006,individual,PROPHANE VICTOR,,,,Haiti,2024-09-27,Haiti,Haiti,,,"Former member of the Haitian Parliament, involved in weapons trafficking and using violence to secure political gain.",,Gender: Male.
HTi.007,individual,LUCKSON ELAN,,,,Haiti,2024-09-27,Haiti,Haiti,1988-01-06,,Leader of Gran Grif gang.,,Gender: Male. INTERPOL-UN Security Council Special Notice:https://www.interpol.int/en/How-we-work/Notices/View-UN-Notices-Individuals
HTi.008,individual,DIMITRI HERARD,,,,Haiti,2025-10-17,,,,,,,
HTi.009,individual,KEMPES SANON,,,,Haiti,2025-10-17,,,,,,,
IQe.049,entity,IDLEB COMPANY FOR SPINNING,,,,Iraq,2004-04-26,,Iraq,,,,,
IQe.197,entity,AL WASEL AND BABEL GENERAL TRADING LLC,,,,Iraq,2004-04-26,,Iraq; United Arab Emirates,,,,,
IQe.199,entity,AVIATRANS ANSTALT,,AVIATRANS ESTABLISHMENT,,Iraq,2004-04-26,,Liechtenstein,,,,,
IQe.203,entity,Al-ARABI TRADING COMPANY,,,,Iraq,2004-04-26,,Iraq,,,,,
IQe.204,entity,"AL-BASHAIR TRADING COMPANY, LTD",,"AL-BASHAER TRADING COMPANY, LTD; AL-BASHIR TRADING COMPANY, LTD; AL-BASHA'IR TRADING COMPANY, LTD; AL-BASHAAIR TRADING COMPANY, L TD; AL-BUSHAIR TRADING COMPANY, LTD",,Iraq,2004-04-26,,Iraq,,,,,
IQe.205,entity,"TRADING AND TRANSPORT SERVICES COMPANY, LTD",,,,Iraq,2004-06-02,,Jordan,,,,,
IQe.206,entity,ALFA COMPANY LIMITED FOR INTERNATIONAL TRADING AND MARKETING,,ALFA TRADING COMPANY; ALFA INVESTMENT AND INTERNATIONAL TRADING,,Iraq,2004-06-02,,Jordan,,,,,
IQe.207,entity,TECHNOLOGY AND DEVELOPMENT GROUP LIMITED,,TDG Ltd.,,Iraq,2006-05-12,,United Kingdom of Great Britain and Northern Ireland,,,,,"Registered company number: 02150590. Last known directors: Hana Paul JON, Adnan Talib Hashim AL-AMIRI, Dr. Safa Hadi Jawad AL-HABOBI. Last known shareholders: 99 ordinary shares: Al-Arabi Trading Co. Ltd., 1 ordinary share: Dr. Al-Habobi"
IQe.208,entity,T.M.G. ENGINEERING LIMITED,,TMG Ltd.,,Iraq,2006-05-12,,United Kingdom of Great Britain and Northern Ireland,,,,,"Registered company number: 02142819. Last known directors: Hana Paul JON, Adnan Talib Hashim AL-AMIRI, Dr. Safa Hadi Jawad AL-HABOBI. Shareholders: 3,700,000 ordinary shares: TDG Ltd. 100,000 ordinary shares: Admincheck Ltd., 200,000 ordinary shares: Echosabre Ltd."
IQi.001,individual,SADDAM HUSSEIN AL-TIKRITI,صدام حسين التكريتي,,Abu Ali,Iraq,2003-06-27,Iraq,Iraq,1937-04-28,,,,
IQi.002,individual,QUSAY SADDAM HUSSEIN AL-TIKRITI,قصي صدام حسين التكريتي,,,Iraq,2003-06-27,Iraq,Iraq,1965; 1966,,,,
IQi.003,individual,UDAY SADDAM HUSSEIN AL-TIKRITI,عدي صدام حسين التكريتي,,,Iraq,2003-06-27,Iraq,Iraq,1964; 1967,,,,
IQi.004,individual,ABID HAMID MAHMUD AL-TIKRITI,عابد حامد محمود التكريتي,Abid Hamid Bid Hamid Mahmud; Col Abdel Hamid Mahmoud; Abed Mahmoud Hammud,,Iraq,2003-06-27,Iraq,Iraq,1957,,,,
IQi.005,individual,ALI HASSAN AL-MAJID AL-TIKRITI,علي حسن المجيد التكريتي,,Al-Kimawi,Iraq,2003-06-27,Iraq,Iraq,1943,,,,
IQi.006,individual,IZZAT IBRAHIM AL-DURI,عزت ابراهيم الدوري,,Abu Brays; Abu Ahmad,Iraq,2003-06-27,Iraq,Iraq,1942,,,,
IQi.007,individual,HANI ABD-AL-LATIF TILFAH AL-TIKRITI,هاني عبد اللطيف طلفاح التكريتي,,,Iraq,2003-06-27,Iraq,Iraq,1962,,,,
IQi.009,individual,MUHAMMAD HAMZA ZUBAIDI,محمد حمزة زبيدي,,,Iraq,2003-06-27,Iraq,Iraq,1938,,,,
IQi.011,individual,BARZAN ABD AL-GHAFUR SULAIMAN MAJID AL-TIKRITI,برزان عبد الغفور سليمان مجيد التكريتي,Barzan Razuki Abd al-Ghafur,,Iraq,2003-06-27,Iraq,Iraq,1960,,,,
IQi.012,individual,MUZAHIM SA'B HASSAN AL-TIKRITI,مزاحم صعب حسن التكريتي,,,Iraq,2003-06-27,Iraq,Iraq,1946; 1960; 1949,,,,
IQi.013,individual,IBRAHIM AHMAD ABD AL-SATTAR MUHAMMED AL-TIKRITI,إبراهيم أحمد عبد الستار محمد التكريتي,,,Iraq,2003-06-27,Iraq,Iraq,1950,,,,
IQi.014,individual,SAIF-AL-DIN FULAYYIH HASSAN TAHA AL-RAWI,سيف الدين فليح حسن طه الراوي,Ayad Futayyih Al-Rawi,,Iraq,2003-06-27,Iraq,Iraq,1953,,,,
IQi.015,individual,RAFI ABD-AL-LATIF TILFAH AL-TIKRITI,رافي عبد اللطيف طلفاح التكريتي,,,Iraq,2003-06-27,Iraq,Iraq,1954,,,,
IQi.016,individual,TAHIR JALIL HABBUSH AL-TIKRITI,طاهر جليل حبوش التكريتي,,,Iraq,2003-06-27,Iraq,Iraq,1950,,,,
IQi.017,individual,HAMID RAJA SHALAH AL-TIKRITI,حامد رجا صلاح التكريتي,Hassan Al-Tikriti; Hamid Raja-Shalah Hassum Al-Tikriti,,Iraq,2003-06-27,Iraq,Iraq,1950,,,,
IQi.019,individual,ABD-AL-TAWWAB MULLAH HUWAYSH,عبد التواب ملا حويش,,,Iraq,2003-06-27,Iraq,Iraq,1957; 1942-03-14,,,,
IQi.020,individual,TAHA YASSIN RAMADAN AL-JIZRAWI,طه ياسين رمضان الجزراوي,,,Iraq,2003-06-27,Iraq,Iraq,1938,,,,
IQi.021,individual,RUKAN RAZUKI ABD-AL-GHAFUR SULAIMAN AL-TIKRITI,روكان رزوقي عبد الغفار سليمان التكريتي,Rukan Abdal-Ghaffur Sulayman al-Majid; Rukan Razuqi Abd al-Ghafur Al-Majid; Rukan Abd al-Ghaffur al-Majid Al-Tikriti Abu Walid,,Iraq,2003-06-27,Iraq,Iraq,1956,,,,
IQi.022,individual,JAMAL MUSTAFA ABDALLAH SULTAN AL-TIKRITI,جمال مصطفى عبد الله سلطان التكريتي,,,Iraq,2003-06-27,Iraq,Iraq,1955-05-04,,,,
IQi.023,individual,MIZBAN KHADR HADI,مزبان خضر هادي,,,Iraq,2003-06-27,Iraq,Iraq,1938,,,,
IQi.024,individual,TAHA MUHYI-AL-DIN MA'RUF,طه محي الدين معروف,,,Iraq,2003-06-27,Iraq,Iraq,1924,,,,
IQi.025,individual,TARIQ AZIZ,طارق عزيز,Tariq Mikhail Aziz,,Iraq,2003-06-27,Iraq,Iraq,1936-07-01,Passport No34409/129,,,
IQi.027,individual,SULTAN HASHIM AHMAD AL-TA'I,سلطان هاشم أحمد الطائي,,,Iraq,2003-06-27,Iraq,Iraq,1944,,,,
IQi.028,individual,HIKMAT MIZBAN IBRAHIM AL-AZZAWI,حكمت مزبان إبراهيم العزاوي,,,Iraq,2003-06-27,Iraq,Iraq,1934,,,,
IQi.036,individual,SAB'AWI IBRAHIM HASSAN AL-TIKRITI,سبعاوي إبراهيم حسن التكريتي,,,Iraq,2003-06-27,Iraq,Iraq,1947,,,,
IQi.037,individual,WATBAN IBRAHIM HASSAN AL-TIKRITI,وطبان إبراهيم حسن التكريتي,,,Iraq,2003-06-27,Iraq,Iraq,1952,,,,
IQi.038,individual,BARZAN IBRAHIM HASSAN AL-TIKRITI,برزان إبراهيم حسن التكريتي,,,Iraq,2003-06-27,Iraq,Iraq,1951,,,,
IQi.039,individual,HUDA SALIH MAHDI AMMASH,هدى صالح مهدي عماش,,,Iraq,2003-06-27,Iraq,Iraq,1953,,,,
IQi.044,individual,YAHIA ABDALLAH AL-UBAIDI,يحيى عبد الله العبيدي,,,Iraq,2003-06-27,Iraq,Iraq,,,,,
IQi.045,individual,NAYIF SHINDAKH THAMIR GHALIB,نايف شنداخ ثامر غالب,,,Iraq,2003-06-27,Iraq,Iraq,,,,,Died in 2003
IQi.046,individual,SAIF-AL-DIN AL-MASHHADANI,سيف الدين المشهداني,,,Iraq,2003-06-27,Iraq,Iraq,1956,,,,
IQi.047,individual,FADIL MAHMUD GHARIB,فاضل محمود غريب,,,Iraq,2003-06-27,Iraq,Iraq,1944,,,,
IQi.048,individual,MUHSIN KHADR AL-KHAFAJI,محسن خضر الخفاجي,,,Iraq,2003-06-27,Iraq,Iraq,,,,,
IQi.049,individual,Rashid Taan Kathim,رشيد طعان كاظم,,,Iraq,2003-06-27,Iraq,Iraq,,,,,
IQi.050,individual,UGLA ABID SAKR AL-ZUBAISI,عكلة عبد صكر القبيسي,Saqr al-Kabisi Abd Aqala,,Iraq,2003-06-27,Iraq,Iraq,1944,,,,
IQi.051,individual,GHAZI HAMMUD AL-UBAIDI,غازي حمود العبيدي,,,Iraq,2003-06-27,Iraq,Iraq,1944,,,,
IQi.052,individual,ADIL ABDALLAH MAHDI,عادل عبد الله مهدي,,,Iraq,2003-06-27,Iraq,Iraq,1945,,,,
IQi.054,individual,KHAMIS SIRHAN AL-MUHAMMAD,خميس سرحان المحمد,Dr. Fnu Mnu Khamis,,Iraq,2003-06-27,Iraq,Iraq,,,,,
IQi.055,individual,SA'D ABD-AL-MAJID AL-FAISAL AL-TIKRITI,سعد عبد المجيد الفيصل التكريتي,,,Iraq,2003-06-27,Iraq,Iraq,1944,,,,
IQi.056,individual,SAJIDA KHAYRALLAH TILFAH,ساجدة خير الله طلفاح,,,Iraq,2004-04-07,Iraq,Iraq,1937,,,,
IQi.057,individual,RAGHAD SADDAM HUSSEIN AL-TIKRITI,رغد صدام حسين التكريتي,,,Iraq,2004-04-07,Iraq,Iraq; Jordan,1967,,,,
IQi.058,individual,RANA SADDAM HUSSEIN AL-TIKRITI,رنا صدام حسين التكريتي,,,Iraq,2004-04-07,Iraq,Iraq; Jordan,1969,,,,
IQi.059,individual,HALA SADDAM HUSSEIN AL-TIKRITI,حلا صدام حسين التكريتي,,,Iraq,2004-04-07,Iraq,Iraq,1972,,,,
IQi.060,individual,SAMIRA SHAHBANDAR,سميرة الشاهبندر,,Chadian,Iraq,2004-04-07,Iraq,Iraq,1946,,,,
IQi.061,individual,ALI SADDAM HUSSEIN AL-TIKRITI,علي صدام حسين التكريتي,,Hassan,Iraq,2004-04-07,Iraq,Iraq,1980; 1983,,,,
IQi.062,individual,MOHAMMAD BARZAN IBRAHIM HASAN AL-TIKRITI,محمد برزان إبراهيم حسن التكريتي,,,Iraq,2004-04-07,Iraq,Iraq; Switzerland,1972-11-02,,,,
IQi.063,individual,SAJA BARZAN IBRAHIM HASAN AL-TIKRITI,سجا برزان إبراهيم حسن التكريتي,,,Iraq,2004-04-07,Iraq,Iraq; Switzerland,1978-01-01,,,,
IQi.064,individual,ALI BARZAN IBRAHIM HASAN AL-TIKRITI,علي برزان إبراهيم حسن التكريتي,,,Iraq,2004-04-07,Iraq,Iraq; Switzerland,1981-04-18,,,,
IQi.065,individual,NOOR BARZAN IBRAHIM HASAN AL-TIKRITI,نور برزان إبراهيم حسن التكريتي,,,Iraq,2004-04-07,Iraq,Iraq; Switzerland,1983-11-02,,,,
IQi.066,individual,KHAWLA BARZAN IBRAHIM HASAN AL-TIKRITI,خولة برزان إبراهيم حسن التكريتي,,,Iraq,2004-04-07,Iraq,Iraq; Switzerland,1986-12-03,,,,
IQi.067,individual,THORAYA BARZAN IBRAHIM HASAN AL-TIKRITI,ثريا برزان إبراهيم حسن التكريتي,,,Iraq,2004-04-07,Iraq,Iraq,1980-12-19; 1980-01-19,,,,
IQi.068,individual,JAWHAR MAJID AL-DURI,جوهر مجيد الدوري,,,Iraq,2004-04-07,Iraq,Iraq,1942,,,,
IQi.069,individual,Sundus Abd Al-Ghafur,سندس عبد الغفور,,,Iraq,2004-04-07,Iraq,Iraq,1967,,,,
IQi.070,individual,NIDAL AL-RABI'I,نضال الربيعي,,,Iraq,2004-04-07,Iraq,Iraq,1965,,,,
IQi.071,individual,INTISSAR AL-UBAYDI,انتصار العبيدي,,,Iraq,2004-04-07,Iraq,Iraq,1974,,,,
IQi.073,individual,ADNAN S. HASAN AHMED,عدنان س. حسن أحمد,Hasan Ahmed S. Adnan; Ahmed Sultan,,Iraq,2004-04-26,Iraq,Iraq; Jordan,,,,,
IQi.076,individual,ADIB SHABAN AL-ANI,أديب شعبـان العانــي,Dr. Adib Sha’ban; Adib Shaban,,Iraq,2004-06-02,Iraq,Iraq,1952,,,,
IQi.079,individual,ROODI SLEWA,رودي سليــوة,Rudi Slaiwah; Rudi Untaywan Slaywah; Rudi Saliwa,,Iraq,2004-06-02,Iraq,Iraq,,,,,
IQi.080,individual,MUHAMMAD YUNIS AHMAD,محمد يونس أحمد,Muhammad Yunis Al-Ahmed; Muhammad Yunis Ahmed; Muhammad Yunis Ahmad Al-Badrani; Muhammad Yunis Ahmed Al-Moali,,Iraq,2004-06-22,Iraq,Iraq; Syrian Arab Republic; United Arab Emirates,1949,,,,
IQi.081,individual,YASIR SABAWI IBRAHIM HASAN AL-TIKRITI,ياسر سبعاوي إبراهيم حسن التكريتي,Yassir Sabawi Ibrahim Hasan Al-Tikriti; Yasser Sabawi Ibrahim Hasan Al-Tikriti; Yasir Sab’awi Ibrahim Hasan Al-Tikriti; Yasir Sabawi Ibrahim Hassan Al-Tikriti; Ali Thafir Abdallah,,Iraq,2005-07-27,Iraq,Iraq; Syrian Arab Republic,1968-05-15,,,,
IQi.082,individual,OMAR SABAWI IBRAHIM HASAN AL-TIKRITI,عمر سبعاوي إبراهيم حسن التكريتي,Umar Sabawi Ibrahim Hasan Al-Tikriti; Omar Sab’awi Ibrahim Hasan Al-Tikriti; Omar Sabawi Ibrahim Hassan Al-Tikriti; Umar Ahmad Ali Al-Alusi,,Iraq,2005-07-27,Iraq,Iraq; Syrian Arab Republic; Yemen,1970,,,,
IQi.083,individual,AYMAN SABAWI IBRAHIM HASAN AL-TIKRITI,أيمن سبعاوي إبراهيم حسن التكريتي,Aiman Sabawi Ibrahim Hasan Al-Tikriti; Ayman Sab’awi Ibrahim Hasan Al-Tikriti; Ayman Sabawi Ibrahim Hassan Al-Tikriti; Qais Muhammad Salman,,Iraq,2005-07-27,Iraq,Iraq; Syrian Arab Republic,1971-10-21,,,,
IQi.084,individual,IBRAHIM SABAWI IBRAHIM HASAN AL-TIKRITI,إبراهيم سبعاوي إبراهيم حسن التكريتي,Ibrahim Sab’awi Ibrahim Hasan Al-Tikriti; Ibrahim Sabawi Ibrahim Hassan Al-Tikriti; Ibrahim Sabawi Ibrahim Al-Hassan Al-Tikriti; Muhammad Da’ud Salman,,Iraq,2005-07-27,Iraq,Iraq; Syrian Arab Republic,1983-10-25,,,,
IQi.085,individual,BASHAR SABAWI IBRAHIM HASAN AL-TIKRITI,بشار سبعاوي إبراهيم حسن التكريتي,Bashar Sab’awi Ibrahim Hasan Al-Tikriti; Bashir Sab’awi Ibrahim Al-Hasan Al-Tikriti; Bashir Sabawi Ibrahim Al-Hassan Al-Tikriti; Bashar Sabawi Ibrahim Hasan Al-Bayjat; Ali Zafir ‘Abdullah’; BASHAR AL-NASIRI,,Iraq,2005-07-27,Iraq,Iraq; Lebanon; Syrian Arab Republic,1970-07-17,,,2025-08-05,
IQi.086,individual,SA’D SABAWI IBRAHIM HASAN AL-TIKRITI,سعد سبعاوي إبراهيم حسن التكريتي,Sa’ad Sabawi Ibrahim Hasan Al-Tikriti; Sa’d Sab’awi Hasan Al-Tikriti,,Iraq,2005-07-27,Iraq,Iraq; Syrian Arab Republic; Yemen,1988-09-19,,,,
IRe.001,entity,7TH OF TIR,,,,Iran,2006-12-23,,,,,,2014-12-17,"Subordinate of Defence Industries Organisation (DIO), widely recognized as being directly involved in the nuclear programme. [Old Reference #E.37.A.7]"
IRe.002,entity,ABZAR BORESH KAVEH CO. (BK CO.),,,,Iran,2008-03-03,,,,,,2014-12-17,Involved in the production of centrifuge components. [Old Reference # E.03.III.1]
IRe.003,entity,AMIN INDUSTRIAL COMPLEX,,Amin Industrial Compound; Amin Industrial Company,,Iran,2010-06-09,,Iran (Islamic Republic of),,,,2014-12-17,"Sought temperature controllers which may be used in nuclear research and operational/production facilities. Amin Industrial Complex is owned or controlled by, or acts on behalf of, DIO, which was designated in resolution 1737 (2006). [Old Reference # E.29.I.1]"
IRe.004,entity,AMMUNITION AND METALLURGY INDUSTRIES GROUP (AMIG),,Ammunition Industries Group,,Iran,2007-03-24,,,,,,2014-12-17,"Controls 7th of Tir, which is designated under resolution 1737 (2006) for its role in Iran's centrifuge programme. AMIG is in turn owned and controlled by DIO, which is designated under resolution 1737 (2006). [Old Reference # E.47.A.1]"
IRe.005,entity,ARMAMENT INDUSTRIES GROUP (AIG),,,,Iran,2010-06-09,,Iran (Islamic Republic of),,,,2014-12-17,"Manufacturers and services a variety of small arms and light weapons, including large- and medium-calibre guns and related technology. AIG conducts the majority of its procurement activity through Hadid Industries Complex. [Old Reference # E.29.I.2]"
IRe.006,entity,ATOMIC ENERGY ORGANISATION OF IRAN (AEOI),,,,Iran,2006-12-23,,,,,,,[Old Reference # E.37.A.1]
IRe.007,entity,BANK SEPAH AND BANK SEPAH INTERNATIONAL,,,,Iran,2007-03-24,,,,,,,"Bank Sepah provides support for the Aerospace Industries Organisation (AIO) and subordinates, including Shahid Hemmat Industrial Group (SHIG) and Shahid Bagheri Industrial Group (SBIG), both of which were designated under resolution 1737 (2006). [Old Reference # E.47.A.8]"
IRe.008,entity,BARZAGANI TEJARAT TAVANMAD SACCAL COMPANIES,,,,Iran,2008-03-03,,,,,,,"A subsidiary of Saccal System companies, this company tried to purchase sensitive goods for an entity listed in resolution 1737 (2006). [Old Reference # E.03.III.2]"
IRe.009,entity,BEHINEH TRADING CO.,,,,Iran,2012-04-18,,Iran (Islamic Republic of),,,,,"An Iranian company that played a key role in Iran's illicit transfer of arms to West Africa and acted on behalf of the IRGC Qods Force, commanded by Major General Qasem Soleimani, designated by the UN Security Council in resolution 1747 (2007), as the shipper of the weapons consignment. (Additional Information: Telephone: 98-919-538-2305; Website: http://www.behinehco.ir) [Old Reference # E.AC.50.18.04.12]"
IRe.010,entity,CRUISE MISSILE INDUSTRY GROUP,,Naval Defence Missile Industry Group,,Iran,2007-03-24,,,,,,,Production and development of cruise missiles. Responsible for naval missiles including cruise missiles. [Old Reference # E.47.A.7]
IRe.011,entity,DEFENCE INDUSTRIES ORGANISATION (DIO),,,,Iran,2006-12-23,,,,,,,"Overarching MODAFL-controlled entity, some of whose subordinates have been involved in the centrifuge programme making components, and in the missile programme. [Old Reference # E.37.A.6]"
IRe.012,entity,DEFENSE TECHNOLOGY AND SCIENCE RESEARCH CENTER (DTSRC),,,,Iran,2010-06-09,,Iran (Islamic Republic of),,,,2014-12-17,"Owned or controlled by, or acts on behalf of, MODAFL, which oversees Iran's defence research and development, production, maintenance, exports and procurement. [Old Reference # E.29.I.3]"
IRe.013,entity,DOOSTAN INTERNATIONAL COMPANY (DICO),,,,Iran,2010-06-09,,,,,,2014-12-17,Supplies elements to Iran's ballistic missile programme. [Old Reference # E.29.I.4]
IRe.014,entity,ELECTRO SANAM COMPANY,,E. S. Co.; E. X. Co.,,Iran,2008-03-03,,,,,,,"AIO front-company, involved in the ballistic missile programme. [Old Reference # E.03.III.3]"
IRe.015,entity,ESFAHAN NUCLEAR FUEL RESEARCH AND PRODUCTION CENTRE (NFRPC) AND ESFAHAN NUCLEAR TECHNOLOGY CENTRE (ENTC),,,,Iran,2007-03-24,,,,,,,"Parts of the Atomic Energy Organisation of Iran's (AEOI) Nuclear Fuel Production and Procurement Company, which is involved in enrichment-related activities. AEOI is designated under resolution 1737 (2006). [Old Reference # E.47.A.2]"
IRe.016,entity,ETTEHAD TECHNICAL GROUP,,,,Iran,2008-03-03,,,,,,,"AIO front-company, involved in the ballistic missile programme. [Old Reference # E.03.III.4]"
IRe.017,entity,FAJR INDUSTRIAL GROUP,,Instrumentation Factory Plant,,Iran,2006-12-23,,,,,,,Subordinate entity of AIO. [Old Reference # E.37.B.3]
IRe.018,entity,FARASAKHT INDUSTRIES,,,,Iran,2010-06-09,,Iran (Islamic Republic of),,,,,"Owned or controlled by, or acts on behalf of, the Iran Aircraft Manufacturing Company, which in turn is owned or controlled by MODAFL. [Old Reference # E.29.I.5]"
IRe.019,entity,FARAYAND TECHNIQUE,,,,Iran,2006-12-23,,,,,,,"Involved in centrifuge programme, identified in IAEA reports. [Old Reference # E.37.A.5]"
IRe.020,entity,FATER INSTITUTE,,Faater Institute,,Iran,2010-06-09,,,,,,,"Khatam al-Anbiya (KAA) subsidiary. Fater has worked with foreign suppliers, likely on behalf of other KAA companies on IRGC projects in Iran. [Old Reference # E.29.II.1]"
IRe.021,entity,"FIRST EAST EXPORT BANK, P.L.C.",,,,Iran,2010-06-09,,Malaysia,,,,,"Owned or controlled by, or acts on behalf of, Bank Mellat. Bank Mellat has facilitated hundreds of millions of dollars in transactions for Iranian nuclear, missile, and defense entities. (Additional information: Business Registration Number LL06889 (Malaysia)) [Old Reference # E.29.I.6]"
IRe.022,entity,GHARAGAHE SAZANDEGI GHAEM,,,,Iran,2010-06-09,,,,,,,Owned or controlled by KAA. [Old Reference # E.29.II.2]
IRe.023,entity,GHORB KARBALA,,,,Iran,2010-06-09,,,,,,,Owned or controlled by KAA. [Old Reference # E.29.II.3]
IRe.024,entity,GHORB NOOH,,,,Iran,2010-06-09,,,,,,,Owned or controlled by KAA. [Old Reference # E.29.II.4]
IRe.025,entity,HARA COMPANY,,,,Iran,2010-06-09,,,,,,,Owned or controlled by Ghorb Nooh. [Old Reference # E.29.II.5]
IRe.026,entity,IMENSAZAN CONSULTANT ENGINEERS INSTITUTE,,,,Iran,2010-06-09,,,,,,,"Owned or controlled by, or acts on behalf of, KAA. [Old Reference # E.29.II.6]"
IRe.027,entity,INDUSTRIAL FACTORIES OF PRECISION (IFP) MACHINERY,,Instrumentation Factories Plant,,Iran,2008-03-03,,,,,,,Used by AIO for some acquisition attempts. [Old Reference # E.03.III.5]
IRe.028,entity,IRANO HIND SHIPPING COMPANY,,,,Iran,2010-06-09,,Iran (Islamic Republic of),,,,,[Old Reference # E.29.III.1]
IRe.029,entity,IRISL BENELUX NV,,,,Iran,2010-06-09,,Belgium,,,,,Additional information: VAT Number BE480224531 [Old Reference # E.29.III.2]
IRe.030,entity,JABBER IBN HAYAN,,,,Iran,2008-03-03,,,,,,,AEOI laboratory involved in fuel-cycle activities. [Old Reference # E.03.III.6]
IRe.031,entity,JOZA INDUSTRIAL CO.,,,,Iran,2008-03-03,,,,,,,"AIO front-company, involved in the ballistic missile programme. [Old Reference # E.03.III.7]"
IRe.032,entity,KALA-ELECTRIC,,Kalaye Electric,,Iran,2006-12-23,,,,,,,Provider for PFEP - Natanz. [Old Reference # E.37.A.3]
IRe.033,entity,KARAJ NUCLEAR RESEARCH CENTRE,,,,Iran,2007-03-24,,,,,,,Part of AEOI's research division. [Old Reference # E.47.A.5]
IRe.034,entity,KAVEH CUTTING TOOLS COMPANY,,,,Iran,2010-06-09,,Iran (Islamic Republic of),,,,,"Owned or controlled by, or acts on behalf of, DIO. [Old Reference # E.29.I.7]"
IRe.035,entity,KAVOSHYAR COMPANY,,,,Iran,2007-03-24,,,,,,,"Subsidiary company of AEOI which has sought glass fibres, vacuum chamber furnaces and laboratory equipment for Iran's nuclear programme. [Old Reference # E.47.A.3]"
IRe.036,entity,KHATAM AL-ANBIYA CONSTRUCTION HEADQUARTERS (KAA),,,,Iran,2010-06-09,,,,,,2014-12-17,"KAA is an IRGC-owned company involved in large scale civil and military construction projects and other engineering activities. It undertakes a significant amount of work on Passive Defense Organization projects. In particular, KAA subsidiaries were heavily involved in the construction of the uranium enrichment site at Qom/Fordow. [Old Reference # E.29.II.7]"
IRe.037,entity,KHORASAN METALLURGY INDUSTRIES,,,,Iran,2008-03-03,,,,,,,Subsidiary of AMIG which depends on DIO. Involved in the production of centrifuges components. [Old Reference # E.03.III.8]
IRe.038,entity,M. BABAIE INDUSTRIES,,,,Iran,2010-06-09,,Iran (Islamic Republic of),,,,,"Subordinate to Shahid Ahmad Kazemi Industries Group (formally the Air Defense Missile Industries Group) of Iran's Aerospace Industries Organization (AIO). AIO controls the missile organizations Shahid Hemmat Industrial Group (SHIG) and the Shahid Bakeri Industrial Group (SBIG), both of which were designated in resolution 1737 (2006). [Old Reference # E.29.I.8]"
IRe.039,entity,MAKIN,,,,Iran,2010-06-09,,,,,,,"Owned or controlled by or acting on behalf of KAA, and is a subsidiary of KAA. [Old Reference # E.29.II.8]"
IRe.040,entity,MALEK ASHTAR UNIVERSITY,,,,Iran,2010-06-09,,Iran (Islamic Republic of),,,,,Subordinate of the DTRSC within MODAFL. This includes research groups previously falling under the Physics Research Center (PHRC). IAEA inspectors have not been allowed to interview staff or see documents under the control of this organization to resolve the outstanding issue of the possible military dimension to Iran's nuclear programme. [Old Reference # E.29.I.9]
IRe.041,entity,MESBAH ENERGY COMPANY,,,,Iran,2006-12-23,,,,,,,"Provider for A-40 research reactor, Arak. [Old Reference # E.37.A.2]"
IRe.042,entity,MINISTRY OF DEFENSE LOGISTICS EXPORT,,MODLEX,,Iran,2010-06-09,,Iran (Islamic Republic of),,,,,"MODLEX sells Iranian-produced arms to customers around the world in contravention of resolution 1747 (2007), which prohibits Iran from selling arms or related materiel. [Old Reference # E.29.I.10]"
IRe.043,entity,MIZAN MACHINERY MANUFACTURING,,3MG,,Iran,2010-06-09,,Iran (Islamic Republic of),,,,,"Owned or controlled by, or acts on behalf of, SHIG. [Old Reference # E.29.I.11]"
IRe.044,entity,MODERN INDUSTRIES TECHNIQUE COMPANY (MITEC),,MITEC; Rahkar Company; Rahkar Industries; Rahkar Sanaye Company; Rahkar Sanaye Novin,,Iran,2010-06-09,,Iran (Islamic Republic of),,,,2014-12-17,MITEC is responsible for design and construction of the IR-40 heavy water reactor in Arak. MITEC has spearheaded procurement for the construction of the IR-40 heavy water reactor. [Old Reference # E.29.I.12]
IRe.045,entity,NIRU BATTERY MANUFACTURING COMPANY,,,,Iran,2008-03-03,,,,,,,Subsidiary of DIO. Its role is to manufacture power units for the Iranian military including missile systems. [Old Reference # E.03.III.9]
IRe.046,entity,NOVIN ENERGY COMPANY,,Pars Novin,,Iran,2007-03-24,,,,,,,Operates within AEOI and has transferred funds on behalf of AEOI to entities associated with Iran's nuclear programme. [Old Reference # E.47.A.6]
IRe.047,entity,NUCLEAR RESEARCH CENTER FOR AGRICULTURE AND MEDICINE (NFRPC),,Center for Agricultural Research and Nuclear Medicine; Karaji Agricultural and Medical Research Center,,Iran,2010-06-09,,Iran (Islamic Republic of),,,,2014-12-17,"NFRPC is a large research component of AEOI, which was designated in resolution 1737 (2006). The NFRPC is AEOI's center for the development of nuclear fuel and is involved in enrichment-related activities. [Old Reference # E.29.I.13]"
IRe.048,entity,OMRAN SAHEL,,,,Iran,2010-06-09,,,,,,,Owned or controlled by Ghorb Nooh. [Old Reference # E.29.II.9]
IRe.049,entity,ORIENTAL OIL KISH,,,,Iran,2010-06-09,,,,,,,"Owned or controlled by, or acts on behalf of, KAA. [Old Reference # E.29.II.10]"
IRe.050,entity,PARCHIN CHEMICAL INDUSTRIES,,,,Iran,2007-03-24,,,,,,,"Branch of DIO, which produces ammunition, explosives, as well as solid propellants for rockets and missiles. [Old Reference # E.47.A.4]"
IRe.051,entity,PARS AVIATION SERVICES COMPANY,,,,Iran,2007-03-24,,,,,,,"Maintains various aircraft, including MI-171, used by IRGC Air Force. [Old Reference # E.47.B.2]"
IRe.052,entity,PARS TRASH COMPANY,,,,Iran,2006-12-23,,,,,,,"Involved in centrifuge programme, identified in IAEA reports. [Old Reference # E.37.A.4]"
IRe.053,entity,PEJMAN INDUSTRIAL SERVICES CORPORATION,,,,Iran,2010-06-09,,Iran (Islamic Republic of),,,,,"Owned or controlled by, or acts on behalf of, SBIG. [Old Reference # E.29.I.14]"
IRe.054,entity,PISHGAM ENERGY INDUSTRIES,,Pioneer Energy Industries,,Iran,2008-03-03,,,,,,,Participated in the construction of the Uranium Conversion Facility at Esfahan. [Old Reference # E.03.III.10]
IRe.055,entity,QODS AERONAUTICS INDUSTRIES,,,,Iran,2007-03-24,,,,,,,"Produces unmanned aerial vehicles (UAVs), parachutes, para-gliders, para-motors, etc. IRGC has boasted of using these products as part of its asymmetric warfare doctrine. [Old Reference # E.47.B.1]"
IRe.056,entity,RAH SAHEL,,,,Iran,2010-06-09,,,,,,,"Owned or controlled by, or acting on behalf of, KAA. [Old Reference # E.29.II.11]"
IRe.057,entity,RAHAB ENGINEERING INSTITUTE,,,,Iran,2010-06-09,,,,,,,"Owned or controlled by, or acting on behalf of, KAA and is a subsidiary of KAA. [Old Reference # E.29.II.12]"
IRe.058,entity,SABALAN COMPANY,,,,Iran,2010-06-09,,Iran (Islamic Republic of),,,,,Sabalan is a cover name for SHIG. [Old Reference # E.29.I.15]
IRe.059,entity,SAD IMPORT EXPORT COMPANY,,,,Iran,2012-12-20,,Iran (Islamic Republic of),,,,2014-12-17,"Assisted Parchin Chemical Industries and 7th of Tir Industries, designated in resolutions 1747 (2007) and 1737 (2006), in violating paragraph 5 of resolution 1747 (2007). [Old Reference # I.AC.50.20.12.12.(2)]"
IRe.060,entity,SAFETY EQUIPMENT PROCUREMENT (SEP),,,,Iran,2008-03-03,,,,,,,"AIO front-company, involved in the ballistic missile programme. [Old Reference # E.03.III.11]"
IRe.061,entity,SAHAND ALUMINUM PARTS INDUSTRIAL COMPANY (SAPICO),,,,Iran,2010-06-09,,Iran (Islamic Republic of),,,,,SAPICO is a cover name for SHIG. [Old Reference # E.29.I.16]
IRe.062,entity,SAHEL CONSULTANT ENGINEERS,,,,Iran,2010-06-09,,,,,,,Owned or controlled by Ghorb Nooh. [Old Reference # E.29.II.13]
IRe.063,entity,SANAM INDUSTRIAL GROUP,,,,Iran,2007-03-24,,,,,,,"Subordinate to AIO, which has purchased equipment on AIO's behalf for the missile programme. [Old Reference # E.47.A.9]"
IRe.064,entity,SEPANIR,,,,Iran,2010-06-09,,,,,,,"Owned or controlled by, or acting on behalf of, KAA. [Old Reference # E.29.II.14]"
IRe.065,entity,SEPASAD ENGINEERING COMPANY,,,,Iran,2010-06-09,,,,,,,"Owned or controlled by, or acting on behalf of, KAA. [Old Reference # E.29.II.15]"
IRe.066,entity,SHAHID BAGHERI INDUSTRIAL GROUP (SBIG),,,,Iran,2006-12-23,,,,,,,Subordinate entity of AIO. [Old Reference # E.37.B.2]
IRe.067,entity,SHAHID HEMMAT INDUSTRIAL GROUP (SHIG),,,,Iran,2006-12-23,,,,,,,Subordinate entity of AIO. [Old Reference # E.37.B.1]
IRe.068,entity,SHAHID KARRAZI INDUSTRIES,,,,Iran,2010-06-09,,Iran (Islamic Republic of),,,,,"Owned or controlled by, or acts on behalf of, SBIG. [Old Reference # E.29.I.17]"
IRe.069,entity,SHAHID SATTARI INDUSTRIES,,Shahid Sattari Group Equipment Industries,,Iran,2010-06-09,,Iran (Islamic Republic of),,,,,"Owned or controlled by, or acts on behalf of, SBIG. [Old Reference # E.29.I.18]"
IRe.070,entity,SHAHID SAYYADE SHIRAZI INDUSTRIES (SSSI),,,,Iran,2010-06-09,,Iran (Islamic Republic of),,,,,"SSSI is owned or controlled by, or acts on behalf of, DIO. [Old Reference # E.29.I.19]"
IRe.071,entity,SHO'A' AVIATION,,,,Iran,2007-03-24,,,,,,,Produces micro-lights which IRGC has claimed it is using as part of its asymmetric warfare doctrine. [Old Reference # E.47.B.3]
IRe.072,entity,SOUTH SHIPPING LINE IRAN (SSL),,,,Iran,2010-06-09,,Iran (Islamic Republic of),,,,,[Old Reference # E.29.III.3]
IRe.073,entity,SPECIAL INDUSTRIES GROUP (SIG),,,,Iran,2010-06-09,,Iran (Islamic Republic of),,,,,Subordinate of DIO. [Old Reference # E.29.I.20]
IRe.074,entity,TAMAS COMPANY,,,,Iran,2008-03-03,,,,,,,"Involved in enrichment-related activities. TAMAS is the overarching body, under which four subsidiaries have been established, including one for uranium extraction to concentration and another in charge of uranium processing, enrichment and waste. [Old Reference # E.03.III.12]"
IRe.075,entity,TIZ PARS,,,,Iran,2010-06-09,,Iran (Islamic Republic of),,,,,"Tiz Pars is a cover name for SHIG. Between April and July 2007, Tiz Pars attempted to procure a five axis laser welding and cutting machine, which could make a material contribution to Iran's missile programme, on behalf of SHIG. [Old Reference # E.29.I.21]"
IRe.076,entity,YA MAHDI INDUSTRIES GROUP,,,,Iran,2007-03-24,,,,,,,"Subordinate to AIO, which is involved in international purchases of missile equipment. [Old Reference # E.47.A.10]"
IRe.077,entity,YAS AIR,,,,Iran,2012-12-20,,Iran (Islamic Republic of),,,,,"Yas Air is the new name for Pars Air, a company that was owned by Pars Aviation Services Company, which in turn was designated by the United Nations Security Council in resolution 1747 (2007). Yas Air has assisted Pars Aviation Services Company, a United Nations-designated entity, in violating paragraph 5 of resolution 1747 (2007). [Old Reference # I.AC.50.20.12.12.(1)]"
IRe.078,entity,YAZD METALLURGY INDUSTRIES (YMI),,Yazd Ammunition Manufacturing and Metallurgy Industries; Directorate of Yazd Ammunition and Metallurgy Industries,,Iran,2010-06-09,,Iran (Islamic Republic of),,,,,YMI is a subordinate of DIO. [Old Reference #E.29.I.22].
IRi.001,individual,FEREIDOUN ABBASI-DAVANI,,,,Iran,2007-03-24,,,1958; 1959,,Senior Ministry of Defence and Armed Forces Logistics (MODAFL) Scientist,2014-12-17,"Has ""links to the Institute of Applied Physics, working closely with Mohsen Fakhrizadeh-Mahabadi"" (designated under IRi.016) [Old Reference # I.47.C.1]."
IRi.002,individual,DAWOOD AGHA-JANI,,,,Iran,2006-12-23,,,1957-04-23,Passport I5824769,Head of the Pilot Fuel Enrichment Plant (PFEP) (Natanz),2014-12-17,[Old Reference # I.37.C.3]
IRi.003,individual,AZIM AGHAJANI,,Azim Adhajani; Azim Agha-Jani,,Iran,2012-04-18,Iran (Islamic Republic of),Iran (Islamic Republic of),,Passport 6620505; Passport 9003213,"Member of the IRGC-Qods Force operating under the direction of Qods Force Commander, Major General Qasem Soleimani, who was designated by the UN Security Council in resolution 1747 (2007)",2014-12-17,Facilitated a breach of paragraph 5 of resolution 1747 (2007) prohibiting the export of arms and related materiel from Iran. [Old Reference # I.AC.50.18.04.12.(1)]
IRi.004,individual,ALI AKBAR AHMADIAN,,Ali Akbar Ahmedian,,Iran,2007-03-24,,,1961,,Vice Admiral; Chief of IRGC Joint Staff,2014-12-17,Position changed. [Old Reference # I.47.D.2]
IRi.005,individual,AMIR MOAYYED ALAI,,,,Iran,2008-03-03,,,,,Designated for involvement in managing the assembly and engineering of centrifuges.,2014-12-17,[Old Reference # I.03.I.1]
IRi.006,individual,BEHMAN ASGARPOUR,,Behman Asgharpour; Behman Asgharpur,,Iran,2006-12-23,,,,,Operational Manager (Arak),2014-12-17,[Old Reference # I.37.C.2]
IRi.007,individual,MOHAMMAD FEDAI ASHIANI,,,,Iran,2008-03-03,,,,,Designated for involvement in the production of ammonium uranyl carbonate and management of the Natanz enrichment complex.,2014-12-17,[Old Reference # I.03.I.2]
IRi.008,individual,ABBAS REZAEE ASHTIANI,,,,Iran,2008-03-03,,,,,Senior official at the AEOI Office of Exploration and Mining Affairs,2014-12-17,[Old Reference # I.03.I.3]
IRi.009,individual,BAHMANYAR MORTEZA BAHMANYAR,,,,Iran,2006-12-23,Iran (Islamic Republic of),Iran (Islamic Republic of),1952-12-31,Passport I0005159; Passport 10005159,Head of Finance and Budget Department of the Aerospace Industries Organization (AIO).,2014-12-17,[Old Reference # I.37.D.4]
IRi.010,individual,HALEH BAKHTIAR,,Halen Bakhtiar; Haleh Bakhtiari; Haleh Bakhtiyar,,Iran,2008-03-03,,,1975,,Designated for involvement in the production of magnesium at a concentration of 99.9%.,2014-12-17,[Old Reference # I.03.I.4]
IRi.011,individual,MORTEZA BEHZAD,,,,Iran,2008-03-03,,,1959-06-07,,Designated for involvement in making centrifuge components.,2014-12-17,[Old Reference # I.03.I.5]
IRi.012,individual,AHMAD VAHID DASTJERDI,,,,Iran,2006-12-23,,,1954-01-15,Passport A0002987,Head of the AIO,2014-12-17,Served as Deputy Defense Minister 2009-10. [Old Reference # I.37.D.2]
IRi.013,individual,AHMAD DERAKHSHANDEH,,,,Iran,2007-03-24,,Iran (Islamic Republic of),1956-08-11,,"Chairman and Managing Director of Bank Sepah, which provides support for the AIO and subordinates, including SHIG and SBIG, both of which were designated under resolution 1737 (2006).",2014-12-17,[Old Reference # I.47.C.8]
IRi.014,individual,MOHAMMAD ESLAMI,,Mohammad Islami; Mohamed Islami; Mohammed Islami,,Iran,2008-03-03,,,,,Head of Iran's Defence Industries Training and Research Institute.,2014-12-17,Served as Deputy Defence Minister from 2012 to 2013. [Old Reference # I.03.I.6]
IRi.015,individual,REZA-GHOLI ESMAELI,,Reza-Gholi Ismaili,,Iran,2006-12-23,,,1961-04-03,Passport A0002302,Head of Trade and International Affairs Department of the AIO.,2014-12-17,[Old Reference # I.37.D.3]
IRi.016,individual,MOHSEN FAKHRIZADEH-MAHABADI,,,,Iran,2007-03-24,,,,Passport A0009228; Passport 4229533,Senior MODAFL scientist; Former head of the Physics Research Centre (PHRC),2014-12-17,The IAEA have asked to interview him about the activities of the PHRC over the period he was head but Iran has refused. [Old Reference # I.47.C.2]
IRi.017,individual,MOHAMMAD HEJAZI,,Mohammed Hijazi,,Iran,2007-03-24,,,1959,,Brigadier General; Commander of Bassij resistance force,2014-12-17,[Old Reference # I.47.D.5]
IRi.018,individual,MOHSEN HOJATI,,,,Iran,2007-03-24,,,1955-09-28,Passport G4506013,"Head of Fajr Industrial Group, which is designated under resolution 1737 (2006) for its role in the ballistic missile programme.",2014-12-17,[Old Reference # I.47.C.5]
IRi.019,individual,SEYYED HUSSEIN HOSSEINI,,Syed Husain Husaini; Syed Husein Huseini,,Iran,2008-03-03,,,1973-07-27,Passport K8196482,AEOI official involved in the heavy water research reactor project at Arak.,2014-12-17,[Old Reference # I.03.I.7]
IRi.020,individual,MEHRDADA AKHLAGHI KETABACHI,,,,Iran,2007-03-24,,,1958-09-10,Passport A0030940,"Head of the Shahid Bagheri Industrial Group (SBIG), which is designated under resolution 1737 (2006) for its role in the ballistic missile programme (designated under IRe.066).",2014-12-17,[Old Reference # I.47.C.6]
IRi.021,individual,ALI HAJINIA LEILABADI,,,,Iran,2006-12-23,,,1950-02-19,Passport E4710151,Director General of Mesbah Energy Company,2014-12-17,[Old Reference # I.37.C.6]
IRi.022,individual,NASER MALEKI,,,,Iran,2007-03-24,,,1960,Passport A0003039; National Identification Number 0035011785,"Head of Shahid Hemmat Industrial Group (SHIG), which is designated under resolution 1737 (2006) for its role in Iran's ballistic missile programme (designated under IRe.067).; MODAFL official overseeing work on the Shahab-3 ballistic missile programme, Iran's long range ballistic missile currently in service.",2014-12-17,[Old Reference # I.47.C.7]
IRi.023,individual,HAMID-REZA MOHAJERANI,,Hamid Reza Mohajerani Araghi,,Iran,2008-03-03,Iran (Islamic Republic of),Iran (Islamic Republic of),1977-09-09,Passport Diplomatic Passport: Z30321794,Designated for involvement in production management at the Uranium Conversion Facility (UCF) at Esfahan.,2014-12-17,[Old Reference # I.03.I.9]
IRi.024,individual,JAFAR MOHAMMADI,,,,Iran,2006-12-23,,,,,Technical Adviser to the AEOI in charge of managing the production of valves for centrifuges.,,[Old Reference # I.37.C.5]
IRi.025,individual,EHSAN MONAJEMI,,Ihsan Monajemi,,Iran,2006-12-23,,,,,"Construction Project Manager, Natanz",2014-12-17,[Old Reference # I.37.C.4]
IRi.026,individual,MOHAMMAD REZA NAQDI,,,,Iran,2008-03-03,,,1949-02-11; 1952-02-11; 1953-02-11; 1961-02-11,,Brigadier-General; Former Deputy Chief of Armed Forces General Staff for Logistics and Industrial Research; Head of State Anti-Smuggling Headquarters,2014-12-17,Engaged in efforts to get round the sanctions imposed by resolutions 1737 (2006) and 1747 (2007). [Old Reference # I.03.I.10]
IRi.027,individual,MOHAMMAD MEHDI NEJAD NOURI,,,,Iran,2006-12-23,,,,,"Lieutenant General; Rector of Malek Ashtar University of Defence Technology (chemistry department, affiliated to MODAFL, has conducted experiments on beryllium).",2014-12-17,"Deputy Minister of Science, Research and Technology. [Old Reference # I.37.C.7]"
IRi.028,individual,HOUSHANG NOBARI,,,,Iran,2008-03-03,,,,,Designated for involvement in the management of the Natanz enrichment complex.,2014-12-17,[Old Reference # I.03.I.11]
IRi.029,individual,MOHAMMAD QANNADI,,,,Iran,2006-12-23,Iran (Islamic Republic of),Iran (Islamic Republic of),1952-10-13,Passport 20694; Passport A0003044,Vice President for Research and Development of the AEOI,2014-12-17,[Old Reference # I.37.C.1]
IRi.030,individual,AMIR RAHIMI,,,,Iran,2007-03-24,,,,,Head of Esfahan Nuclear Fuel Research and Production Center,2014-12-17,"The Esfahan Nuclear Fuel Research and Production Center is part of the AEOI Nuclear Fuel Production and Procurement Company, which is involved in enrichment related activities. [Old Reference # I.47.C.4]"
IRi.031,individual,JAVAD RAHIQI,,Javad Rahigi; Jawad Rahigi; Jawad Rahiqi,,Iran,2010-06-09,,,1954-04-24,,Head of the AEOI Esfahan Nuclear Technology Center,2014-12-17,[Old Reference # I.29.A.23]
IRi.032,individual,ABBAS RASHIDI,,Abas Rashidi; Abbas Rashedi; Abas Rashedi,,Iran,2008-03-03,,,,,Designated for involvement in enrichment work at Natanz.,2014-12-17,[Old Reference # I.03.I.12]
IRi.033,individual,MORTEZA REZAIE,,Mortaza Rezaie; Mortaza Rezai; Morteza Rezai,,Iran,2007-03-24,,,1956,,Brigadier General; Deputy Commander of IRGC,2014-12-17,[Old Reference # I.47.D.1]
IRi.034,individual,M. JAVAD KARIMI SABET,,Mohammed Sabet; Mohammad Sabet b) M. Javad Kareemi Sabet; M. Jawad Kareemi Sabet; M. Jawad Karimi Sabet,,Iran,2008-03-03,,,1973-07-25,,"Head of Novin Energy Company, which is designated under resolution 1747 (2007) (designated under IRe.046).",2014-12-17,[Old Reference # I.03.I.8]
IRi.035,individual,MORTEZA SAFARI,,Mortaza Safari; Morteza Saferi; Murtaza Saferi; Murtaza Safari,,Iran,2007-03-24,,,,,Rear Admiral; Commander of IRGC Navy,2014-12-17,[Old Reference #I.47.D.4]
IRi.036,individual,YAHYA RAHIM SAFAVI,,Yahya Raheem Safavi,,Iran,2006-12-23,,,1952,,"Major General; Commander, IRGC (Pasdaran)",2014-12-17,[Old Reference # I.37.E.1]
IRi.037,individual,SEYED JABER SAFDARI,,Syed Jaber Safdari,,Iran,2007-03-24,,,,,Manager of the Natanz Enrichment Facilities,2014-12-17,[Old Reference # I.47.C.3]
IRi.038,individual,HOSEIN SALIMI,,Husain Salimi; Hosain Salimi; Hussain Salimi; Hosein Saleemi; Husain Saleemi; Hosain Saleemi; Hussain Saleemi; Hossein Salimi; Hossein Saleemi,,Iran,2006-12-23,,,,Passport D08531177,"General; Commander of the Air Force, IRGC (Pasdaran)",2014-12-17,[Old Reference # I.37.D.1]
IRi.039,individual,QASEM SOLEIMANI,,Qasim Soleimani; Qasem Sulaimani; Qasim Sulaimani; Qasim Sulaymani; Qasem Sulaymani; Kasim Soleimani; Kasim Sulaimani; Kasim Sulaymani,Haj Qasem; Haji Qassem; Sardar Soleimani,Iran,2007-03-24,,,1957-03-11,Passport 008827,Brigadier General; Commander of Qods force,2014-12-17,"Promoted to Major General, retaining his position as Commander of Qods force. [Old Reference # I.47.D.6]"
IRi.040,individual,GHASEM SOLEYMANI,,Ghasim Soleymani; Ghasem Sulaymani; Ghasem Solaymani,,Iran,2008-03-03,,,,,Director of Uranium Mining Operations at the Saghand Uranium Mine,2014-12-17,[Old Reference # I.03.I.13]
IRi.041,individual,ALI AKBAR TABATABAEI,,Sayed Akbar Tahmaesebi; Syed Akber Tahmaesebi; Ali Akber Tabatabaei; Ali Akber Tahmaesebi; Ali Akbar Tahmaesebi,,Iran,2012-04-18,Iran (Islamic Republic of),Iran (Islamic Republic of),1967,Passport 9003213; Passport 6620505,"Member of the IRGC Qods Force operating under the direction of Qods Force Commander, Major General Qasem Soleimani who was designated by the UN Security Council in resolution 1747 (2007) (designated under IRi.039).",2014-12-17,Facilitated a breach of paragraph 5 of resolution 1747 (2007) prohibiting the export of arms and related materiel from Iran. [Old Reference # I.AC.50.18.04.12.(2)]
IRi.042,individual,MOHAMMAD REZA ZAHEDI,,Mohammad Reza Zahidi; Mohammad Raza Zahedi,,Iran,2007-03-24,,,1944,,Brigadier General; Commander of IRGC Ground Forces,2014-12-17,[Old Reference # I.47.D.3]
IRi.043,individual,MOHAMMAD BAQER ZOLQADR,,Mohammad Bakr Zolqadr; Mohammad Bakr Zolkadr; Mohammad Baqer Zolqadir; Mohammad Baqer Zolqader,,Iran,2007-03-24,,,,,General; IRGC officer; Deputy Interior Minister for Security Affairs,2014-12-17,[Old Reference # I.47.D.7]
KPe.001,entity,KOREA MINING DEVELOPMENT TRADING CORPORATION,,"CHANGGWANG SINYONG CORPORATION; EXTERNAL TECHNOLOGY GENERAL CORPORATION; DPRKN MINING DEVELOPMENT TRADING COOPERATION; ""KOMID""",,DPRK,2009-04-24,,Democratic People's Republic of Korea,,,,,Primary arms dealer and main exporter of goods and equipment related to ballistic missiles and conventional weapons.
KPe.002,entity,KOREA RYONBONG GENERAL CORPORATION,,KOREA YONBONG GENERAL CORPORATION; LYONGAKSAN GENERAL TRADING CORPORATION,,DPRK,2009-04-24,,Democratic People's Republic of Korea,,,,,Defense conglomerate specializing in acquisition for DPRK defense industries and support to that country’s military-related sales.
KPe.003,entity,TANCHON COMMERCIAL BANK,,CHANGGWANG CREDIT BANK; KOREA CHANGGWANG CREDIT BANK,,DPRK,2009-04-24,,Democratic People's Republic of Korea,,,,,"Main DPRK financial entity for sales of conventional arms, ballistic missiles, and goods related to the assembly and manufacture of such weapons."
KPe.004,entity,NAMCHONGANG TRADING CORPORATION,,NCG; NAMCHONGANG TRADING; NAM CHON GANG CORPORATION; NOMCHONGANG TRADING CO.; NAM CHONG GAN TRADING CORPORATION; Namhung Trading Corporation; Korea Daeryonggang Trading Corporation; Korea Tearyonggang Trading Corporation,,DPRK,2009-07-16,,Democratic People's Republic of Korea,,,,2016-03-02; 2017-06-05; 2022-07-26,"Namchongang is a DPRK trading company subordinate to the General Bureau of Atomic Energy (GBAE). Namchongang has been involved in the procurement of Japanese origin vacuum pumps that were identified at a DPRK nuclear facility, as well as nuclear-related procurement associated with a German individual. It has further been involved in the purchase of aluminum tubes and other equipment specifically suitable for a uranium enrichment program from the late 1990s. Its representative is a former diplomat who served as DPRK’s representative for the IAEA inspection of the Yongbyon nuclear facilities in 2007. Namchongang's proliferation activities are of grave concern given the DPRK’s past proliferation activities. Telephone numbers: +850-2-18111, 18222 (ext. 8573). Facsimile number: +850-2-381-4687."
KPe.005,entity,HONG KONG ELECTRONICS,,HONG KONG ELECTRONICS KISH CO.,,DPRK,2009-07-16,,Iran (Islamic Republic of),,,,,"Owned or controlled by, or acts or purports to act for or on behalf of Tanchon Commercial Bank and KOMID. Hong Kong Electronics has transferred millions of dollars of proliferation-related funds on behalf of Tanchon Commercial Bank and KOMID (both designated by the Committee in April 2009) since 2007. Hong Kong Electronics has facilitated the movement of money from Iran to the DPRK on behalf of KOMID."
KPe.006,entity,KOREA HYOKSIN TRADING CORPORATION,,KOREA HYOKSIN EXPORT AND IMPORT CORPORATION,,DPRK,2009-07-16,,Democratic People's Republic of Korea,,,,,A DPRK company based in Pyongyang that is subordinate to Korea Ryonbong General Corporation (designated by the Committee in April 2009) and is involved in the development of WMD.
KPe.007,entity,GENERAL BUREAU OF ATOMIC ENERGY (GBAE),,General Department of Atomic Energy (GDAE),,DPRK,2009-07-16,,Democratic People's Republic of Korea,,,,2024-01-05,"The GBAE is responsible for the DPRK’s nuclear program, which includes the Yongbyon Nuclear Research Center and its 5 MWe (25 MWt) plutonium production research reactor, as well as its fuel fabrication and reprocessing facilities. The GBAE has held nuclear-related meetings and discussions with the International Atomic Energy Agency. GBAE is the primary DPRK government agency that oversees nuclear programs, including the operation of the Yongbyon Nuclear Research Center. Changed name as Ministry of Atomic Energy Industry (KPe.027) in 2013."
KPe.008,entity,KOREAN TANGUN TRADING CORPORATION,,Kuryonggang Trading Corporation; Ryungseng Trading Corporation; Ryung Seng Trading Corporation; Ryungsong Trading Corporation; Kore Kuryonggang Trading Corporation,,DPRK,2009-07-16,,Democratic People's Republic of Korea,,,,2022-07-26,"Korea Tangun Trading Corporation is subordinate to DPRK’s Second Academy of Natural Sciences and is primarily responsible for the procurement of commodities and technologies to support DPRK’s defense research and development programs, including, but not limited to, WMD and delivery system programs and procurement, including materials that are controlled or prohibited under relevant multilateral control regimes."
KPe.009,entity,AMROGGANG DEVELOPMENT BANKING CORPORATION,,AMROGGANG Development Bank; Amnokkang Development Bank,,DPRK,2012-05-02,,Democratic People's Republic of Korea,,,,,"Amroggang, which was established in 2006, is a Tanchon Commercial Bank-related company managed by Tanchon officials. Tanchon plays a role in financing KOMID’s sales of ballistic missiles and has also been involved in ballistic missile transactions from KOMID to Iran’s Shahid Hemmat Industrial Group (SHIG). Tanchon Commercial Bank was designated by the Committee in April 2009 and is the main DPRK financial entity for sales of conventional arms, ballistic missiles, and goods related to the assembly and manufacture of such weapons. KOMID was designated by the Committee in April 2009 and is the DPRK’s primary arms dealer and main exporter of goods and equipment related to ballistic missiles and conventional weapons. The Security Council designated SHIG in resolution 1737 (2006) as an entity involved in Iran’s ballistic missile programme."
KPe.010,entity,GREEN PINE ASSOCIATED CORPORATION,,CHO'NGSONG UNITED TRADING COMPANY; CHONGSONG YONHAP; CH'O'NGSONG YO'NHAP; CHOSUN CHAWO'N KAEBAL T'UJA HOESA; JINDALLAE; KU'MHAERYONG COMPANY LTD.; NATURAL RESOURCES DEVELOPMENT AND INVESTMENT CORPORATION; SAEINGP'IL COMPANY; National Resources Development and Investment Corporation; Saeng Pil Trading Corporation,,DPRK,2012-05-02,,Democratic People's Republic of Korea,,,,2017-06-05,"Green Pine Associated Corporation (“Green Pine”) has taken over many of the activities of the Korea Mining Development Trading Corporation (KOMID). KOMID was designated by the Committee in April 2009 and is the DPRK's primary arms dealer and main exporter of goods and equipment related to ballistic missiles and conventional weapons. Green Pine is also responsible for approximately half of the arms and related materiel exported by the DPRK. Green Pine has been identified for sanctions for exporting arms or related material from North Korea. Green Pine specializes in the production of maritime military craft and armaments, such as submarines, military boats and missile systems, and has exported torpedoes and technical assistance to Iranian defence-related firms. Telephone number: +850-2-18111(ext. 8327). Facsimile number: +850-2-3814685 and +850-2-3813372. Email addresses: pac@silibank.com and kndic@co.chesin.com."
KPe.011,entity,KOREA HEUNGJIN TRADING COMPANY,,Hunjin TRADING Co.; Korea Henjin Trading Co.; Korea Hengjin Trading Company,,DPRK,2012-05-02,,Democratic People's Republic of Korea,,,,,"The Korea Heungjin Trading Company is used by KOMID for trading purposes. We suspect it has been involved in supplying missile-related goods to Iran’s Shahid Hemmat Industrial Group (SHIG). Heungjin has been associated with KOMID, and, more specifically, KOMID’s procurement office. Heungjin has been used to procure an advanced digital controller with applications in missile design. KOMID was designated by the Committee in April 2009 and is the DPRK’s primary arms dealer and main exporter of goods and equipment related to ballistic missiles and conventional weapons. The Security Council designated SHIG in resolution 1737 (2006) as an entity involved in Iran’s ballistic missile programme."
KPe.012,entity,KOREAN COMMITTEE FOR SPACE TECHNOLOGY,,DPRK Committee for Space Technology; Department of Space Technology of the DPRK; Committee for Space Technology; KCST,,DPRK,2013-01-22,,Democratic People's Republic of Korea,,,,,The Korean Committee for Space Technology (KCST) orchestrated the DPRK’s launches on 13 April 2012 and 12 December 2012 via the satellite control center and Sohae launch area.
KPe.013,entity,BANK OF EAST LAND,,Dongbang BANK; TONGBANG U’NHAENG; TONGBANG BANK,,DPRK,2013-01-22,,Democratic People's Republic of Korea,,,,,"DPRK financial institution Bank of East Land facilitates weapons-related transactions for, and other support to, arms manufacturer and exporter Green Pine Associated Corporation (Green Pine). Bank of East Land has actively worked with Green Pine to transfer funds in a manner that circumvents sanctions. In 2007 and 2008, Bank of East Land facilitated transactions involving Green Pine and Iranian financial institutions, including Bank Melli and Bank Sepah. The Security Council designated Bank Sepah in resolution 1747 (2007) for providing support to Iran’s ballistic missile program. Green Pine was designated by the Committee in April 2012."
KPe.014,entity,KOREA KUMRYONG TRADING CORPORATION,,,,DPRK,2013-01-22,,,,,,,Used as an alias by the Korea Mining Development Trading Corporation (KOMID) to carry out procurement activities. KOMID was designated by the Committee in April 2009 and is the DPRK’s primary arms dealer and main exporter of goods and equipment related to ballistic missiles and conventional weapons.
KPe.015,entity,TOSONG TECHNOLOGY TRADING CORPORATION,,,,DPRK,2013-01-22,,Democratic People's Republic of Korea,,,,,The Korea Mining Development Corporation (KOMID) is the parent company of Tosong Technology Trading Corporation. KOMID was designated by the Committee in April 2009 and is the DPRK’s primary arms dealer and main exporter of goods and equipment related to ballistic missiles and conventional weapons.
KPe.016,entity,KOREA RYONHA MACHINERY JOINT VENTURE CORPORATION,,Chosun Yunha Machinery Joint Operation Company; Korea Ryenha Machinery J/V Corporation; Ryonha Machinery Joint Venture Corporation; Ryonha Machinery Corporation; Ryonha Machinery; Ryonha Machine Tool; Ryonha Machine Tool Corporation; Ryonha Machinery Corp.; Ryonhwa Machinery Joint Venture Corporation; Ryonhwa Machinery JV; Huichon Ryonha Machinery General Plant; Unsan; Unsan Solid Tools; Millim Technology Company; 朝鲜联合机械贸易会社,,DPRK,2013-01-22,,Democratic People's Republic of Korea,,,,2014-01-07; 2014-04-02,Korea Ryonbong General Corporation is the parent company of Korea Ryonha Machinery Joint Venture Corporation. Korea Ryonbong General Corporation was designated by the Committee in April 2009 and is a defense conglomerate specializing in acquisition for DPRK defense industries and support to that country's military-related sales. Email addresses: ryonha@silibank.com; sjc-117@hotmail.com; and millim@silibank.com. Telephone numbers: 850-2-18111; 850-2-18111-8642; and 850 2 18111-3818642. Facsimile number: 850-2-381-4410
KPe.017,entity,LEADER (HONG KONG) INTERNATIONAL,,Leader International Trading Limited; Leader (Hong Kong) International Trading Limited,,DPRK,2013-01-22,,"China, Hong Kong Special Administrative Region",,,,2014-06-20,Facilitates shipments on behalf of the Korea Mining Development Trading Corporation (KOMID). KOMID was designated by the Committee in April 2009 and is the DPRK’s primary arms dealer and main exporter of goods and equipment related to ballistic missiles and conventional weapons. Hong Kong company registration number 1177053.
KPe.018,entity,SECOND ACADEMY OF NATURAL SCIENCES,,2ND ACADEMY OF NATURAL SCIENCES; CHE 2 CHAYON KWAHAKWON; ACADEMY OF NATURAL SCIENCES; CHAYON KWAHAK-WON; NATIONAL DEFENSE ACADEMY; KUKPANG KWAHAK-WON; SECOND ACADEMY OF NATURAL SCIENCES RESEARCH INSTITUTE; SANSRI,,DPRK,2013-03-07,,Democratic People's Republic of Korea,,,,,"The Second Academy of Natural Sciences is a national-level organization responsible for research and development of the DPRK’s advanced weapons systems, including missiles and probably nuclear weapons. The Second Academy of Natural Sciences uses a number of subordinate organizations to obtain technology, equipment, and information from overseas, including Tangun Trading Corporation, for use in the DPRK’s missile and probably nuclear weapons programs. Tangun Trading Corporation was designated by the Committee in July 2009 and is primarily responsible for the procurement of commodities and technologies to support DPRK’s defense research and development programs, including, but not limited to, weapons of mass destruction and delivery system programs and procurement, including materials that are controlled or prohibited under relevant multilateral control regimes."
KPe.019,entity,KOREA COMPLEX EQUIPMENT IMPORT CORPORATION,,,,DPRK,2013-03-07,,Democratic People's Republic of Korea,,,,,Korea Ryonbong General Corporation is the parent company of Korea Complex Equipment Import Corporation. Korea Ryonbong General Corporation was designated by the Committee in April 2009 and is a defense conglomerate specializing in acquisition for DPRK defense industries and support to that country’s military-related sales.
KPe.020,entity,"OCEAN MARITIME MANAGEMENT COMPANY, LIMITED (OMM)",,East Sea Shipping Company; Korea Mirae Shipping Co. Ltd; Haeyang Crew Management Company,,DPRK,2014-07-28,,Democratic People's Republic of Korea,,,,2022-07-26,"Ocean Maritime Management Company, Limited is the operator/manager of the vessel Chong Chon Gang. It played a key role in arranging the shipment of concealed cargo of arms and related materiel from Cuba to the DPRK in July 2013. As such, Ocean Maritime Management Company, Limited contributed to activities prohibited by the resolutions, namely the arms embargo imposed by resolution 1718 (2006), as modified by resolution 1874 (2009), and contributed to the evasion of the measures imposed by these resolutions. International Maritime Organization (IMO) Number: 1790183."
KPe.021,entity,ACADEMY OF NATIONAL DEFENSE SCIENCE,,SECOND ACADEMY OF NATURAL SCIENCES (KPE.018),,DPRK,2016-03-02,,Democratic People's Republic of Korea,,,,2024-01-05,The Academy of National Defense Science is involved in the DPRK's efforts to advance the development of its ballistic missile and nuclear weapons programs.
KPe.022,entity,CHONGCHONGANG SHIPPING COMPANY,,Chong Chon Gang Shipping Co. Ltd.; Chongchongang Shipping Co LTD,,DPRK,2016-03-02,,Democratic People's Republic of Korea,,,,2022-07-26,"IMO Number: 5342883. The Chongchongang Shipping Company, through its vessel, the Chong Chon Gang, attempted to directly import the illicit shipment of conventional weapons and arms to the DPRK in July 2013."
KPe.023,entity,DAEDONG CREDIT BANK (DCB),,DCB; Taedong Credit Bank; Dae-Dong Credit Bank,,DPRK,2016-03-02,,Democratic People's Republic of Korea,,,,2022-07-26,"SWIFT: DCBKKPPY. Daedong Credit Bank has provided financial services to the Korea Mining Development Trading Corporation (KOMID) and Tanchon Commercial Bank. Since at least 2007, DCB has facilitated hundreds of financial transactions worth millions of dollars on behalf of KOMID and Tanchon Commercial Bank. In some cases, DCB has knowingly facilitated transactions by using deceptive financial practices."
KPe.024,entity,HESONG TRADING COMPANY,,,,DPRK,2016-03-02,,Democratic People's Republic of Korea,,,,,The Korea Mining Development Trading Corporation (KOMID) is the parent company of Hesong Trading Corporation.
KPe.025,entity,KOREA KWANGSON BANKING CORPORATION (KKBC),,KKBC,,DPRK,2016-03-02,,Democratic People's Republic of Korea,,,,,"KKBC provides financial services in support to Tanchon Commercial Bank and Korea Hyoksin Trading Corporation, a subordinate of the Korea Ryonbong General Corporation. Tanchon Commercial Bank has used KKBC to facilitate funds transfers likely amounting to millions of dollars, including transfers involving Korea Mining Development Corporation related funds."
KPe.026,entity,KOREA KWANGSONG TRADING CORPORATION,,,,DPRK,2016-03-02,,Democratic People's Republic of Korea,,,,,The Korea Ryongbong General Corporation is the parent company of Korea Kwangsong Trading Corporation.
KPe.027,entity,MINISTRY OF ATOMIC ENERGY INDUSTRY,,MAEI,,DPRK,2016-03-02,,Democratic People's Republic of Korea,,,,,"The Ministry of Atomic Energy Industry was created in 2013 for the purpose of modernizing the DPRK’s atomic energy industry to increase the production of nuclear materials, improve their quality, and further develop an independent DPRK nuclear industry. As such, the MAEI is known to be a critical player in the DPRK’s development of nuclear weapons and is in charge of day-to-day operation of the country’s nuclear weapons program, and under it are other nuclear-related organizations. Under this ministry are a number of nuclear-related organizations and research centers, as well as two committees: an Isotope Application Committee and a Nuclear Energy Committee. The MAEI also directs a nuclear research center at Yongbyun, the site of the DPRK's known plutonium facilities. Furthermore, in the 2015 Panel of Experts (POE) report, the POE stated that Ri Je-son, a former director of the GBAE who was designated by the Committee established pursuant to resolution 1718 (2006) in 2009 for engagement in or support for nuclear related programs, was appointed as head of the MAEI on April 9, 2014."
KPe.028,entity,MUNITIONS INDUSTRY DEPARTMENT,,Military Supplies Industry Department; MID; MACHINE INDUSTRY DEPARTMENT,,DPRK,2016-03-02,,Democratic People's Republic of Korea,,,,2018-07-09; 2023-08-16,"The Munitions Industry Department is involved in key aspects of the DPRK's missile program. MID is responsible for overseeing the development of the DPRK's ballistic missiles, including the Taepo Dong-2.The MID oversees the DPRK's weapons production and R&D programs, including the DPRK's ballistic missile program. The Second Economic Committee and the Second Academy of Natural Sciences – also designated in August 2010 – are subordinate to the MID. The MID in recent years has worked to develop the KN08 road-mobile ICBM. The MID oversees the DPRK’s nuclear program. The Nuclear Weapons Institute is subordinate to the MID."
KPe.029,entity,NATIONAL AEROSPACE TECHNOLOGY ADMINISTRATION,,NATA; NATIONAL AEROSPACE DEVELOPMENT ADMINISTRATION; NADA,,DPRK,2016-03-02,,Democratic People's Republic of Korea,,,,2024-04-15,"NATA is involved in the DPRK's development of space science and technology, including satellite launches and carrier rockets."
KPe.030,entity,OFFICE 39,,Office #39; Office No. 39; Bureau 39; Central Committee Bureau 39; Third Floor; Division 39,,DPRK,2016-03-02,,Democratic People's Republic of Korea,,,,2022-07-26,DPRK government entity
KPe.031,entity,RECONNAISSANCE GENERAL BUREAU,,Chongch’al Ch’ongguk; KPA Unit 586; RGB,,DPRK,2016-03-02,,Democratic People's Republic of Korea,,,,,"The Reconnaissance General Bureau is the DPRK's premiere intelligence organization, created in early 2009 by the merger of existing intelligence organizations from the Korean Workers' Party, the Operations Department and Office 35, and the Reconnaissance Bureau of the Korean People's Army. The Reconnaissance General Bureau trades in conventional arms and controls the DPRK conventional arms firm Green Pine Associated Corporation."
KPe.032,entity,SECOND ECONOMIC COMMITTEE,,,,DPRK,2016-03-02,,Democratic People's Republic of Korea,,,,,"The Second Economic Committee is involved in key aspects of the DPRK's missile program. The Second Economic Committee is responsible for overseeing the production of the DPRK's ballistic missiles, and directs the activities of KOMID."
KPe.033,entity,KOREA UNITED DEVELOPMENT BANK,,,,DPRK,2016-11-30,,Democratic People's Republic of Korea,,,,,Korea United Development Bank operates in the financial services industry of the DPRK economy. SWIFT/BIC: KUDBKPPY
KPe.034,entity,ILSIM INTERNATIONAL BANK,,,,DPRK,2016-11-30,,Democratic People's Republic of Korea,,,,,Ilsim International Bank is affiliated with the DPRK military and has a close relationship with Korea Kwangson Banking Corporation (KKBC). Ilsim International Bank has attempted to evade United Nations sanctions. SWIFT: ILSIKPPY
KPe.035,entity,KOREA DAESONG BANK,,Choson Taesong Unhaeng; Taesong Bank,,DPRK,2016-11-30,,Democratic People's Republic of Korea,,,,,Daesong Bank is owned and controlled by Office 39 of the Korea Workers’ Party. SWIFT/BIC: KDBKKPPY
KPe.036,entity,SINGWANG ECONOMICS AND TRADING GENERAL CORPORATION,,,,DPRK,2016-11-30,,Democratic People's Republic of Korea,,,,2022-07-26; 2022-09-14,Singwang Economics and Trading General Corporation is a DPRK firm for trading in coal. DPRK generates a significant share of the money for its nuclear and ballistic missile programs by mining natural resources and selling those resources abroad.
KPe.037,entity,KOREA FOREIGN TECHNICAL TRADE CENTER,,,,DPRK,2016-11-30,,Democratic People's Republic of Korea,,,,,Korea Foreign Technical Trade Center is a DPRK firm trading in coal. DPRK generates a significant share of the funds needed to finance its nuclear and ballistic missile programs by mining natural resources and selling those resources abroad.
KPe.038,entity,KOREA PUGANG TRADING CORPORATION,,,,DPRK,2016-11-30,,Democratic People's Republic of Korea,,,,,"Korea Pugang Trading Corporation is owned by the Korea Ryonbong General Corporation, DPRK’s defense conglomerate specializing in acquisition for DPRK defense industries and support to Pyongyang’s military related sales."
KPe.039,entity,KOREA INTERNATIONAL CHEMICAL JOINT VENTURE COMPANY,,Choson International Chemicals Joint Operation Company; Chosun International Chemicals Joint Operation Company; International Chemical Joint Venture Company,,DPRK,2016-11-30,,Democratic People's Republic of Korea,,,,,Korea International Chemical Joint Venture Company is a subsidiary of Korea Ryonbong General Corporation – DPRK’s defense conglomerate specializing in acquisition for DPRK defense industries and support to Pyongyang’s military related sales – and has engaged in proliferation-related transactions.
KPe.040,entity,DCB FINANCE LIMITED,,,,DPRK,2016-11-30,,British Virgin Islands; China,,,,,"DCB Finance Limited is a front company for Daedong Credit Bank (DCB), a listed entity."
KPe.041,entity,KOREA TAESONG TRADING COMPANY,,,,DPRK,2016-11-30,,Democratic People's Republic of Korea,,,,,Korea Taesong Trading Company has acted on behalf of KOMID in dealings with Syria.
KPe.042,entity,KOREA DAESONG GENERAL TRADING CORPORATION,,Daesong Trading; Daesong Trading Company; Korea Daesong Trading Company; Korea Daesong Trading Corporation,,DPRK,2016-11-30,,Democratic People's Republic of Korea,,,,2022-07-26,"Korea Daesong General Trading Corporation is affiliated with Office 39 through minerals (gold) exports, metals, machinery, agricultural products, ginseng, jewelry, and light industry products.Telephone: +850-2-18111-8208. Fax: +850-2-381-4432. Email: daesong@star-co.net.kp."
KPe.043,entity,KANGBONG TRADING CORPORATION,,,,DPRK,2017-06-02,,Democratic People's Republic of Korea,,,,,"The Kangbong Trading Corporation sold, supplied, transferred, or purchased, directly or indirectly, to or from the DPRK, metal, graphite, coal, or software, where revenue or goods received may benefit the Government of the DPRK or the Workers’ Party of Korea. The Kangbong Trading Corporation’s parent is the Ministry of People’s Armed Forces"
KPe.044,entity,KOREA KUMSAN TRADING CORPORATION,,,,DPRK,2017-06-02,,Democratic People's Republic of Korea,,,,2022-07-26,"Korea Kumsan Trading Corporation is owned or controlled by, or acting or purporting to act for or on behalf of, directly or indirectly, the General Bureau of Atomic Energy, which oversees the DPRK’s nuclear programme. Telephone: +850-2-18111-8550. Fax: +850-2-381-4410/4416. Email: mhs-ip@star-co.net.kp."
KPe.045,entity,KORYO BANK,,,,DPRK,2017-06-02,,Democratic People's Republic of Korea,,,,2022-07-26,Koryo Bank operates in the financial services industry in the DPRK’s economy and is associated with Office 38 and Office 39 of the KWP
KPe.046,entity,STRATEGIC ROCKET FORCE OF THE KOREAN PEOPLE’S ARMY,,Strategic Rocket Force; Strategic Rocket Force Command of KPA; Strategic Force; Strategic Forces,,DPRK,2017-06-02,,Democratic People's Republic of Korea,,,,,The Strategic Rocket Force of the Korean People’s Army is in charge of all DPRK ballistic missile programmes and is responsible for SCUD and NODONG launches
KPe.047,entity,FOREIGN TRADE BANK (FTB),,Mooyokbank; Korea Trading Bank,,DPRK,2017-08-05,,Democratic People's Republic of Korea,,,,2022-07-26,Foreign Trade Bank is a state-owned bank and acts as the DPRK’s primary foreign exchange bank and has provided key financial support to the Korea Kwangson Banking Corporation. SWIFT/BIC: FTBDKPPY.
KPe.048,entity,KOREAN NATIONAL INSURANCE COMPANY (KNIC),,Korea Foreign Insurance Company,,DPRK,2017-08-05,,Democratic People's Republic of Korea,,,,,The Korean National Insurance Company is a DPRK financial and insurance company and is affiliated with Office 39.
KPe.049,entity,KORYO CREDIT DEVELOPMENT BANK,,Daesong Credit Development Bank; Koryo Global Credit Bank; Koryo Global Trust Bank,,DPRK,2017-08-05,,Democratic People's Republic of Korea,,,,,Koryo Credit Development Bank operates in the financial services industry in the DPRK’s economy.
KPe.050,entity,MANSUDAE OVERSEAS PROJECT GROUP OF COMPANIES,,Mansudae Art Studio,,DPRK,2017-08-05,,Democratic People's Republic of Korea,,,,2022-07-26,"Mansudae Overseas Project Group of Companies engaged in, facilitated, or was responsible for the exportation of workers from the DPRK to other nations for construction-related activities including for statues and monuments to generate revenue for the Government of the DPRK or the Workers’ Party of Korea. The Mansudae Overseas Project Group of Companies has been reported to conduct business in countries in Africa and Southeast Asia including Algeria, Angola, Botswana, Benin, Cambodia, Chad, the Democratic Republic of the Congo, Equatorial Guinea, Malaysia, Mozambique, Madagascar, Namibia, Syria, Togo, and Zimbabwe."
KPe.051,entity,CENTRAL MILITARY COMMISSION OF THE WORKERS’ PARTY OF KOREA (CMC),,,,DPRK,2017-09-11,,Democratic People's Republic of Korea,,,,,"The Central Military Commission is responsible for the development and implementation of the Workers’ Party of Korea’s military policies, commands and controls the DPRK’s military, and directs the country’s military defense industries in coordination with the State Affairs Commission."
KPe.052,entity,ORGANIZATION AND GUIDANCE DEPARTMENT (OGD),,,,DPRK,2017-09-11,,Democratic People's Republic of Korea,,,,,"The Organization and Guidance Department is a very powerful body of the Worker’s Party of Korea. It directs key personnel appointments for the Workers’ Party of Korea, the DPRK’s military, and the DPRK’s government administration. It also purports to control the political affairs of all of the DPRK and is instrumental in implementing the DPRK’s censorship policies."
KPe.053,entity,PROPAGANDA AND AGITATION DEPARTMENT (PAD),,,,DPRK,2017-09-11,,Democratic People's Republic of Korea,,,,,"The Propaganda and Agitation Department has full control over the media, which it uses as a tool to control the public on behalf of the DPRK leadership. The Propaganda and Agitation Department also engages in or is responsible for censorship by the Government of the DPRK, including newspaper and broadcast censorship."
KPe.054,entity,MINISTRY OF NATIONAL DEFENCE,,MINISTRY OF NATIONAL DEFENSE; MINISTRY OF DEFENCE; MINISTRY OF DEFENSE; MINISTRY OF THE PEOPLE’S ARMED FORCES (MPAF),,DPRK,2017-12-22,,Democratic People's Republic of Korea,,,,2024-03-07,The Ministry of National Defence manages the general administrative and logistical needs of the Korean People’s Army.
KPe.055,entity,CHANG AN SHIPPING & TECHNOLOGY,,長安海連技術有限公司; CHANG AN SHIPPING AND TECHNOLOGY,,DPRK,2018-03-30,,China,,,,,"Registered owner, ship manager, and commercial manager of Panama-flagged vessel HUA FU, a cargo ship that loaded DPRK coal at Najin, DPRK on 24 September 2017."
KPe.056,entity,CHONMYONG SHIPPING CO,,CHON MYONG SHIPPING COMPANY LIMITED,,DPRK,2018-03-30,,Democratic People's Republic of Korea,,,,2022-07-26,"Registered owner of CHON MYONG 1, a DPRK-flagged vessel that conducted ship-to-ship transfer of fuel in late December 2017. IMO number: 5571322."
KPe.057,entity,FIRST OIL JV CO LTD,,,,DPRK,2018-03-30,,Democratic People's Republic of Korea,,,,2022-07-26,"Owner of the DPRK tanker PAEK MA, which was involved in ship-to-ship transfer operations for oil in mid-January 2018. IMO number: 5963351."
KPe.058,entity,HAPJANGGANG SHIPPING CORP,,,,DPRK,2018-03-30,,Democratic People's Republic of Korea,,,,2022-07-26,"Registered owner of the DPRK tanker NAM SAN 8, believed to have been involved in ship-to-ship transfer operations for oil, and owner of vessel HAP JANG GANG 6. IMO number: 5787684."
KPe.059,entity,HUAXIN SHIPPING HONGKONG LTD,,華信船務(香港)有限公司,,DPRK,2018-03-30,,China,,,,,"Ship and commercial manager of the ASIA BRIDGE 1. Hong Kong-owned vessel, the probable “ASIA BRIDGE 1” was instructed on 19 October 2017 by Huaxin Shipping to make preparations for entry into Nampo, DPRK to receive a shipment of coal bound for Vietnam. The “ASIA BRIDGE 1” was instructed by an unidentified employee of Huaxin Shipping Ltd. to make preparations to receive 8,000 metric tons of coal and then sail to Cam Pha, Vietnam. The master of the vessel was instructed to cover the ship’s name and other markings using canvas while in port at Nampo."
KPe.060,entity,"KINGLY WON INTERNATIONAL CO., LTD",,,,DPRK,2018-03-30,,Marshall Islands,,,,,"In 2017, Tsang Yung Yuan (aka Neil Tsang) and Kingly Won attempted to engage in an oil deal valued at over $1 million with a petroleum company in a third country to illicitly transfer to the DPRK. Kingly Won acted as a broker for that petroleum company and a Chinese company that reached out to Kingly Won to purchase marine oil on its behalf."
KPe.061,entity,KOREA ACHIM SHIPPING CO,,,,DPRK,2018-03-30,,Democratic People's Republic of Korea,,,,2022-07-26,"Registered owner of DPRK tanker CHON MA SAN. DPRK-flagged CHON MA SAN prepared for likely ship-to-ship transfer operations in late January 2018. The master of the DPRK-flagged motor tanker YU JONG 2 reported on 18 November 2017 to an unidentified DPRK-based controller that the vessel was avoiding a storm in advance of a ship-to-ship transfer. The master suggested that the YU JONG 2 load fuel oil before the DPRK-flagged tanker CHON MA SAN since the CHON MA SAN’s larger size was better suited to conduct ship-to-ship transfers in a storm. After the CHON MA SAN loaded fuel oil from a vessel, the YU JONG 2 loaded 1,168 kiloliters of fuel oil on 19 November 2017 through a ship-to-ship transfer operation. IMO number: 5936312."
KPe.062,entity,KOREA ANSAN SHIPPING COMPANY,,KOREA ANSAN SHPG COMPANY; Korea Ansan SHPG CO,,DPRK,2018-03-30,,Democratic People's Republic of Korea,,,,2022-07-26,Registered owner of DPRK tanker AN SAN 1 believed to have been involved in ship-to-ship transfer operations for oil. IMO number: 5676084
KPe.063,entity,KOREA MYONGDOK SHIPPING CO,,,,DPRK,2018-03-30,,Democratic People's Republic of Korea,,,,2022-07-26,"Registered owner of the YU PHYONG 5. In late November 2017, the YU PHYONG 5 conducted a ship-to-ship transfer of 1,721 metric tons of fuel oil. IMO number: 5985863."
KPe.064,entity,KOREA SAMJONG SHIPPING,,,,DPRK,2018-03-30,,Democratic People's Republic of Korea,,,,2022-07-26,Registered owner of DPRK tankers SAM JONG 1 and SAM JONG 2. Both vessels are believed to have imported refined petroleum to DPRK in violation of UN sanctions in late January 2018. IMO number: 5954061.
KPe.065,entity,KOREA SAMMA SHIPPING CO,,Korea Samma SHPG CO,,DPRK,2018-03-30,,Democratic People's Republic of Korea,,,,2022-07-26,"A DPRK-flagged tanker, SAM MA 2 owned by Korea Samma Shipping Company, conducted a ship-to-ship transfer of oil and fabricated documents in mid-October 2017, loading almost 1,600 metric tons of fuel oil in one transaction. The ship master was instructed to erase SAMMA SHIPPING and the Korean words found on the ship’s seal and instead put “Hai Xin You 606” to mask its identity as a DPRK vessel. IMO number: 5145892."
KPe.066,entity,KOREA YUJONG SHIPPING CO LTD,,,,DPRK,2018-03-30,,Democratic People's Republic of Korea,,,,,"Registered owner of the DPRK tanker YU JONG 2, which loaded 1,168 kiloliters of fuel oil on 19 November 2017 through a ship-to-ship transfer operation. Company Number IMO 5434358."
KPe.067,entity,KOTI CORP,,,,DPRK,2018-03-30,,Panama,,,,2022-07-26,"Ship manager and commercial manager of the Panama-flagged vessel KOTI, which conducted ship-to-ship transfers of likely petroleum product to the DPRK-flagged KUM UN SAN 3 on 9 December 2017. IMO number: 5982254."
KPe.068,entity,MYOHYANG SHIPPING CO,,,,DPRK,2018-03-30,,Democratic People's Republic of Korea,,,,2022-07-26,"Ship manager of DPRK oil products tanker YU SON, which is believed to have been involved in ship-to-ship transfer operations for oil. IMO number: 5988369."
KPe.069,entity,PAEKMA SHIPPING CO,,Care of First Oil JV Co Ltd,,DPRK,2018-03-30,,Democratic People's Republic of Korea,,,,,"Registered owner of the DPRK tanker PAEK MA, which was involved in ship-to-ship transfer operations for oil in mid-January 2018."
KPe.070,entity,PHYONGCHON SHIPPING & MARINE,,PHYONGCHON SHIPPING AND MARINE,,DPRK,2018-03-30,,Democratic People's Republic of Korea,,,,2022-07-26,"Registered owner of DPRK tanker JI SONG 6, which is believed to have been involved in ship-to-ship transfer operations of oil in late January 2018. The company also owns vessels JI SONG 8 and WOORY STAR. IMO number: 5878561."
KPe.071,entity,PRO-GAIN GROUP CORPORATION,,,,DPRK,2018-03-30,,,,,,2018-08-08,Company owned or controlled by Tsang Yung Yuan and involved in illicit transfers of DPRK coal.
KPe.072,entity,SHANGHAI DONGFENG SHIPPING CO LTD,,,,DPRK,2018-03-30,,China,,,,,"Registered owner, ship and commercial manager of the DONG FENG 6, a vessel that loaded coal at Hamhung, DPRK, on 11 July 2017 for export in violation of UN sanctions."
KPe.073,entity,SHEN ZHONG INTERNATIONAL SHIPPING,,沈忠國際海運有限公司,,DPRK,2018-03-30,,China,,,,,"Ship and commercial manager of HAO FAN 2 and HAO FAN 6, St Kitts-Nevis-flagged vessels. The HAO FAN 6 loaded coal at Nampo, DPRK, on 27 August 2017. HAO FAN 2 loaded DPRK coal at Nampo, DPRK, on 3 June 2017."
KPe.074,entity,WEIHAI WORLD-SHIPPING FREIGHT,,,,DPRK,2018-03-30,,China,,,,2018-05-23; 2022-09-14,"Ship and commercial manager of the XIN GUANG HAI, a vessel that on loaded coal at Taean, DPRK, on 27 October 2017 and had an ETA of 14 November 2017 to Cam Pha, Vietnam, but it did not arrive. IMO number: 5905801."
KPe.075,entity,YUK TUNG ENERGY PTE LTD,,,,DPRK,2018-03-30,,Singapore,,,,2020-05-11; 2022-07-26,"Ship manager and commercial manager of the YUK TUNG, which conducted ship-to-ship transfer of refined petroleum product. IMO number: 5987860."
KPi.001,individual,YUN HO-JIN,,Yun Ho-chin,,DPRK,2009-07-16,Democratic People's Republic of Korea,Democratic People's Republic of Korea,1944-10-13,,Director of Namchongang Trading Corporation,2022-07-26,Director of Namchongang Trading Corporation; oversees the import of items needed for the uranium enrichment program.
KPi.002,individual,RI JE-SON,,Ri Che-son,,DPRK,2009-07-16,Democratic People's Republic of Korea,Democratic People's Republic of Korea,1938,,Former Minister of Atomic Energy Industry.,2014-07-30; 2023-06-29,"Former Minister of Atomic Energy Industry. Former Director of the General Bureau of Atomic Energy (GBAE), chief agency directing DPRK's nuclear program; facilitated several nuclear endeavors including GBAE's management of Yongbyon Nuclear Research Center and Namchongang Trading Corporation."
KPi.003,individual,HWANG SOK-HWA,,HWANG SOK HA,,DPRK,2009-07-16,Democratic People's Republic of Korea,Democratic People's Republic of Korea,1943-09-26,,Director in the General Bureau of Atomic Energy (GBAE),2023-06-29,"Director in the General Bureau of Atomic Energy (GBAE); involved in DPRK’s nuclear program; as Chief of the Scientific Guidance Bureau in the GBAE, served on the Science Committee inside the Joint Institute for Nuclear Research."
KPi.004,individual,RI HONG-SOP,,,,DPRK,2009-07-16,Democratic People's Republic of Korea,Democratic People's Republic of Korea,1940-02-26,,"Former director, Yongbyon Nuclear Research Center, and Head of Nuclear Weapons Institute",2018-07-09; 2022-07-26; 2023-06-29,"Former director, Yongbyon Nuclear Research Center, oversaw three core facilities that assist in the production of weapons-grade plutonium: the Fuel Fabrication Facility, the Nuclear Reactor, and the Reprocessing Plant."
KPi.005,individual,HAN YU-RO,,,,DPRK,2009-07-16,Democratic People's Republic of Korea,Democratic People's Republic of Korea,,,Director of Korea Ryongaksan General Trading Corporation,,Director of Korea Ryongaksan General Trading Corporation; involved in DPRK’s ballistic missile program.
KPi.006,individual,PAEK CHANG-HO,,Pak Chang-Ho; Paek Ch'ang-Ho,,DPRK,2013-01-22,Democratic People's Republic of Korea,Democratic People's Republic of Korea,1964-06-18,Numéro de passeport 381420754; Número de pasaporte 381420754; Passport 381420754,Senior official and head of the satellite control center of Korean Committee for Space Technology,,Senior official and head of the satellite control center of Korean Committee for Space Technology.
KPi.007,individual,CHANG MYONG-CHIN,,Jang Myong-Jin,,DPRK,2013-01-22,Democratic People's Republic of Korea,Democratic People's Republic of Korea,1968-02-19; 1965; 1966,,General Manager of the Sohae Satellite Launching Station and head of launch center at which the 13 April and 12 December 2012 launches took place.,,General Manager of the Sohae Satellite Launching Station and head of launch center at which the 13 April and 12 December 2012 launches took place.
KPi.008,individual,RA KY'ONG-SU,,Ra Kyung-Su; Chang Myong Ho; Chang Myo’ng-Ho; Chang Myong-Ho; Ra Kyong-Su,,DPRK,2013-01-22,Democratic People's Republic of Korea,Democratic People's Republic of Korea,1954-06-04,Numéro de passeport 645120196; Número de pasaporte 645120196; Passport 645120196,Tanchon Commercial Bank (TCB) official,2016-03-02; 2022-07-26; 2023-06-29,"Ra Ky'ong-Su is a Tanchon Commercial Bank (TCB) official. In this capacity he has facilitated transactions for TCB. Tanchon was designated by the Committee in April 2009 as the main DPRK financial entity responsible for sales of conventional arms, ballistic missiles, and goods related to the assembly and manufacture of such weapons."
KPi.009,individual,KIM KWANG-IL,,,,DPRK,2013-01-22,Democratic People's Republic of Korea,Democratic People's Republic of Korea,1969-09-01,Numéro de passeport PS381420397; Número de pasaporte PS381420397; Passport PS381420397,Tanchon Commercial Bank (TCB) official,,"Kim Kwang-il is a Tanchon Commercial Bank (TCB) official. In this capacity, he has facilitated transactions for TCB and the Korea Mining Development Trading Corporation (KOMID). Tanchon was designated by the Committee in April 2009 as the main DPRK financial entity responsible for sales of conventional arms, ballistic missiles, and goods related to the assembly and manufacture of such weapons. KOMID was designated by the Committee in April 2009 and is the DPRK’s primary arms dealer and main exporter of goods and equipment related to ballistic missiles and conventional weapons."
KPi.010,individual,YO'N CHO'NG NAM,,,,DPRK,2013-03-07,Democratic People's Republic of Korea,Democratic People's Republic of Korea,,,Chief Representative for the Korea Mining Development Trading Corporation (KOMID),,Chief Representative for the Korea Mining Development Trading Corporation (KOMID). The KOMID was designated by the Committee in April 2009 and is the DPRK’s primary arms dealer and main exporter of goods and equipment related to ballistic missiles and conventional weapons.
KPi.011,individual,KO CH'O'L-CHAE,,,,DPRK,2013-03-07,Democratic People's Republic of Korea,Democratic People's Republic of Korea,,,Deputy Chief Representative for the Korea Mining Development Trading Corporation (KOMID),,Deputy Chief Representative for the Korea Mining Development Trading Corporation (KOMID). The KOMID was designated by the Committee in April 2009 and is the DPRK’s primary arms dealer and main exporter of goods and equipment related to ballistic missiles and conventional weapons.
KPi.012,individual,MUN CHO'NG-CH'O'L,,Mun Chong-Chol,,DPRK,2013-03-07,Democratic People's Republic of Korea,Democratic People's Republic of Korea,1964-12-23,,Tanchon Commercial Bank (TCB) official,2022-07-26; 2023-06-29,"Mun Cho'ng-Ch'o'l is a TCB official. In this capacity he has facilitated transactions for TCB. Tanchon was designated by the Committee in April 2009 is the main DPRK financial entity for sales of conventional arms, ballistic missiles, and goods related to the assembly and manufacture of such weapons."
KPi.013,individual,CHOE CHUN-SIK,,Choe Chun Sik; Ch’oe Ch’un Sik,,DPRK,2016-03-02,Democratic People's Republic of Korea,Democratic People's Republic of Korea,1954-10-12,,Former Director of the Second Academy of Natural Sciences (SANS); Former head of the DPRK’s long-range missile program,2022-07-26; 2023-08-16,Choe Chun-sik was the director of the Second Academy of Natural Sciences (SANS) and was the head of the DPRK’s long-range missile program.
KPi.014,individual,CHOE SONG IL,,,,DPRK,2016-03-02,Democratic People's Republic of Korea,Democratic People's Republic of Korea,,Passport 472320665; Passport 563120356,Tanchon Commercial Bank Representative,2017-06-01,Served as the Tanchon Commercial Bank representative in Vietnam.
KPi.015,individual,HYON KWANG IL,,Hyon Gwang Il,,DPRK,2016-03-02,Democratic People's Republic of Korea,Democratic People's Republic of Korea,1961-05-27,,Department Director for Scientific Development at the National Aerospace Development Administration,,
KPi.016,individual,JANG BOM SU,,Jang Pom Su; Jang Hyon U,,DPRK,2016-03-02,Democratic People's Republic of Korea,Democratic People's Republic of Korea,1957-04-15,,Tanchon Commercial Bank Representative in Syria,2017-08-05,"Pursuant to Resolution 2371(2017) the Security Council added the following information: New AKA: Jang Hyon U with date of birth 22 February 1958 and diplomatic passport number 836110034, which expires on 1 January 2020."
KPi.017,individual,JANG YONG SON,,,,DPRK,2016-03-02,Democratic People's Republic of Korea,Democratic People's Republic of Korea,1957-02-20,Passport 563110024 Democratic People's Republic of Korea,Korea Mining Development Trading Corporation (KOMID) Representative,2017-06-01; 2022-07-26,Served as the KOMID representative in Iran.
KPi.018,individual,JON MYONG GUK,,Cho’n Myo’ng-kuk; Jon Yong Sang,,DPRK,2016-03-02,Democratic People's Republic of Korea,Democratic People's Republic of Korea,1976-10-18,Passport 4721202031,Tanchon Commercial Bank Representative in Syria,2017-08-05,"Pursuant to Resolution 2371(2017) the Security Council added the following information: New AKA: Jon Yong Sang with date of birth 25 August 1976 and diplomatic passport number 836110035, which expires on 1 January 2020."
KPi.019,individual,KANG MUN KIL,,Jiang Wen-ji; Jian Wenji,,DPRK,2016-03-02,Democratic People's Republic of Korea,Democratic People's Republic of Korea,1963-02-09,Passport PS 472330208,,2022-07-26; 2023-06-29,"Kang Mun Kil has conducted nuclear procurement activities as a representative of Namchongang, also known as Namhung."
KPi.020,individual,KANG RYONG,,,,DPRK,2016-03-02,Democratic People's Republic of Korea,Democratic People's Republic of Korea,1969-08-21,,Former Korea Mining Development Trading Corporation (KOMID) Representative in Syria,2023-08-16,
KPi.021,individual,KIM JUNG JONG,,Kim Chung Chong,,DPRK,2016-03-02,Democratic People's Republic of Korea,Democratic People's Republic of Korea,1966-11-07,Passport 199421147; Passport 381110042 (Expired 25 Jan. 2016); Passport 563210184 (Expires 18 Jun. 2018),Tanchon Commercial Bank Representative,2017-06-01,Served as the Tanchon Commercial Bank representative in Vietnam.
KPi.022,individual,KIM KYU,,,,DPRK,2016-03-02,Democratic People's Republic of Korea,Democratic People's Republic of Korea,1968-07-30,,Korea Mining Development Trading Corporation (KOMID) External Affairs Officer,,
KPi.023,individual,KIM TONG MY’ONG,,Kim Chin-So’k; Kim Tong-Myong; Kim Jin-Sok; Kim Hyok-Chol; Kim Tong-Myo’ng; Kim Tong Myong; Kim Hyok Chol,,DPRK,2016-03-02,Democratic People's Republic of Korea,Democratic People's Republic of Korea,1964; 1962-08-28,Passport 290320764 Democratic People's Republic of Korea,President of Tanchon Commercial Bank,2022-07-26,Kim Tong My’ong is the President of Tanchon Commercial Bank and has held various positions within Tanchon Commercial bank since at least 2002. He has also played a role in managing Amroggang’s affairs.
KPi.024,individual,KIM YONG CHOL,,Kim Yong-Chol; Kim Young-Chol; Kim Young-Cheol; Young-Chul,,DPRK,2016-03-02,Democratic People's Republic of Korea,Democratic People's Republic of Korea,1962-02-18,Passport 472310168 Democratic People's Republic of Korea,KOMID Representative,2017-06-01; 2022-07-26,Served as the KOMID representative in Iran.
KPi.025,individual,KO TAE HUN,,Kim Myong Gi,,DPRK,2016-03-02,Democratic People's Republic of Korea,Democratic People's Republic of Korea,1972-05-25,Passport 563120630,Tanchon Commercial Bank official,2023-06-29,
KPi.026,individual,RI MAN GON,,,,DPRK,2016-03-02,Democratic People's Republic of Korea,Democratic People's Republic of Korea,1945-10-29,Passport PO381230469,Former Minister of the Munitions Industry Department,2023-08-16,
KPi.027,individual,RYU JIN,,,,DPRK,2016-03-02,Democratic People's Republic of Korea,Democratic People's Republic of Korea,1965-08-07,Passport 563410081,KOMID Representative in Syria,,
KPi.028,individual,YU CHOL U,,,,DPRK,2016-03-02,Democratic People's Republic of Korea,Democratic People's Republic of Korea,1959-08-08,,Director of the National Aerospace Development Administration,2022-07-26,
KPi.029,individual,PAK CHUN IL,,,,DPRK,2016-11-30,Democratic People's Republic of Korea,Democratic People's Republic of Korea,1954-07-28,Passport 563410091,Served as DPRK Ambassador to Egypt,2022-06-30,Pak Chun Il has served as the DPRK Ambassador to Egypt and provides support to KOMID. He concluded his tour of duty and left Egypt on 15 November 2016.
KPi.030,individual,KIM SONG CHOL,,Kim Hak Song,,DPRK,2016-11-30,Democratic People's Republic of Korea,Democratic People's Republic of Korea,1968-03-26; 1970-10-15,Passport 381420565; Passport 654120219,,,Kim Song Chol is a KOMID official that has conducted business in Sudan on behalf of KOMID’s interests.
KPi.031,individual,SON JONG HYOK,,Son Min,,DPRK,2016-11-30,Democratic People's Republic of Korea,Democratic People's Republic of Korea,1980-05-20,,,,Son Jong Hyok is a KOMID official that has conducted business in Sudan on behalf of KOMID’s interests.
KPi.032,individual,KIM SE GON,,,,DPRK,2016-11-30,Democratic People's Republic of Korea,Democratic People's Republic of Korea,1969-11-13,Passport PD472310104,,,Kim Se Gon works on behalf of the Ministry of Atomic Energy Industry.
KPi.033,individual,RI WON HO,,,,DPRK,2016-11-30,Democratic People's Republic of Korea,Democratic People's Republic of Korea,1964-07-17,Passport 381310014,DPRK Ministry of State Security Official,,Ri Won Ho is a DPRK Ministry of State Security Official stationed in Syria supporting KOMID.
KPi.034,individual,JO YONG CHOL,,Cho Yong Chol,,DPRK,2016-11-30,Democratic People's Republic of Korea,Democratic People's Republic of Korea,1973-09-30,,DPRK Ministry of State Security Official,,Jo Yong Chol is a DPRK Ministry of State Security Official stationed in Syria supporting KOMID.
KPi.035,individual,KIM CHOL SAM,,Jin Tiesan (金铁三),,DPRK,2016-11-30,Democratic People's Republic of Korea,Democratic People's Republic of Korea,1971-03-11,Passport 645120378 Democratic People's Republic of Korea,Representative for Daedong Credit Bank (DCB),2022-07-26,"Kim Chol Sam is a representative for Daedong Credit Bank (DCB) who has been involved in managing transactions on behalf of DCB Finance Limited. As an overseas-based representative of DCB, it is suspected that Kim Chol Sam has facilitated transactions worth hundreds of thousands of dollars and likely managed millions of dollars in DPRK related accounts with potential links to nuclear/missile programs."
KPi.036,individual,KIM SOK CHOL,,,,DPRK,2016-11-30,Democratic People's Republic of Korea,Democratic People's Republic of Korea; Myanmar,1955-05-08,Passport 472310082,Former DPRK Ambassador to Burma; KOMID facilitator,2022-07-26; 2023-08-16,"Kim Sok Chol acted as the DPRK Ambassador to Burma and he operates as a KOMID facilitator. He was paid by KOMID for his assistance and arranges meetings on behalf of KOMID, including a meeting between KOMID and Burmese defense related persons to discuss financial matters."
KPi.037,individual,CHANG CHANG HA,,Jang Chang Ha,,DPRK,2016-11-30,Democratic People's Republic of Korea,Democratic People's Republic of Korea,1964-01-10,,President of the Second Academy of Natural Sciences (SANS),,
KPi.038,individual,CHO CHUN RYONG,,Jo Chun Ryong,,DPRK,2016-11-30,Democratic People's Republic of Korea,Democratic People's Republic of Korea,1960-04-04,,Chairman of the Second Economic Committee (SEC),,
KPi.039,individual,SON MUN SAN,,,,DPRK,2016-11-30,Democratic People's Republic of Korea,Democratic People's Republic of Korea,1951-01-23,,Director-General of the External Affairs Bureau of the General Bureau of Atomic Energy (GBAE),,
KPi.040,individual,CHO IL U,,Cho Il Woo; Cho Ch’o’l; Jo Chol,,DPRK,2017-06-02,Democratic People's Republic of Korea,Democratic People's Republic of Korea,1945-05-10,Passport 736410010,Director of the Fifth Bureau of the Reconnaissance General Bureau,2022-07-26,Cho is believed to be in charge of overseas espionage operations and foreign intelligence collection for the Democratic People's Republic of Korea.
KPi.041,individual,CHO YON CHUN,,Jo Yon Jun,,DPRK,2017-06-02,Democratic People's Republic of Korea,Democratic People's Republic of Korea,1937-09-28,,"Vice Director of the Organization and Guidance Department, which directs key personnel appointments for the Workers’ Party of Korea and the DPRK’s military",2022-07-26,
KPi.042,individual,CHOE HWI,,,,DPRK,2017-06-02,Democratic People's Republic of Korea,Democratic People's Republic of Korea,1954; 1955,,"First Vice Director of the Workers' Party of Korea Propaganda and Agitation Department, which controls all DPRK media and is used by the government to control the public",,Gender: male.
KPi.043,individual,JO YONG-WON,,Cho Yongwon,,DPRK,2017-06-02,Democratic People's Republic of Korea,Democratic People's Republic of Korea,1957-10-24,Passport 108210124,"Secretary and Chief of Organization and Guidance Department of the Worker’s Party of Korea; Former Vice Director of the Worker's Party of Korea's Organization and Guidance Department, which directs key personnel appointments for the Workers’ Party of Korea and the DPRK’s military",2023-08-16,Gender: male
KPi.044,individual,KIM CHOL NAM,,,,DPRK,2017-06-02,Democratic People's Republic of Korea,Democratic People's Republic of Korea,1970-02-19,Passport 563120238,"President of Korea Kumsan Trading Corporation, a company that procures supplies for General Bureau of Atomic Energy and serves as a cash route to the DPRK",,
KPi.045,individual,KIM KYONG OK,,Kim Kyong Ok,,DPRK,2017-06-02,Democratic People's Republic of Korea,Democratic People's Republic of Korea,1937; 1938,,"Vice Director of the Organization and Guidance Department, which directs key personnel appointments for the Workers’ Party of Korea and the DPRK’s military",,
KPi.046,individual,KIM TONG-HO,,,,DPRK,2017-06-02,Democratic People's Republic of Korea,Democratic People's Republic of Korea; Viet Nam,1969-08-18,Passport 745310111,"Vietnam Representative for Tanchon Commercial Bank, which is the main DPRK financial entity for weapons and missile-related sales",,Gender: male.
KPi.047,individual,MIN BYONG CHOL,,Min Pyo’ng-ch’o’l; Min Byong-chol; Min Byong Chun,,DPRK,2017-06-02,Democratic People's Republic of Korea,Democratic People's Republic of Korea,1948-08-10,,"Member of the Worker’s Party of Korea’s Organization and Guidance Department, which directs key personnel appointments for the Workers’ Party of Korea and the DPRK’s military",,Gender: male
KPi.048,individual,PAEK SE BONG,,Paek Se Pong,,DPRK,2017-06-02,Democratic People's Republic of Korea,Democratic People's Republic of Korea,1938-03-21,,,2022-07-26,"Paek Se Bong is a former Chairman of the Second Economic Committee, a former member of the National Defense Commission, and a former Vice Director of Munitions Industry Department (MID)"
KPi.049,individual,PAK HAN SE,,Kang Myong Chol,,DPRK,2017-06-02,Democratic People's Republic of Korea,Democratic People's Republic of Korea,,Passport 290410121,"Vice Chairman of the Second Economic Committee, which oversees the production of the DPRK’s ballistic missiles",,"Directs the activities of Korea Mining Development Corporation, the DPRK’s premier arms dealer and main exporter of goods and equipment related to ballistic missiles and conventional weapons."
KPi.050,individual,PAK TO CHUN,,Pak Do Chun; Pak To’-Ch’un,,DPRK,2017-06-02,Democratic People's Republic of Korea,Democratic People's Republic of Korea,1944-03-09,,,2022-07-26; 2023-08-16,Pak To Chun is a former Secretary of Munitions Industry Department (MID) and currently advises on affairs relating to nuclear and missile programmes. He is a former State Affairs Commission member and is a member Workers’ Party of Korea Political Bureau. Died on 27 July 2022.
KPi.051,individual,RI JAE IL,,RI Chae-Il,,DPRK,2017-06-02,Democratic People's Republic of Korea,Democratic People's Republic of Korea,1934,,"Vice Director of the Workers’ Party of Korea Propaganda and Agitation Department, which controls all DPRK’s media and is used by the government to control the public",2023-08-16,Died on 4 February 2021.
KPi.052,individual,RI SU YONG,,,,DPRK,2017-06-02,Democratic People's Republic of Korea,Democratic People's Republic of Korea,1968-06-25,Passport 654310175,"Official for Korea Ryonbong General Corporation, specializes in acquisition for DPRK’s defence industries and support to Pyongyang’s military-related sales. Its procurements also probably support the DPRK’s chemical weapons programme",2018-02-15,Gender: male. Served as Korea Ryonbong General Corporation representative in Cuba.
KPi.053,individual,RI YONG MU,,Ri Yong-Mu,,DPRK,2017-06-02,Democratic People's Republic of Korea,Democratic People's Republic of Korea,1925-01-25,,"Ri Yong Mu is a Vice Chairman of the State Affairs Commission, which directs and guides all DPRK’s military, defence, and security-related affairs, including acquisition and procurement",2022-07-26; 2023-08-16,Died on 27 January 2022.
KPi.054,individual,CHOE CHUN YONG,,Ch’oe Ch’un-yo’ng,,DPRK,2017-08-05,Democratic People's Republic of Korea,Democratic People's Republic of Korea,,Passport 654410078,Representative for Ilsim International Bank,,"Representative for Ilsim International Bank, which is affiliated with the DPRK military and has a close relationship with the Korea Kwangson Banking Corporation. Ilsim International Bank has attempted to evade United Nations sanctions. Gender: male."
KPi.055,individual,HAN JANG SU,,Chang-Su Han,,DPRK,2017-08-05,Democratic People's Republic of Korea,Democratic People's Republic of Korea,1969-11-07,Passport 745420176,Former Representative of the Foreign Trade Bank,2023-06-29,Gender: male
KPi.056,individual,JANG SONG CHOL,,,,DPRK,2017-08-05,Democratic People's Republic of Korea,Democratic People's Republic of Korea,1967-03-12,,Jang Song Chol is a Korea Mining Development Corporation (KOMID) representative overseas,,
KPi.057,individual,JANG SUNG NAM,,,,DPRK,2017-08-05,Democratic People's Republic of Korea,Democratic People's Republic of Korea,1970-07-14,Passport 563120368,Chief of an overseas Tangun Trading Corporation branch,,"Chief of an overseas Tangun Trading Corporation branch, which is primarily responsible for the procurement of commodities and technologies to support the DPRK’s defense research and development programs. Gender: male"
KPi.058,individual,JO CHOL SONG,,Cho Ch’o’l-so’ng,,DPRK,2017-08-05,Democratic People's Republic of Korea,Democratic People's Republic of Korea,1984-09-25,Passport 654320502,Representative for the Korea Kwangson Banking Corporation; Former Deputy Representative for the Korea Kwangson Banking Corporation,2023-06-29,"Deputy Representative for the Korea Kwangson Banking Corporation, which provides financial services in support to Tanchon Commercial Bank and Korea Hyoksin Trading, a subordinate entity of Korea Ryonbong General Corporation. Gender: male."
KPi.059,individual,KANG CHOL SU,,,,DPRK,2017-08-05,Democratic People's Republic of Korea,Democratic People's Republic of Korea,1969-02-13,Passport 472234895,Official for Korea Ryonbong General Corporation,,"Official for Korea Ryonbong General Corporation, which specializes in acquisition for the DPRK’s defense industries and support for the DPRK’s military-related overseas sales. Its procurements also likely support the DPRK’s chemical weapons program."
KPi.060,individual,KIM MUN CHOL,,Kim Mun-ch’o’l,,DPRK,2017-08-05,Democratic People's Republic of Korea,Democratic People's Republic of Korea,1957-03-25,,Representative for Korea United Development Bank,,
KPi.061,individual,KIM NAM UNG,,,,DPRK,2017-08-05,Democratic People's Republic of Korea,Democratic People's Republic of Korea,,Passport 654110043,Representative for Ilsim International Bank,,"Representative for Ilsim International Bank, which is affiliated with the DPRK military and has a close relationship with the Korea Kwangson Banking Corporation. Ilsim International Bank has attempted to evade United Nations sanctions."
KPi.062,individual,Pak Il Kyu,,Pak Il-Gyu,,DPRK,2017-08-05,Democratic People's Republic of Korea,Democratic People's Republic of Korea,,Passport 563120235,Official for Korea Ryonbong General Corporation,,"Official for Korea Ryonbong General Corporation, which specializes in acquisition for DPRK’s defense industries and support to Pyongyang’s military-related sales. Its procurements also likely support the DPRK’s chemical weapons program. Gender: male."
KPi.063,individual,PAK YONG SIK,,Pak Yo’ng-sik,,DPRK,2017-09-11,Democratic People's Republic of Korea,Democratic People's Republic of Korea,1949,,Former Member of the Workers’ Party of Korea Central Military Commission,2022-07-26; 2023-05-30; 2023-06-29,"Pak Yong Sik is a member of the Workers’ Party of Korea Central Military Commission, which is responsible for the development and implementation of the Workers’ Party of Korea military policies, commands and controls the DPRK’s military, and helps direct the country’s military defense industries."
KPi.064,individual,CH'OE SO’K MIN,,,Choe Sok Min,DPRK,2017-12-22,Democratic People's Republic of Korea,Democratic People's Republic of Korea,1978-07-25,,Former overseas Foreign Trade Bank representative,2023-06-29,"In 2016, Ch’oe So’k-min was the deputy representative at the Foreign Trade Bank branch office in that overseas location. He has been associated with cash transfers from that overseas Foreign Trade Bank office to banks affiliated with North Korean special organizations and Reconnaissance General Bureau operatives located overseas in an effort to evade sanctions. Gender: male.in response to the DPRK test of an ICBM on 28 November 2017"
KPi.065,individual,CHU HYO’K,,Ju Hyok,,DPRK,2017-12-22,Democratic People's Republic of Korea,Democratic People's Republic of Korea,1986-11-22,Passport 836420186,Former overseas Foreign Trade Bank Deputy representative,2023-06-29,Gender: male
KPi.066,individual,KIM JONG SIK,,Kim Cho’ng-sik,,DPRK,2017-12-22,Democratic People's Republic of Korea,Democratic People's Republic of Korea,1967-1969,,A leading official guiding the DPRK’s WMD development efforts. Serving as Deputy Director of the Workers’ Party of Korea Munitions Industry Department,,Gender: male
KPi.067,individual,KIM KYONG IL,,Kim Kyo'ng-il,,DPRK,2017-12-22,Democratic People's Republic of Korea,Democratic People's Republic of Korea; Libya,1979-08-01,Passport 836210029,Kim Kyong Il is a Foreign Trade Bank deputy chief representative in Libya,,Location Libya. Gender: male
KPi.068,individual,KIM TONG CHOL,,Kim Tong-ch'o'l,,DPRK,2017-12-22,Democratic People's Republic of Korea,Democratic People's Republic of Korea,1966-01-27,Passport 927234267; Passport 108120258 Democratic People's Republic of Korea,Former overseas Foreign Trade Bank Deputy representative,2022-07-26; 2023-06-29,Gender: male
KPi.069,individual,KO CHOL MAN,,Ko Ch'o'l-man,,DPRK,2017-12-22,Democratic People's Republic of Korea,Democratic People's Republic of Korea,1967-09-30,Passport 472420180,Ko Chol Man is an overseas Foreign Trade Bank representative,,Gender: male
KPi.070,individual,KU JA HYONG,,Ku Cha-hyo'ng,,DPRK,2017-12-22,Democratic People's Republic of Korea,Democratic People's Republic of Korea; Libya,1957-09-08,,Ku Ja Hyong is a Foreign Trade Bank chief representative in Libya,,Location Libya. Gender: male
KPi.071,individual,MUN KYONG HWAN,,Mun Kyo'ng-hwan,,DPRK,2017-12-22,Democratic People's Republic of Korea,Democratic People's Republic of Korea,1967-08-22,Passport 381120660,Mun Kyong Hwan is an overseas Bank of East Land representative,,Gender: male
KPi.072,individual,PAE WON UK,,Pae Wo'n-uk,,DPRK,2017-12-22,Democratic People's Republic of Korea,Democratic People's Republic of Korea,1969-08-22,Passport 472120208,Pae Won Uk is an overseas Daesong Bank representative,,Gender: male
KPi.073,individual,PAK BONG NAM,,Lui Wai Ming; Pak Pong Nam; Pak Pong-nam,,DPRK,2017-12-22,Democratic People's Republic of Korea,Democratic People's Republic of Korea,1969-05-06,,Pak Bong Nam is an overseas Ilsim International Bank representative,,Gender: male
KPi.074,individual,RI CHUN HWAN,,Ri Ch'un-hwan,,DPRK,2017-12-22,Democratic People's Republic of Korea,Democratic People's Republic of Korea,1957-08-21,Passport 563233049,Ri Chun Hwan is an overseas Foreign Trade Bank representative,,Gender: male
KPi.075,individual,RI CHUN SONG,,Ri Ch'un-so'ng,,DPRK,2017-12-22,Democratic People's Republic of Korea,Democratic People's Republic of Korea,1965-10-30,Passport 654133553,Ri Chun Song is an overseas Foreign Trade Bank representative,,Gender: male
KPi.076,individual,RI PYONG CHUL,,Ri Pyo’ng-ch’o’l; Ri Pyong Chol,,DPRK,2017-12-22,Democratic People's Republic of Korea,Democratic People's Republic of Korea,1948,,Vice Chairman of the Workers’ Party of Korea (WPK) Central Military Commission; Former Secretary of the Worker’s Party and Member of the Political Bureau; Former Alternate Member of the Political Bureau of the Workers’ Party of Korea and First Vice Director of the Munitions Industry Department,2023-06-29; 2024-09-17,Gender: male
KPi.077,individual,RI SONG HYOK,,Li Cheng He,,DPRK,2017-12-22,Democratic People's Republic of Korea,Democratic People's Republic of Korea,1965-03-19,Passport 654234735 Democratic People's Republic of Korea,Ri Song Hyok is an overseas representative for Koryo Bank and Koryo Credit Development Bank,2022-07-26,Ri Song Hyok has reportedly established front companies to procure items and conduct financial transactions on behalf of North Korea. Gender: male
KPi.078,individual,RI U’N SO’NG,,Ri Eun Song; Ri Un Song,,DPRK,2017-12-22,Democratic People's Republic of Korea,Democratic People's Republic of Korea,1969-07-22,,Former overseas Korea Unification Development Bank representative,2023-06-29; 2023-09-29,Gender: male
KPi.079,individual,PAK MUN IL,,Pak Mun-il,,DPRK,2017-12-22,Democratic People's Republic of Korea,Democratic People's Republic of Korea,1965-01-01,Passport 563335509,Former overseas representative of Korea Daesong Bank,2023-06-29,Gender: male
KPi.080,individual,TSANG YUNG YUAN,,Neil Tsang; Yun Yuan Tsang,,DPRK,2018-03-30,,,1957-10-20,Passport 302001581,,,"Tsang Yung Yuan has coordinated DPRK coal exports with a DPRK broker operating in a third country, and he has a history of other sanctions evasion activities."
LYe.001,entity,LIBYAN INVESTMENT AUTHORITY,,Libyan Foreign Investment Company (LFIC),,Libya,2011-03-17,,Libya,,,,,"Listed pursuant to paragraph 17 of resolution 1973, as modified on 16 September pursuant to paragraph 15 of resolution 2009. INTERPOL-UN Security Council Special Notice:https://www.interpol.int/en/How-we-work/Notices/View-UN-Notices-Entities"
LYe.002,entity,LIBYAN AFRICA INVESTMENT PORTFOLIO,,,,Libya,2011-03-17,,Libya,,,,,"Listed pursuant to paragraph 17 of resolution 1973, as modified on 16 September pursuant to paragraph 15 of resolution 2009. INTERPOL-UN Security Council Special Notice:https://www.interpol.int/en/How-we-work/Notices/View-UN-Notices-Entities"
LYe.006,entity,AVAX,,,,Libya,2026-07-22,,,,,,,"IMO: 9058713 Listed pursuant to paragraphs 10(a), 10 (b), 10(c) and 10(d) of resolution 2146 (2014), as amended by paragraph 2 of resolutions 2441 (2018) and 2509 (2020) and extended in resolution 2819 (2026) (prohibition to load, transport or discharge; prohibition to enter ports; prohibition to provide bunkering and vessel services; prohibition to engage in financial transactions with regard to petroleum). Pursuant to paragraph 11 of resolution 2146, as modified by paragraph 2 of resolution 2509 (2020), this designation is valid from 22 July 2026 to 22 July 2027, unless terminated earlier by the Committee pursuant to paragraph 12 of resolution 2146 (2014). Flag State: Cameroon. As of 4 April 2026, the vessel was located near the anchorage area of the Benghazi Old Harbour, Libya."
LYi.001,individual,ABDULQADER MOHAMMED AL-BAGHDADI,,,,Libya,2011-02-26,,Tunisia,1950-07-01,Passport B010574,Head of the Liaison Office of the Revolutionary Committees,2012-04-02; 2015-03-26,Listed pursuant to paragraph 15 of resolution 1970 (Travel Ban). Believed status/location: deceased. INTERPOL-UN Security Council Special Notice:https://www.interpol.int/en/How-we-work/Notices/View-UN-Notices-Individuals
LYi.002,individual,ABDULQADER YUSEF DIBRI,,,,Libya,2011-02-26,,,1946,,Head of Muammar Qadhafi's personal security,,Listed pursuant to paragraph 15 of resolution 1970 (Travel Ban). INTERPOL-UN Security Council Special Notice:https://www.interpol.int/en/How-we-work/Notices/View-UN-Notices-Individuals
LYi.003,individual,SAYYID MOHAMMED QADHAF AL-DAM,,Sayed M. Gaddef Eddam,,Libya,2011-02-26,,Egypt,1948,Passport Libyan passport No. 513519,,2016-04-01; 2023-11-29,Listed pursuant to paragraph 15 of resolution 1970 (Travel Ban). INTERPOL-UN Security Council Special Notice:https://www.interpol.int/en/How-we-work/Notices/View-UN-Notices-Individuals
LYi.004,individual,QUREN SALIH QUREN AL QADHAFI,,Akrin Saleh Akrin (أقرين صالح أقرين),,Libya,2011-03-17,,Egypt,,,Libyan Ambassador to Chad,2014-09-26; 2015-03-26,Listed pursuant to paragraph 15 of resolution 1970 (Travel Ban).
LYi.005,individual,AMID HUSAIN AL KUNI,,,,Libya,2011-03-17,,Libya,,,Governor of Ghat (South Libya),2012-04-02; 2014-09-26,Listed pursuant to paragraph 15 of resolution 1970 (Travel Ban).
LYi.006,individual,ABU ZAYD UMAR DORDA,,Dorda Abuzed OE; Abu Zayd Umar Hmeid Dorda,,Libya,2011-02-26,,Libya,1944-04-04,Passport FK117RK0 Libya,"Director, External Security Organisation.; Head of external intelligence agency.",2014-06-27; 2016-04-01; 2020-02-25; 2022-07-18,Listed pursuant to paragraph 15 of resolution 1970 (Travel Ban). Listed on 17 March 2011 pursuant to paragraph 17 of resolution 1970 (Asset Freeze). INTERPOL-UN Security Council Special Notice:https://www.interpol.int/en/How-we-work/Notices/View-UN-Notices-Individuals
LYi.007,individual,ABU BAKR YUNIS JABIR,,,,Libya,2011-02-26,,,1952,,Defence Minister.,2012-04-02,Listed pursuant to paragraph 15 of resolution 1970 (Travel Ban). Listed on 17 March 2011 pursuant to paragraph 17 of resolution 1970 (Asset Freeze). Believed status/location: deceased. INTERPOL-UN Security Council Special Notice:https://www.interpol.int/en/How-we-work/Notices/View-UN-Notices-Individuals
LYi.008,individual,MATUQ MOHAMMED MATUQ,,,,Libya,2011-02-26,,,1956,,Secretary for Utilities,2012-04-02,"Listed pursuant to paragraph 15 of resolution 1970 (Travel Ban). Listed on 17 March 2011 pursuant to paragraph 17 of resolution 1970 (Asset Freeze). Believed status/location: unknown, believed captured. INTERPOL-UN Security Council Special Notice:https://www.interpol.int/en/How-we-work/Notices/View-UN-Notices-Individuals"
LYi.009,individual,AISHA MUAMMAR MUHAMMED ABU MINYAR QADHAFI,,Aisha Muhammed Abdul Salam,,Libya,2011-02-26,,Oman,1978-01-01,Passport 03824970 Oman; Passport Libya 428720; Passport B/011641; National Identification Number 98606612,,2012-04-02; 2013-03-21; 2014-09-26; 2016-11-11; 2020-02-25; 2023-10-16,Listed pursuant to paragraph 17 of resolution 1970 ( Asset Freeze). INTERPOL-UN Security Council Special Notice:https://www.interpol.int/en/How-we-work/Notices/View-UN-Notices-Individuals
LYi.010,individual,HANNIBAL MUAMMAR QADHAFI,,,,Libya,2011-02-26,,Lebanon,1975-09-20,Passport Libya B/002210,,2012-04-02; 2014-09-26; 2016-11-11,"Listed pursuant to paragraphs 15 and 17 of resolution 1970 (Travel Ban, Asset Freeze). INTERPOL-UN Security Council Special Notice:https://www.interpol.int/en/How-we-work/Notices/View-UN-Notices-Individuals"
LYi.011,individual,KHAMIS MUAMMAR QADHAFI,,,,Libya,2011-02-26,,,1978,,,2012-04-02; 2014-09-26,"Listed pursuant to paragraphs 15 and 17 of resolution 1970 (Travel Ban, Asset Freeze). Believed status/location: deceased. INTERPOL-UN Security Council Special Notice:https://www.interpol.int/en/How-we-work/Notices/View-UN-Notices-Individuals"
LYi.012,individual,MOHAMMED MUAMMAR QADHAFI,,Muhammed Muammar Muhammed Abdul Salam,,Libya,2011-02-26,,Oman,1970,Passport 03824969 Oman; National Identification Number 97183904 Oman,,2012-04-02; 2013-09-04; 2014-09-26; 2021-04-29,"Listed pursuant to paragraphs 15 and 17 of resolution 1970 (Travel Ban, Asset Freeze). INTERPOL-UN Security Council Special Notice:https://www.interpol.int/en/How-we-work/Notices/View-UN-Notices-Individuals"
LYi.013,individual,MUAMMAR MOHAMMED ABU MINYAR QADHAFI,,,,Libya,2011-02-26,,,1942,,"Leader of the Revolution, Supreme Commander of Armed Forces",2012-04-02; 2013-09-04,"Listed pursuant to paragraphs 15 and 17 of resolution 1970 (Travel Ban, Asset Freeze). Believed status/location: deceased. INTERPOL-UN Security Council Special Notice:https://www.interpol.int/en/How-we-work/Notices/View-UN-Notices-Individuals"
LYi.014,individual,MUTASSIM QADHAFI,,Almuatesem Bellah Muammer Qadhafi; Mutassim Billah Abuminyar Qadhafi,Muatasmblla; Muatasimbllah; Moatassam,Libya,2011-02-26,,,1976; 1974-02-05,Passport B/001897 Libya,National Security Adviser,2012-04-02; 2014-09-26; 2016-04-01,"Listed pursuant to paragraphs 15 and 17 of resolution 1970 (Travel Ban,Asset Freeze). Believed status/location: deceased. Reportedly deceased in Sirte, Libya, on 20 October 2011. INTERPOL-UN Security Council Special Notice:https://www.interpol.int/en/How-we-work/Notices/View-UN-Notices-Individuals"
LYi.015,individual,SAADI QADHAFI,,,,Libya,2011-02-26,,Türkiye,1973-05-27,Passport 014797; Passport 524521; Passport AA862825 Libya,Commander Special Forces,2012-03-14; 2012-04-02; 2015-03-26; 2022-01-28; 2023-11-29,Listed pursuant to paragraph 15 of resolution 1970 (Travel Ban). Listed on 17 March 2011 pursuant to paragraph 17 of resolution 1970 (Asset Freeze). INTERPOL-UN Security Council Special Notice:https://www.interpol.int/en/How-we-work/Notices/View-UN-Notices-Individuals
LYi.016,individual,SAIF AL-ARAB QADHAFI,,,,Libya,2011-02-26,,,1982,,,2012-04-02,Listed pursuant to paragraph 15 of resolution 1970 (Travel Ban). Listed on 17 March 2011 pursuant to paragraph 17 of resolution 1970 (Asset Freeze). Believed status/location: deceased. INTERPOL-UN Security Council Special Notice:https://www.interpol.int/en/How-we-work/Notices/View-UN-Notices-Individuals
LYi.017,individual,SAIF AL-ISLAM QADHAFI,,,,Libya,2011-02-26,,Libya,1972-06-25,Passport Libya B014995,"Director, Qadhafi Foundation",2012-04-02; 2014-09-26; 2016-11-11,"Listed pursuant to paragraphs 15 and 17 of resolution 1970 (Travel Ban, Asset Freeze). INTERPOL-UN Security Council Special Notice:https://www.interpol.int/en/How-we-work/Notices/View-UN-Notices-Individuals"
LYi.018,individual,ABDULLAH AL-SENUSSI,,Abdoullah Ould Ahmed; Abdoullah Ould Ahmed,,Libya,2011-02-26,,Libya,1949,,Director Military Intelligence,2013-03-21; 2014-06-27,Listed pursuant to paragraph 15 of resolution 1970 (Travel Ban). Listed on 17 March 2011 pursuant to paragraph 17 of resolution 1970 (Asset Freeze). INTERPOL-UN Security Council Special Notice:https://www.interpol.int/en/How-we-work/Notices/View-UN-Notices-Individuals
LYi.019,individual,SAFIA FARKASH AL-BARASSI,,"Safia Farkash Mohammed Al-Hadad, born 1 Jan. 1953 (Oman passport no.03825239, date of issue 4 May 2014, expiry 3 May 2024.)",,Libya,2011-06-24,,Oman,1952,Passport 03825239; National Identification Number 98606491 Oman,,2012-02-13; 2012-04-02; 2013-09-04; 2014-09-26; 2015-03-26; 2016-04-01; 2024-01-31,Listed pursuant to paragraph 19 of resolution 1973 (Asset Freeze). INTERPOL-UN Security Council Special Notice:https://www.interpol.int/en/How-we-work/Notices/View-UN-Notices-Individuals
LYi.021,individual,Ermias Alem,,"Ermias Ghermay, Guro",Ermies Ghermay; Ermias Ghirmay,Libya,2018-06-07,Eritrea,Eritrea,1980,,Leader of a transnational trafficking network,2018-09-17,"Listed pursuant to paragraphs 15 and 17 of resolution 1970 (Travel Ban, Asset Freeze) INTERPOL-UN Security Council Special Notice:https://www.interpol.int/en/How-we-work/Notices/View-UN-Notices-Individuals"
LYi.022,individual,Fitiwi Abdelrazak,,Abdurezak; Abdelrazaq; Abdulrazak; Abdrazzak,Fitwi Esmail Abdelrazak,Libya,2018-06-07,Eritrea,Eritrea,30-35 years old,,Leader of a transnational trafficking network,2018-09-17,"Listed pursuant to paragraphs 15 and 17 of resolution 1970 (Travel Ban, Asset Freeze) INTERPOL-UN Security Council Special Notice:https://www.interpol.int/en/How-we-work/Notices/View-UN-Notices-Individuals"
LYi.023,individual,Ahmad Oumar Imhamad al-Fitouri,احمد عمر امحمد الفيتوري,,Al-Dabachi; Al Ammu; The Uncle; Al-Ahwal; Al Dabbashi,Libya,2018-06-07,Libya,Libya,1988-05-07,Passport LY53FP76 Libya; National Identification Number 119880387067,"Commander of the Anas al-Dabbashi militia, Leader of a transnational trafficking network",2018-09-17; 2020-02-25,"Listed pursuant to paragraphs 15 and 17 of resolution 1970 (Travel Ban, Asset Freeze) INTERPOL-UN Security Council Special Notice:https://www.interpol.int/en/How-we-work/Notices/View-UN-Notices-Individuals"
LYi.024,individual,Mus’ab Mustafa Abu al Qassim Omar,مصعب مصطفى ابو القاسم عمر,Mus’ab Abu Qarin,ABU-AL QASSIM OMAR Musab Boukrin; The Doctor; Al-Grein,Libya,2018-06-07,Libya,Libya,1983-01-19,Passport 782633; Passport 540794,Leader of a transnational trafficking network,2018-09-17,"Listed pursuant to paragraphs 15 and 17 of resolution 1970 (Travel Ban, Asset Freeze) INTERPOL-UN Security Council Special Notice:https://www.interpol.int/en/How-we-work/Notices/View-UN-Notices-Individuals"
LYi.025,individual,Mohammed Al Amin Al-Arabi Kashlaf,محمد الأمين العربي كشلاف,Kashlaf; Koshlaf; al-Qasab,Keslaf,Libya,2018-06-07,Libya,Libya,1985-12-02,Passport C17HLRL3,"Commander of the Shuhada al-Nasr brigade, Head of the Petrol Refinery Guard of Zawiya’s refinery",2018-09-17; 2020-02-25; 2023-11-29,"Listed pursuant to paragraphs 15 and 17 of resolution 1970 (Travel Ban, Asset Freeze) INTERPOL-UN Security Council Special Notice:https://www.interpol.int/en/How-we-work/Notices/View-UN-Notices-Individuals"
LYi.026,individual,Abd Al-Rahman SALIM IBRAHIM AL-MILAD,,Abdurahman Salem Ibrahim Milad; ABDULRAHMAN SALIM MILAD KASHLAF,Rahman Salim Milad; al-Bija,Libya,2018-06-07,Libya,Libya,1986-07-27,Passport G52FYPRL Libya; National Identification Number 2519910 Libya,Commander of the Coast Guard in Zawiya,2021-04-29; 2023-11-29,"Listed pursuant to paragraphs 15 and 17 of resolution 1970 (Travel Ban, Asset Freeze), 1) Name of mother Huriyah Al-A’ib; and 2) Military ID is 36479 INTERPOL-UN Security Council Special Notice:https://www.interpol.int/en/How-we-work/Notices/View-UN-Notices-Individuals"
LYi.027,individual,Ibrahim Saeed Salim Jadhran,,Ibrahim Saeed Salem Awad Aissa Hamed Dawoud Al Jadhran,,Libya,2018-09-11,Libya,Libya,1982-10-29,Passport S/263963; National Identification Number 119820043341; National Identification Number 137803,Leader of armed militias,2020-02-25,"Name of mother Salma Abdula Younis. Listed pursuant to paragraphs 15 and 17 of resolution 1970 (Travel Ban, Asset Freeze). INTERPOL-UN Security Council Special Notice:https://www.interpol.int/en/How-we-work/Notices/View-UN-Notices-Individuals"
LYi.028,individual,Salah Badi,,,,Libya,2018-11-16,,,,,"Senior commander of the armed anti-GNA Al-Somood front, also known as Fakhr or ‘Pride of Libya’, and the Misratan Al Marsa Central Shield brigade",,"Listed pursuant to paragraphs 15 and 17 of resolution 1970 (Travel Ban, Asset Freeze)."
LYi.029,individual,Osama Al Kuni Ibrahim,أسامة الكوني ابراهيم,Osama Milad; Osama al-Milad; Osama Zawiya; Osama Zawiyah; Osama al Kuni,,Libya,2021-10-25,Libya,Libya,1976-04-02,,,2023-11-29,"As de facto manager of the Al Nasr detention center the person concerned has directly, and/or through subordinates engaged in or provided support to acts that violate applicable international human rights law, or acts that constitute human rights abuses in Libya. The Person concerned has acted for or on behalf of or at the direction of two listed individuals intrinsically linked to the human trafficking activities of the Zawiyah network, namely Mohamed Kashlaf (LYi.025) and Abdulrahman al Milad (LYi.026). Listed pursuant to paragraphs 15 and 17 of resolution 1970 (Travel Ban, Asset Freeze) INTERPOL-UN Security Council Special Notice:https://www.interpol.int/en/How-we-work/Notices/View-UN-Notices-Individuals"
QDe.001,entity,ABU SAYYAF GROUP,,Al Harakat Al Islamiyya,,Al-Qaida,2001-10-06,,Philippines,,,,2011-12-13; 2020-11-24,Associated with Jemaah Islamiyah (JI) (QDe.092). Current leader is Radulan Sahiron (QDi.208) INTERPOL-UN Security Council Special Notice:https://www.interpol.int/en/How-we-work/Notices/View-UN-Notices-Entities
QDe.002,entity,AL-ITIHAAD AL-ISLAMIYA / AIAI,الاتحاد الاسلامي,,,Al-Qaida,2001-10-06,,,,,,2007-12-21; 2011-12-13; 2013-03-18; 2019-08-09; 2020-11-24,"Reported to have operated in Somalia and Ethiopia and to have merged with Harakat Al-Shabaab Al-Mujaahidiin (Al-Shabaab), which was accepted as an affiliate of Al-Qaida (QDe.004) by Aiman Muhammed Rabi al-Zawahiri (QDi.006) in Feb. 2012, and is also subject to the sanctions measures set out in Security Council resolution 1844 (2008) concerning Somalia and Eritrea (see https://www.un.org/sc/suborg/en/sanctions/751). Leadership included Hassan Dahir Aweys (QDi.042). AIAI has received funds through the Al-Haramain Islamic Foundation (Somalia) (QDe.072) INTERPOL-UN Security Council Special Notice:https://www.interpol.int/en/How-we-work/Notices/View-UN-Notices-Entities"
QDe.003,entity,EGYPTIAN ISLAMIC JIHAD,الجهاد الاسلامي المصري,Egyptian Al-Jihad; Jihad Group; New Jihad; Al-Jihad; Egyptian Islamic Movement,,Al-Qaida,2001-10-06,,,,,,2009-03-05; 2011-12-13; 2020-11-24; 2022-11-08,"Co-founded by Aiman Muhammed Rabi al-Zawahiri (QDi.006), who was also its military leader INTERPOL-UN Security Council Special Notice:https://www.interpol.int/en/How-we-work/Notices/View-UN-Notices-Entities"
QDe.004,entity,AL-QAIDA,القاعدة,"""The Base""; Al Qaeda; Islamic Salvation Foundation; The Group for the Preservation of the Holy Sites; The Islamic Army for the Liberation of Holy Places; The World Islamic Front for Jihad Against Jews and Crusaders; Usama Bin Laden Network; Usama Bin Laden Organization; Al Qa'ida; Al Qa’ida/Islamic Army",,Al-Qaida,2001-10-06,,,,,,2009-03-05; 2012-03-21; 2020-11-24,INTERPOL-UN Security Council Special Notice:https://www.interpol.int/en/How-we-work/Notices/View-UN-Notices-Entities
QDe.005,entity,AL RASHID TRUST,,"Al-Rasheed Trust; Al Rasheed Trust; Al-Rashid Trust; Aid Organization of the Ulema, Pakistan; Al Amin Welfare Trust; Al Amin Trust; Al Ameen Trust; Al-Ameen Trust; Al Madina Trust; Al-Madina Trust",,Al-Qaida,2001-10-06,,Pakistan,,,,2008-10-21; 2008-12-10; 2011-12-13; 2019-12-06; 2023-10-30; 2023-12-19,"Reportedly defunct. Headquarters were in Pakistan. Operations in Afghanistan: Herat Jalalabad, Kabul, Kandahar, Mazar Sherif. Also operations in Kosovo, Chechnya. Involved in the financing of Al-Qaida and the Taliban. Until 21 Oct. 2008, this entity appeared also as ""Aid Organization of the Ulema, Pakistan"" (QDe.073), listed on 24 Apr. 2002 and amended on 25 Jul. 2006. The two entries Al Rashid Trust (QDe.005) and Aid Organization of the Ulema, Pakistan (QDe.073) were consolidated into this entity on 21 Oct. 2008. Founded by Mufti Rashid Ahmad Ledahyanoy (deceased). Associated with Jaish-i-Mohammed (QDe.019). Banned in Pakistan since Oct. 2001. No indication of any activity under the name of Al-Rashid Trust has emerged as of November 2023 INTERPOL-UN Security Council Special Notice:https://www.interpol.int/en/How-we-work/Notices/View-UN-Notices-Entities"
QDe.006,entity,ARMED ISLAMIC GROUP,الجماعة الاسلامية المسلحة,Al Jamm’ah Al-Islamiah Al- Musallah; GIA; Groupe Islamique Armé,,Al-Qaida,2001-10-06,,Algeria,,,,2008-04-07; 2011-12-13; 2020-11-24,INTERPOL-UN Security Council Special Notice:https://www.interpol.int/en/How-we-work/Notices/View-UN-Notices-Entities
QDe.007,entity,ASBAT AL-ANSAR,عصبة الأنصار,,,Al-Qaida,2001-10-06,,Lebanon,,,,2009-01-30; 2011-12-13; 2020-11-24,Active in northern Iraq. Associated with Al-Qaida in Iraq (QDe.115) INTERPOL-UN Security Council Special Notice:https://www.interpol.int/en/How-we-work/Notices/View-UN-Notices-Entities
QDe.008,entity,HARAKAT UL-MUJAHIDIN / HUM,,Al-Faran; Al-Hadid; Al-Hadith; Harakat Ul-Ansar; HUA; Harakat Ul- Mujahideen,,Al-Qaida,2001-10-06,,Pakistan,,,,2011-12-13; 2020-11-24,"Associated with Jaish-i-Mohammed (QDe.019), Lashkar i Jhangvi (LJ) (QDe.096) and Lashkar-e-Tayyiba (QDe.118). Active in Pakistan and Afghanistan. Banned in Pakistan INTERPOL-UN Security Council Special Notice:https://www.interpol.int/en/How-we-work/Notices/View-UN-Notices-Entities"
QDe.009,entity,ISLAMIC ARMY OF ADEN,,,,Al-Qaida,2001-10-06,,,,,,2021-11-15,INTERPOL-UN Security Council Special Notice:https://www.interpol.int/en/How-we-work/Notices/View-UN-Notices-Entities
QDe.010,entity,ISLAMIC MOVEMENT OF UZBEKISTAN,,IMU,,Al-Qaida,2001-10-06,,,,,,2011-12-13; 2020-11-24,"Associated with the Eastern Turkistan Islamic Movement (QDe.088), Islamic Jihad Group (QDe.119) and Emarat Kavkaz (QDe.131). Active in the Afghanistan/Pakistan border area, northern Afghanistan and Central Asia INTERPOL-UN Security Council Special Notice:https://www.interpol.int/en/How-we-work/Notices/View-UN-Notices-Entities"
QDe.011,entity,LIBYAN ISLAMIC FIGHTING GROUP,الجماعة الاسلامية المقاتلة الليبية,LIFG,,Al-Qaida,2001-10-06,,Libya,,,,2009-03-05; 2011-12-13; 2020-11-24,Members in Afghanistan merged with Al-Qaida (QDe.004) in Nov. 2007 INTERPOL-UN Security Council Special Notice:https://www.interpol.int/en/How-we-work/Notices/View-UN-Notices-Entities
QDe.012,entity,MAKHTAB AL-KHIDAMAT,مكتب الخدمات,MAK; Al Kifah; AFGHAN SERVICE BUREAU,,Al-Qaida,2001-10-06,,,,,,2009-03-05; 2011-12-13; 2020-11-24; 2022-11-08; 2023-11-14,Absorbed into Al-Qaida (QDe.004) INTERPOL-UN Security Council Special Notice:https://www.interpol.int/en/How-we-work/Notices/View-UN-Notices-Entities
QDe.014,entity,THE ORGANIZATION OF AL-QAIDA IN THE ISLAMIC MAGHREB,تنظيم القا عدة ببلاد المغرب الاسلامي,AQIM; Al Qaïda au Maghreb islamique (AQMI); Le Groupe Salafiste pour La Prédication et le Combat (GSPC); Salafist Group For Call and Combat,,Al-Qaida,2001-10-06,,Algeria; Mali; Mauritania; Morocco; Niger; Tunisia,,,,2007-04-26; 2008-04-07; 2009-07-17; 2011-12-13; 2020-11-24,"Headed by Abdelmalek Droukdel (QDi.232). Zone of operation includes Algeria and parts of Mali, Mauritania, Niger, Tunisia and Morocco INTERPOL-UN Security Council Special Notice:https://www.interpol.int/en/How-we-work/Notices/View-UN-Notices-Entities"
QDe.015,entity,WAFA HUMANITARIAN ORGANIZATION,,Al Wafa; Al Wafa Organization; Wafa Al-Igatha Al-Islamia,,Al-Qaida,2001-10-06,,Afghanistan; Kuwait; United Arab Emirates,,,,2012-03-21; 2019-12-06; 2020-09-10; 2022-11-08; 2026-08-18,"Headquarters was in Kandahar, Afghanistan as at 2001. Wafa was a component of Al-Qaida (QDe.004) in 2001. INTERPOL-UN Security Council Special Notice:https://www.interpol.int/en/How-we-work/Notices/View-UN-Notices-Entities"
QDe.019,entity,JAISH-I-MOHAMMED,,Army of Mohammed,,Al-Qaida,2001-10-17,,Pakistan,,,,2011-12-13; 2020-11-24,"Based in Peshawar and Muzaffarabad, Pakistan Associated with Harakat ul-Mujahidin / HUM (QDe.008), Lashkar-e-Tayyiba (QDe.118), Al-Akhtar Trust International (QDe.121), and Harakat-ul Jihad Islami (QDe.130). Banned in Pakistan INTERPOL-UN Security Council Special Notice:https://www.interpol.int/en/How-we-work/Notices/View-UN-Notices-Entities"
QDe.020,entity,JAM'YAH TA'AWUN AL-ISLAMIA,,Society of Islamic Cooperation; Jam'iyat Al Ta'awun Al Islamiyya; Jit,,Al-Qaida,2001-10-17,,Afghanistan,,,,2011-12-13; 2021-11-15,Founded by Usama Mohammad Awad bin Laden (deceased) in 2001 INTERPOL-UN Security Council Special Notice:https://www.interpol.int/en/How-we-work/Notices/View-UN-Notices-Entities
QDe.021,entity,RABITA TRUST,,,,Al-Qaida,2001-10-17,,Pakistan,,,,2012-03-21; 2015-06-18; 2020-11-24; 2022-11-08,Banned in Pakistan INTERPOL-UN Security Council Special Notice:https://www.interpol.int/en/How-we-work/Notices/View-UN-Notices-Entities
QDe.068,entity,UMMAH TAMEER E-NAU (UTN),,,,Al-Qaida,2001-12-24,,Afghanistan,,,,2011-12-13; 2021-11-15; 2026-08-13; 2026-08-18,Its directors included Mahmood Sultan Bashir-Ud-Din (QDi.055). Banned in Pakistan. INTERPOL-UN Security Council Special Notice:https://www.interpol.int/en/How-we-work/Notices/View-UN-Notices-Entities
QDe.069,entity,AFGHAN SUPPORT COMMITTEE (ASC),,Lajnat ul Masa Eidatul Afghania; Jamiat Ayat-ur-Rhas al Islamiac; Jamiat Ihya ul Turath al Islamia; Ahya ul Turas,,Al-Qaida,2002-01-11,,Afghanistan,,,,2011-12-13; 2021-11-15; 2026-08-18,Associated with the Revival of Islamic Heritage Society (QDe.070). Abu Bakr al-Jaziri (QDi.058) served as finance chief of ASC. INTERPOL-UN Security Council Special Notice:https://www.interpol.int/en/How-we-work/Notices/View-UN-Notices-Entities
QDe.070,entity,REVIVAL OF ISLAMIC HERITAGE SOCIETY,جمعية احياء التراث الاسلامي,Revival of Islamic Society Heritage on the African Continent; Jamia Ihya ul Turath; RIHS; Jamiat Ihia Al-Turath Al-Islamiya; Al-Furqan Foundation Welfare Trust; Al-Furqan Welfare Foundation,,Al-Qaida,2002-01-11,,Afghanistan; Pakistan,,,,2006-07-25; 2009-03-05; 2011-12-13; 2015-06-15; 2020-11-24,NOTE: Only the Pakistan and Afghanistan offices of this entity are designated. Associated with Abu Bakr al-Jaziri (QDi.058) and Afghan Support Committee (ASC) (QDe.069) INTERPOL-UN Security Council Special Notice:https://www.interpol.int/en/How-we-work/Notices/View-UN-Notices-Entities
QDe.088,entity,EASTERN TURKISTAN ISLAMIC MOVEMENT (ETIM),,The Eastern Turkistan Islamic Party; The Eastern Turkistan Islamic Party of Allah; Islamic Party of Turkestan; Djamaat Turkistan,,Al-Qaida,2002-09-11,,,,,,2008-10-03; 2011-12-13; 2020-11-24,"Active in China, South Asia and Central Asia INTERPOL-UN Security Council Special Notice:https://www.interpol.int/en/How-we-work/Notices/View-UN-Notices-Entities"
QDe.089,entity,MOROCCAN ISLAMIC COMBATANT GROUP,الجماعة الاسلامية المغربية المقاتلة,Groupe Islamique Combattant Marocain; GICM,,Al-Qaida,2002-10-10,,Morocco,,,,2009-03-05; 2020-11-24,Associated with the Organization of Al-Qaida in the Islamic Maghreb (QDe.014) INTERPOL-UN Security Council Special Notice:https://www.interpol.int/en/How-we-work/Notices/View-UN-Notices-Entities
QDe.090,entity,TUNISIAN COMBATANT GROUP,الجماعة التونسية المقاتلة,Groupe Combattant Tunisien; Groupe Islamiste Combattant Tunisien; GICT,,Al-Qaida,2002-10-10,,Tunisia,,,,2004-11-26; 2009-03-05; 2011-12-13; 2020-11-24,Associated with the Organization of Al-Qaida in the Islamic Maghreb (QDe.014) INTERPOL-UN Security Council Special Notice:https://www.interpol.int/en/How-we-work/Notices/View-UN-Notices-Entities
QDe.091,entity,GLOBAL RELIEF FOUNDATION (GRF),,,,Al-Qaida,2002-10-22,,United States of America,,,,2004-11-26; 2005-12-20; 2006-07-25; 2009-03-24; 2010-03-11; 2010-03-25; 2011-04-28; 2012-02-21; 2014-02-14; 2019-12-06; 2023-10-30,"Other Foreign Locations: Afghanistan, Bangladesh, Eritrea, Ethiopia, India, Iraq, West Bank and Gaza, Somalia and Syria. Federal Employer Identification Number (United States of America): 36-3804626 INTERPOL-UN Security Council Special Notice:https://www.interpol.int/en/How-we-work/Notices/View-UN-Notices-Entities"
QDe.092,entity,JEMAAH ISLAMIYAH,,Jema’ah Islamiyah; Jemaah Islamiya; Jemaah Islamiah; Jamaah Islamiyah; Jama’ah Islamiyah,,Al-Qaida,2002-10-25,,,,,,2011-12-13; 2020-11-24,"Operates in Southeast Asia, including Indonesia, Malaysia and the Philippines. Associated with the Abu Sayyaf Group (QDe.001) INTERPOL-UN Security Council Special Notice:https://www.interpol.int/en/How-we-work/Notices/View-UN-Notices-Entities"
QDe.093,entity,BENEVOLENCE INTERNATIONAL FOUNDATION,,Al Bir Al Dawalia; BIF; BIF-USA; Mezhdunarodnyj Blagotvoritel'nyl Fond,,Al-Qaida,2002-11-21,,Bangladesh; Sudan; United States of America; Yemen,,,,2003-01-24; 2011-04-28; 2012-05-18; 2019-12-06; 2023-10-30; 2023-12-14,Reportedly defunct. No longer operates in Bosnia and Herzegovina. Employer Identification Number (United States of America): 36-3823186 INTERPOL-UN Security Council Special Notice:https://www.interpol.int/en/How-we-work/Notices/View-UN-Notices-Entities
QDe.096,entity,LASHKAR I JHANGVI (LJ),,,,Al-Qaida,2003-02-03,,,,,,2011-12-13; 2017-11-20; 2021-11-15; 2026-08-18,Banned in Pakistan as at 2010. INTERPOL-UN Security Council Special Notice:https://www.interpol.int/en/How-we-work/Notices/View-UN-Notices-Entities
QDe.098,entity,ANSAR AL-ISLAM,أنصار الاسلام,Devotees of Islam; Jund al-Islam; Soldiers of Islam; Kurdistan Supporters of Islam; Supporters of Islam in Kurdistan; Followers of Islam in Kurdistan; Kurdish Taliban; Soldiers of God; Ansar al-Sunna Army; Jaish Ansar al-Sunna; Ansar al-Sunna,,Al-Qaida,2003-02-24,,,,,,2004-03-31; 2009-03-05; 2009-03-18; 2010-10-21; 2011-12-13; 2020-11-24,The founder is Najmuddin Faraj Ahmad (QDi.226). Associated with Al-Qaida in Iraq (QDe.115). Located and primarily active in northern Iraq but maintains a presence in western and central Iraq INTERPOL-UN Security Council Special Notice:https://www.interpol.int/en/How-we-work/Notices/View-UN-Notices-Entities
QDe.099,entity,ISLAMIC INTERNATIONAL BRIGADE (IIB),,The Islamic Peacekeeping Brigade; The Islamic Peacekeeping Army; The International Brigade; Islamic Peacekeeping Battalion; International Battalion; Islamic Peacekeeping International Brigade,,Al-Qaida,2003-03-04,,,,,,2011-12-13; 2019-12-06; 2021-11-15,Linked to the Riyadus-Salikhin Reconnaissance and Sabotage Battalion of Chechen Martyrs (RSRSBCM) (QDe.100) and the Special Purpose Islamic Regiment (SPIR) (QDe.101) INTERPOL-UN Security Council Special Notice:https://www.interpol.int/en/How-we-work/Notices/View-UN-Notices-Entities
QDe.100,entity,RIYADUS-SALIKHIN RECONNAISSANCE AND SABOTAGE BATTALION OF CHECHEN MARTYRS (RSRSBCM),,Riyadus-Salikhin Reconnaissance and Sabotage Battalion; Riyadh-as-Saliheen; The Sabotage and Military Surveillance Group of the Riyadh al-Salihin Martyrs; Firqat al-Takhrib wa al-Istitla al-Askariyah li Shuhada Riyadh al-Salihin; Riyadus-Salikhin Reconnaissance and Sabotage battalion of Shahids (martyrs),,Al-Qaida,2003-03-04,,,,,,2006-07-25; 2011-12-13; 2020-11-24; 2022-11-08,"Associated with the Islamic International Brigade (IIB) (QDe.099), the Special Purpose Islamic Regiment (SPIR) (QDe.101) and Emarat Kavkaz (QDe.131) INTERPOL-UN Security Council Special Notice:https://www.interpol.int/en/How-we-work/Notices/View-UN-Notices-Entities"
QDe.101,entity,SPECIAL PURPOSE ISLAMIC REGIMENT (SPIR),,The Islamic Special Purpose Regiment; The al-Jihad-Fisi-Sabililah Special Islamic Regiment; Islamic Regiment of Special Meaning,,Al-Qaida,2003-03-04,,,,,,2006-07-25; 2011-12-13; 2020-11-24,Linked to the Islamic International Brigade (IIB) (QDe.099) and the Riyadus-Salikhin Reconnaissance and Sabotage Battalion of Chechen Martyrs (RSRSBCM) (QDe.100) INTERPOL-UN Security Council Special Notice:https://www.interpol.int/en/How-we-work/Notices/View-UN-Notices-Entities
QDe.104,entity,AL-HARAMAIN FOUNDATION (PAKISTAN),,,,Al-Qaida,2004-01-26,,Pakistan,,,,2012-03-21; 2020-11-24; 2022-11-08; 2026-08-18,"As at late 2025, it was not active and had no structures in Pakistan. INTERPOL-UN Security Council Special Notice:https://www.interpol.int/en/How-we-work/Notices/View-UN-Notices-Entities"
QDe.105,entity,AL-HARAMAYN FOUNDATION (KENYA),,,,Al-Qaida,2004-01-26,,Kenya,,,,2012-03-21; 2019-05-01; 2022-11-08,INTERPOL-UN Security Council Special Notice:https://www.interpol.int/en/How-we-work/Notices/View-UN-Notices-Entities
QDe.106,entity,AL-HARAMAYN FOUNDATION (TANZANIA),,,,Al-Qaida,2004-01-26,,United Republic of Tanzania,,,,2012-03-21; 2020-11-24; 2022-11-08,INTERPOL-UN Security Council Special Notice:https://www.interpol.int/en/How-we-work/Notices/View-UN-Notices-Entities
QDe.107,entity,AL FURQAN,,"Dzemilijati Furkan; Dzem'ijjetul Furqan; Association for Citizens Rights and Resistance to Lies; Dzemijetul Furkan; Association of Citizens for the Support of Truth and Supression of Lies; Sirat; Association for Education, Culture and Building Society-Sirat; Association for Education, Cultural, and to Create Society -Sirat; Istikamet; In Siratel; Citizens’ Association for Support and Prevention of lies – Furqan",,Al-Qaida,2004-05-11,,Bosnia and Herzegovina,,,,2004-11-26; 2009-03-24; 2019-05-01; 2021-11-15; 2023-10-30; 2023-12-14,Reportedly defunct. Registered in Bosnia and Herzegovina as a citizens’ association under the name of “Citizens’ Association for Support and Prevention of lies – Furqan” on 26 Sep. 1997. Al Furqan ceased its work by decision of the Ministry of Justice of the Bosnia and Herzegovina Federation (decision number 03-054-286/97 dated 8 Nov. 2002). Al Furqan was no longer in existence as of Dec. 2008 INTERPOL-UN Security Council Special Notice:https://www.interpol.int/en/How-we-work/Notices/View-UN-Notices-Entities
QDe.108,entity,TAIBAH INTERNATIONAL-BOSNIA OFFICES,,"Taibah International Aid Agency; Taibah International Aid Association; Al Taibah, Intl.; Taibah International Aide Association",,Al-Qaida,2004-05-11,,Bosnia and Herzegovina,,,,2009-03-24; 2020-11-24; 2022-11-08; 2023-02-02,"Reportedly defunct. In 2002-2004, Taibah International – Bosnia offices used premises of the Culture Home in Hadzici, Sarajevo, Bosnia and Herzegovina. The organization was officially registered in Bosnia and Herzegovina as a branch of Taibah International Aid Association under registry number 7. Taibah International – Bosnia offices ceased its work by decision of the Ministry of Justice of the Bosnia and Herzegovina Federation (decision on cessation of operation number 03-05-2-70/03) INTERPOL-UN Security Council Special Notice:https://www.interpol.int/en/How-we-work/Notices/View-UN-Notices-Entities"
QDe.109,entity,AL-HARAMAIN & AL MASJED AL-AQSA CHARITY FOUNDATION,,Al Haramain Al Masjed Al Aqsa; Al Haramayn Al Masjid Al Aqsa; Al-Haramayn and Al Masjid Al Aqsa Charitable Foundation; Al Harammein Al Masjed Al-Aqsa Charity Foundation,,Al-Qaida,2004-06-28,,Bosnia and Herzegovina,,,,2004-11-26; 2008-09-16; 2009-03-24; 2020-11-24; 2022-11-08; 2023-02-02,Reportedly defunct. Used to be officially registered in Bosnia and Herzegovina under registry number 24. Al-Haramain & Al Masjed Al-Aqsa Charity Foundation ceased its work by decision of the Ministry of Justice of the Bosnia and Herzegovina Federation (decision on cessation of operation number 03-05-2-203/04). It was no longer in existence as of Dec. 2008. Its premises and humanitarian activities were transferred under Government supervision to a new entity called Sretna Buducnost INTERPOL-UN Security Council Special Notice:https://www.interpol.int/en/How-we-work/Notices/View-UN-Notices-Entities
QDe.110,entity,AL-HARAMAIN: AFGHANISTAN BRANCH,,,,Al-Qaida,2004-07-06,,Afghanistan,,,,2012-03-21; 2020-11-24; 2022-11-08,INTERPOL-UN Security Council Special Notice:https://www.interpol.int/en/How-we-work/Notices/View-UN-Notices-Entities
QDe.111,entity,AL-HARAMAIN: ALBANIA BRANCH,,,,Al-Qaida,2004-07-06,,Albania,,,,2012-03-21; 2020-11-24; 2022-11-08,INTERPOL-UN Security Council Special Notice:https://www.interpol.int/en/How-we-work/Notices/View-UN-Notices-Entities
QDe.112,entity,AL-HARAMAIN: BANGLADESH BRANCH,,,,Al-Qaida,2004-07-06,,Bangladesh,,,,2012-03-21; 2020-11-24; 2022-11-08,INTERPOL-UN Security Council Special Notice:https://www.interpol.int/en/How-we-work/Notices/View-UN-Notices-Entities
QDe.113,entity,AL-HARAMAIN: ETHIOPIA BRANCH,,,,Al-Qaida,2004-07-06,,Ethiopia,,,,2012-03-21; 2020-11-24; 2022-11-08,INTERPOL-UN Security Council Special Notice:https://www.interpol.int/en/How-we-work/Notices/View-UN-Notices-Entities
QDe.114,entity,AL-HARAMAIN: THE NETHERLANDS BRANCH,,Stichting Al Haramain Humanitarian Aid,,Al-Qaida,2004-07-06,,Netherlands,,,,2012-04-13; 2015-06-15; 2020-11-24; 2022-11-08; 2023-02-02,Reportedly defunct INTERPOL-UN Security Council Special Notice:https://www.interpol.int/en/How-we-work/Notices/View-UN-Notices-Entities
QDe.115,entity,AL-QAIDA IN IRAQ,القاعده في العراق,AQI; al-Tawhid; the Monotheism and Jihad Group; Qaida of the Jihad in the Land of the Two Rivers; Al-Qaida of Jihad in the Land of the Two Rivers; The Organization of Jihad’s Base in the Country of the Two Rivers; The Organization Base of Jihad/Country of the Two Rivers; The Organization Base of Jihad/Mesopotamia; Tanzim Qa’idat Al-Jihad fi Bilad al-Rafidayn; Tanzeem Qa’idat al Jihad/Bilad al Raafidaini; Jama'at Al-Tawhid Wa'al-Jihad; JTJ; Islamic State of Iraq; ISI; al-Zarqawi network; Islamic State in Iraq and the Levant,,Al-Qaida,2004-10-18,,,,,,2004-12-02; 2009-03-05; 2011-12-13; 2013-05-30; 2014-05-14; 2014-06-02; 2020-11-24,INTERPOL-UN Security Council Special Notice:https://www.interpol.int/en/How-we-work/Notices/View-UN-Notices-Entities
QDe.116,entity,AL-HARAMAIN FOUNDATION (UNION OF THE COMOROS),,,,Al-Qaida,2004-09-28,,Comoros,,,,2012-03-21; 2020-11-24; 2022-11-08,INTERPOL-UN Security Council Special Notice:https://www.interpol.int/en/How-we-work/Notices/View-UN-Notices-Entities
QDe.118,entity,LASHKAR-E-TAYYIBA,,Lashkar-e-Toiba; Lashkar-i-Taiba; al Mansoorian; al Mansooreen; Army of the Pure; Army of the Righteous; Army of the Pure and Righteous; Paasban-e-Kashmir; Paasban-i-Ahle-Hadith; Pasban-e-Kashmir; Pasban-e-Ahle-Hadith; Paasban-e-Ahle-Hadis; Pashan-e-ahle Hadis; Lashkar e Tayyaba; LET; Jamaat-ud-Dawa; JUD; Jama'at al-Dawa; Jamaat ud-Daawa; Jamaat ul-Dawah; Jamaat-ul-Dawa; Jama'at-i-Dawat; Jamaiat-ud-Dawa; Jama'at-ud-Da'awah; Jama'at-ud-Da'awa; Jamaati-ud-Dawa; Falah-i-Insaniat Foundation (FIF),,Al-Qaida,2005-05-02,,,,,,2005-11-03; 2008-12-10; 2012-03-14; 2020-11-24; 2023-10-30,Associated with Hafiz Muhammad Saeed (QDi.263) who is the leader of Lashkar-e-Tayyiba INTERPOL-UN Security Council Special Notice:https://www.interpol.int/en/How-we-work/Notices/View-UN-Notices-Entities
QDe.119,entity,ISLAMIC JIHAD GROUP,,Jama’at al-Jihad; Libyan Society; Kazakh Jama’at; Jamaat Mojahedin; Jamiyat; Jamiat al-Jihad al-Islami; Dzhamaat Modzhakhedov; Islamic Jihad Group of Uzbekistan; al-Djihad al-Islami; Zamaat Modzhakhedov Tsentralnoy Asii; Islamic Jihad Union,,Al-Qaida,2005-06-01,,,,,,2006-04-19; 2008-02-20; 2011-12-13; 2020-11-24; 2026-08-18,"Founded and led by Najmiddin Kamolitdinovich Jalolov (reportedly deceased) and Suhayl Fatilloevich Buranov (reportedly deceased). Its activities are funded and coordinated by Al-Qaida. Associated with the Islamic Movement of Uzbekistan (QDe.010) and Emarat Kavkaz (QDe.131). Active in the Afghanistan/Pakistan border area, Central Asia, South Asia region and some European States. INTERPOL-UN Security Council Special Notice:https://www.interpol.int/en/How-we-work/Notices/View-UN-Notices-Entities"
QDe.121,entity,AL-AKHTAR TRUST INTERNATIONAL,,Al Akhtar Trust; Al-Akhtar Medical Centre; Akhtarabad Medical Camp; Pakistan Relief Foundation; Pakistani Relief Foundation; Azmat-e-Pakistan Trust; Azmat Pakistan Trust,,Al-Qaida,2005-08-17,,Pakistan,,,,2008-12-10; 2011-12-13; 2019-05-01; 2022-11-08,"Regional offices in Pakistan: Bahawalpur, Bawalnagar, Gilgit, Islamabad, Mirpur Khas, Tando-Jan-Muhammad. Akhtarabad Medical Camp is in Spin Boldak, Afghanistan. Registered by members of Jaish-i-Mohammed (QDe.019). Associated with Harakat ul-Mujahidin/ HUM (QDe.008), Lashkar I Jhanghvi (LJ) (QDe.096) and Lashkar-e-Tayyiba (QDe.118). Banned in Pakistan INTERPOL-UN Security Council Special Notice:https://www.interpol.int/en/How-we-work/Notices/View-UN-Notices-Entities"
QDe.128,entity,RAJAH SOLAIMAN MOVEMENT,,Rajah Solaiman Islamic Movement; Rajah Solaiman Revolutionary Movement,,Al-Qaida,2008-06-04,,Philippines,,,,2011-12-13; 2018-05-09; 2019-12-06; 2023-10-30,"Founded and headed by Hilarion Del Rosario Santos III (QDi.244). Associated with the Abu Sayyaf Group (QDe.001), Jemaah Islamiyah (QDe.092) and Khadafi Abubakar Janjalani (deceased) INTERPOL-UN Security Council Special Notice:https://www.interpol.int/en/How-we-work/Notices/View-UN-Notices-Entities"
QDe.129,entity,AL-QAIDA IN THE ARABIAN PENINSULA (AQAP),القاعدة في جزيرة العرب,Al-Qaida of Jihad Organization in the Arabian Peninsula; Tanzim Qa’idat al-Jihad fi Jazirat al-Arab; Al-Qaida Organization in the Arabian Peninsula (AQAP); Al-Qaida in the South Arabian Peninsula; Ansar al-Shari'a (AAS); Al-Qaida in Yemen (AQY),,Al-Qaida,2010-01-19,,,,,,2012-10-04; 2015-06-15; 2016-06-24; 2021-11-15; 2026-08-18,AQAP is a regional affiliate of Al-Qaida (QDe.004) and an armed group operating primarily in Arabian Peninsula. Location: Yemen. Alternative location: Saudi Arabia (2004 – 2006). Formed in Jan. 2009 when Al-Qaida in Yemen combined with Saudi Arabian Al-Qaida operatives. Leader of AQAP is Sa'ad bin Atef al-Awlaki. Ansar al-Shari’a was formed in early 2011 by AQAP and has taken responsibility for multiple attacks in Yemen against both government and civilian targets. INTERPOL-UN Security Council Special Notice:https://www.interpol.int/en/How-we-work/Notices/View-UN-Notices-Entities
QDe.130,entity,HARAKAT-UL JIHAD ISLAMI,حرکت الجہاد الاسلامی,HUJI; Movement of Islamic Holy War; Harkat-ul-Jihad-al Islami; Harkat-al-Jihad-ul Islami; Harkat-ul-Jehad-al-Islami; Harakat ul Jihad-e-Islami; Harakat-ul-Ansar; HUA,,Al-Qaida,2010-08-06,,,,,,2011-12-13; 2020-11-24,"Was established in Afghanistan in 1980. In 1993, Harakat-ul Jihad Islami merged with Harakat ul-Mujahidin (QDe.008) to form Harakat ul-Ansar. In 1997, Harakat-ul Jihad Islami split from Harakat ul-Ansar and resumed using its former name. Operations are in India, Pakistan and Afghanistan. Banned in Pakistan INTERPOL-UN Security Council Special Notice:https://www.interpol.int/en/How-we-work/Notices/View-UN-Notices-Entities"
QDe.131,entity,EMARAT KAVKAZ,Эмират Кавказ,,,Al-Qaida,2011-07-29,,,,,,2020-11-24,"Mainly active in the Russian Federation, Afghanistan and Pakistan. Led by Doku Khamatovich Umarov (QDi.290) INTERPOL-UN Security Council Special Notice:https://www.interpol.int/en/How-we-work/Notices/View-UN-Notices-Entities"
QDe.132,entity,TEHRIK-E TALIBAN PAKISTAN (TTP),تحریک طالبان پاکستان,Tehrik-I-Taliban Pakistan; Tehrik-e-Taliban; Pakistani Taliban; Tehreek-e-Taliban,,Al-Qaida,2011-07-29,,,,,,2015-06-15; 2020-11-24,"Tehrik-e Taliban is based in the tribal areas along the Afghanistan/Pakistan border. Formed in 2007, its leader is Maulana Fazlullah (QDi.352) INTERPOL-UN Security Council Special Notice:https://www.interpol.int/en/How-we-work/Notices/View-UN-Notices-Entities"
QDe.133,entity,JEMMAH ANSHORUT TAUHID (JAT),,Jemaah Anshorut Tauhid; Jemmah Ansharut Tauhid; Jem’mah Ansharut Tauhid; Jamaah Ansharut Tauhid; Jama’ah Ansharut Tauhid; Laskar 99,,Al-Qaida,2012-03-12,,Indonesia,,,,2018-07-17; 2021-11-15,"A group affiliated with the Islamic State in Iraq and the Levant (ISIL), listed as Al-Qaida in Iraq (QDe.115), that has perpetrated attacks in Indonesia. Founded and led by Abu Bakar Ba'asyir (QDi.217). Established on 27 Jul. 2008 in Solo, Indonesia. Had been associated with Jemmah Islamiya (JI) (QDe.092). Website: http://ansharuttauhid.com/ INTERPOL-UN Security Council Special Notice:https://www.interpol.int/en/How-we-work/Notices/View-UN-Notices-Entities"
QDe.134,entity,MOUVEMENT POUR L’UNIFICATION ET LE JIHAD EN AFRIQUE DE L’OUEST (MUJAO),حركة التوحيد والجهاد في غرب إفريقيا,,,Al-Qaida,2012-12-05,,Algeria; Mali,,,,2021-11-15; 2026-08-18,"Associated with The Organization of Al-Qaida in the Islamic Maghreb, (QDe.014), Al Mourabitoun (QDe.141), and Mokhtar Belmokhtar (QDi.136). Active in the Sahel/Sahara region. INTERPOL-UN Security Council Special Notice:https://www.interpol.int/en/How-we-work/Notices/View-UN-Notices-Entities"
QDe.135,entity,ANSAR EDDINE,انصار الدين,Ansar Dine,,Al-Qaida,2013-03-20,,Mali,,,,2019-05-01; 2022-11-08,Was founded in December 2011 by Iyad ag Ghali (QDi.316). Linked to the Organization of Al-Qaida in the Islamic Maghreb (QDe.014) and Mouvement pour l’Unification et le Jihad en Afrique de l’Ouest (MUJAO) (QDe.134). Associated with Abdelmalek Droukdel (QDi.232) INTERPOL-UN Security Council Special Notice:https://www.interpol.int/en/How-we-work/Notices/View-UN-Notices-Entities
QDe.136,entity,MUHAMMAD JAMAL NETWORK (MJN),شبكة محمد جمال,Muhammad Jamal Group; Jamal Network; Abu Ahmed Group; Al-Qaida in Egypt (AQE),,Al-Qaida,2013-10-21,,,,,,2019-05-01; 2022-11-08,"Terrorist and paramilitary group established by Muhammad Jamal al Kashif (QDi.318) in 2011 and linked to Al-Qaida (QDe.004), Aiman al-Zawahiri (QDi.006), and the leadership of Al-Qaida in the Arabian Peninsula (AQAP) (QDe.129) and the Organization of Al-Qaida in the Islamic Maghreb (AQIM) (QDe.014). Funded and supported by AQAP. Multiple terrorist training camps in Egypt and Libya. Reportedly acquiring weapons, conducting training and establishing terrorist groups in the Sinai, Egypt. Training suicide bombers, foreign fighters and planning terrorist attacks in Egypt, Libya and elsewhere as of Sep. 2013. MJN members were reported to be involved in the attack on the United States Mission in Benghazi, Libya, on 11 Sep. 2012 INTERPOL-UN Security Council Special Notice:https://www.interpol.int/en/How-we-work/Notices/View-UN-Notices-Entities"
QDe.138,entity,JAMA'ATU AHLIS SUNNA LIDDA'AWATI WAL-JIHAD,,Jama'atu Ahlus-Sunnah Lidda'Awati Wal Jihad; Jama'atu Ahlus-Sunna Lidda'Awati Wal Jihad; جماعة أهل السنة للدعوة والجهاد; Boko Haram; Western Education is a Sin,,Al-Qaida,2014-05-22,,Nigeria,,,,2019-12-06; 2023-10-30,"Affiliate of Al-Qaida (QDe.004), and the Organization of Al-Qaida in the Islamic Maghreb (AQIM) (QDe.014). Associated with Jama'atu Ansarul Muslimina Fi Biladis-Sudan (Ansaru). The leader is Abubakar Shekau INTERPOL-UN Security Council Special Notice:https://www.interpol.int/en/How-we-work/Notices/View-UN-Notices-Entities"
QDe.139,entity,AL MOUAKAOUNE BIDDAM,الموقعون بالدم,Les Signataires par le Sang; Ceux Qui Signent avec le Sang; Those Who Sign in Blood,,Al-Qaida,2014-06-02,,Mali,,,,2019-12-06; 2023-10-30,Associated with the Organization of Al-Qaida in the Islamic Maghreb (QDe.014) and led by Mokhtar Belmokhtar (QDi.136). Active in the Sahel/Sahara region INTERPOL-UN Security Council Special Notice:https://www.interpol.int/en/How-we-work/Notices/View-UN-Notices-Entities
QDe.140,entity,AL MOULATHAMOUN,الملثمون,Les Enturbannés; The Veiled,,Al-Qaida,2014-06-02,,Algeria; Mali; Niger,,,,2019-12-06; 2023-10-30,"Founded in 2012 as a splinter group of the Organization of Al-Qaida in the Islamic Maghreb (QDe.014). On 20 Aug. 2013, Al Moulathamoun merged with the Mouvement pour l’Unification et le Jihad en Afrique de l’Ouest (MUJAO) (QDe.134) and established Al Mourabitoun (QDe.141). Associated with the Organization of Al-Qaida in the Islamic Maghreb (QDe.014) and led by Mokhtar Belmokhtar (QDi.136). Active in the Sahel/Sahara region INTERPOL-UN Security Council Special Notice:https://www.interpol.int/en/How-we-work/Notices/View-UN-Notices-Entities"
QDe.141,entity,AL MOURABITOUN,المرابطون,Les Sentinelles; The Sentinels,,Al-Qaida,2014-06-02,,Mali,,,,2019-12-06; 2023-10-30,Founded on 20 Aug. 2013 as result of a merger between Al Moulathamoun (QDe.140) and the Mouvement pour l’Unification et le Jihad en Afrique de l’Ouest (MUJAO) (QDe.134). Associated with the Organization of Al-Qaida in the Islamic Maghreb (QDe.014) and led by Mokhtar Belmokhtar (QDi.136). Active in the Sahel/Sahara region INTERPOL-UN Security Council Special Notice:https://www.interpol.int/en/How-we-work/Notices/View-UN-Notices-Entities
QDe.142,entity,ANSARUL MUSLIMINA FI BILADIS SUDAN,أنصار المسلمین في بلاد السودان,Ansaru; Jama'atu Ansaril Muslimina fi Biladis Sudan (JAMBS); Jama’atu Ansarul Muslimina fi Biladis-Sudan (JAMBS); Jamma’atu Ansarul Muslimina fi Biladis-Sudan (JAMBS); Vanguards for the Protection of Muslims in Black Africa; Vanguard for the Protection of Muslims in Black Africa,,Al-Qaida,2014-06-26,,Nigeria,,,,2019-12-06; 2020-03-18; 2023-10-30,"Terrorist and paramilitary group established in 2012 and operating in Nigeria. Associated with the Organization of Al-Qaida in the Islamic Maghreb (AQIM) (QDe.014), Jama'atu Ahlis Sunna Lidda'Awati Wal-Jihad (Boko Haram) (QDe.138) and Abubakar Mohammed Shekau (QDi322) INTERPOL-UN Security Council Special Notice:https://www.interpol.int/en/How-we-work/Notices/View-UN-Notices-Entities"
QDe.143,entity,ANSAR AL-SHARI’A IN TUNISIA (AAS-T),,Ansar al-Sharia in Tunisia; Ansar al-Shari’ah in Tunisia; Ansar al-Shari’ah; Ansar al-Sharia; Supporters of Islamic Law; Al-Qayrawan Media Foundation,,Al-Qaida,2014-09-23,,Tunisia,,,,2019-12-06; 2023-10-30,A Tunisian armed group with links to the Organization of Al-Qaida in the Islamic Maghreb (QDe.014). The leader is Seifallah ben Hassine (QDi.333) INTERPOL-UN Security Council Special Notice:https://www.interpol.int/en/How-we-work/Notices/View-UN-Notices-Entities
QDe.144,entity,ABDALLAH AZZAM BRIGADES (AAB),,Abdullah Azzam Brigades; Ziyad al-Jarrah Battalions of the Abdallah Azzam Brigades; Yusuf al-'Uyayri Battalions of the Abdallah Azzam Brigades,,Al-Qaida,2014-09-23,,,,,,2019-12-06; 2023-10-30,An armed group that has carried out joint attacks with Al-Nusrah Front for the People of the Levant (formerly listed) INTERPOL-UN Security Council Special Notice:https://www.interpol.int/en/How-we-work/Notices/View-UN-Notices-Entities
QDe.145,entity,ANSAR AL CHARIA DERNA,أنصار الشريعة – درنة,Ansar al-Charia Derna; Ansar al-Sharia Derna; أنصار الشريعة (Ansar al Charia); Ansar al-Sharia; Ansar al Sharia,,Al-Qaida,2014-11-19,,,,,,2019-12-06; 2023-10-30,"Associated with the Organization of Al-Qaida in the Islamic Maghreb (QDe.014), Ansar al-Shari’a in Tunisia (AAS-T) (QDe.143) and Ansar al Charia Benghazi (QDe.146). Runs training camps for foreign terrorist fighters travelling to Syria and Iraq INTERPOL-UN Security Council Special Notice:https://www.interpol.int/en/How-we-work/Notices/View-UN-Notices-Entities"
QDe.146,entity,ANSAR AL CHARIA BENGHAZI,أنصار الشريعة - بنغازي,نصار الشريعة (Ansar al Charia); Ansar al-Charia; Ansar al-Sharia; Ansar al-Charia Benghazi; Ansar al-Sharia Benghazi; أنصار الشريعة بليبيا (Ansar al Charia in Libya (ASL)); كتيبة أنصار الشريعة (Katibat Ansar al Charia); Ansar al Sharia,,Al-Qaida,2014-11-19,,,,,,2019-12-06; 2023-10-30,"Associated with the Organization of Al-Qaida in the Islamic Maghreb (QDe.014), Al Mourabitoun (QDe.141), Ansar al-Shari’a in Tunisia (AAS-T) (QDe.143), and Ansar al Charia Derna (QDe.145). The leader is Mohamed al-Zahawi (not listed). Runs training camps for foreign terrorist fighters travelling to Syria, Iraq and Mali INTERPOL-UN Security Council Special Notice:https://www.interpol.int/en/How-we-work/Notices/View-UN-Notices-Entities"
QDe.147,entity,HILAL AHMAR SOCIETY INDONESIA (HASI),,Yayasan Hilal Ahmar; Indonesia Hilal Ahmar Society for Syria,,Al-Qaida,2015-03-13,,,,,,2020-11-24,"Ostensibly humanitarian wing of Jemaah Islamiyah (QDe.092). Operates in Lampung, Jakarta, Semarang, Yogyakarta, Solo, Surabaya and Makassar, Indonesia. Has been recruiting, funding and facilitating travel of foreign terrorist fighters to Syria. Not affiliated with the humanitarian group International Federation of the Red Cross and Red Crescent Societies (IFRC) INTERPOL-UN Security Council Special Notice:https://www.interpol.int/en/How-we-work/Notices/View-UN-Notices-Entities"
QDe.148,entity,THE ARMY OF EMIGRANTS AND SUPPORTERS,تنظیم جیش المھاجرین و الأنصار,Battalion of Emigrants and Supporters; Army of Emigrants and Supporters organization; Battalion of Emigrants and Ansar; Jaysh al-Muhajirin wal-Ansar (JAMWA),,Al-Qaida,2015-08-06,,Syrian Arab Republic,,,,2020-11-24,"Established by foreign terrorist fighters in 2013. Location: Syrian Arab Republic. Affiliated with Islamic State in Iraq and the Levant, listed as Al-Qaida in Iraq (QDe.115) and AI-Nusrah Front for the People of the Levant (formerly listed) INTERPOL-UN Security Council Special Notice:https://www.interpol.int/en/How-we-work/Notices/View-UN-Notices-Entities"
QDe.149,entity,HARAKAT SHAM AL-ISLAM,,Haraket Sham al-Islam; Sham al-Islam; Sham al-Islam Movement,,Al-Qaida,2016-02-29,,Syrian Arab Republic,,,,,Moroccan-led terrorist organization formed in Aug. 2013 and operating in Syrian Arab Republic. Principally composed of foreign terrorist fighters and associated with AI-Nusrah Front for the People of the Levant (formerly listed) INTERPOL-UN Security Council Special Notice:https://www.interpol.int/en/How-we-work/Notices/View-UN-Notices-Entities
QDe.150,entity,MUJAHIDIN INDONESIAN TIMUR (MIT),,Mujahidin of Eastern Indonesia; East Indonesia Mujahideen; Mujahidin Indonesia Timor; Mujahidin Indonesia Barat (MIB); Mujahidin of Western Indonesia,,Al-Qaida,2015-09-29,,Indonesia,,,,2017-03-30; 2021-11-15,"Terrorist group linked to Islamic State in Iraq and the Levant (ISIL), listed as Al-Qaida in Iraq (QDe.115), Jemaah Islamiyah (JI) (QDe.092), and Jemmah Anshorut Tauhid (JAT) (QDe.133). Operates in Java and Sulawesi, Indonesia and also active in Indonesia’s eastern provinces. Its former leader was Abu Wardah, a.k.a. Santoso (deceased) INTERPOL-UN Security Council Special Notice:https://www.interpol.int/en/How-we-work/Notices/View-UN-Notices-Entities"
QDe.151,entity,JUND AL-KHILAFAH IN ALGERIA (JAK-A),,Jund al Khalifa; Jund al-Khilafah fi Ard al-Jaza’ir; Jund al-Khalifa fi Ard al-Jazayer; Soldiers of the Caliphate in Algeria; Soldiers of the Caliphate of Algeria; Soldiers of the Caliphate in the Land of Algeria,,Al-Qaida,2015-09-29,,Algeria,,,,2020-11-24,Emerged on 13 Sep. 2014. Most known for its abduction and subsequent beheading of French national Herve Gourdel. Claimed responsibility for attacking police and gendarmes in Algeria and continued planning future attacks INTERPOL-UN Security Council Special Notice:https://www.interpol.int/en/How-we-work/Notices/View-UN-Notices-Entities
QDe.152,entity,JAMAAT-UL-AHRAR (JuA),جمات ال احرار,Jamaat-e-Ahrar; Tehrik-e Taliban Pakistan Jamaat ul Ahrar; Ahrar-ul-Hind,,Al-Qaida,2017-07-06,,Pakistan,,,,2022-11-08,"Splinter group of the Tehrik-e Taliban Pakistan (QDe.132). Associated with Islamic State in Iraq and the Levant, listed as Al-Qaida in Iraq (QDe.115). Formed in Aug. 2014 in Mohmand Agency, Pakistan. Operates from Nangarhar Province, Afghanistan and Pakistan-Afghanistan border region. Banned in Pakistan on 21 Nov. 2016 INTERPOL-UN Security Council Special Notice:https://www.interpol.int/en/How-we-work/Notices/View-UN-Notices-Entities"
QDe.153,entity,"HANIFA MONEY EXCHANGE OFFICE (BRANCH LOCATED IN ALBU KAMAL, SYRIAN ARAB REPUBLIC)",مكتب حنيفة للصرافة,Hanifah Currency Exchange; Hanifeh Exchange; Hanifa Exchange; Hunaifa Office; Hanifah Exchange Company; Hanifa Money Exchange Office,,Al-Qaida,2017-07-20,,Syrian Arab Republic,,,,2022-11-08,"Money exchange business in Albu Kamal (Al-Bukamal), Syrian Arab Republic, facilitating the movement of funds on behalf of Islamic State in Iraq and the Levant (ISIL), listed as Al-Qaida in Iraq (QDe.115). Used exclusively for ISIL-related transactions INTERPOL-UN Security Council Special Notice:https://www.interpol.int/en/How-we-work/Notices/View-UN-Notices-Entities"
QDe.154,entity,SELSELAT AL-THAHAB,سلسلة الذهب للصرافة,Silsilet al Thahab; Selselat al Thahab For Money Exchange; Silsilat Money Exchange Company; Silsilah Money Exchange Company; Al Silsilah al Dhahaba; Silsalat al Dhab,,Al-Qaida,2017-07-20,,Iraq,,,,2022-11-08,"Money exchange business facilitating the movement of funds on behalf of Islamic State in Iraq and the Levant (ISIL), listed as Al-Qaida in Iraq (QDe.115), as of Apr. 2016. Conducted over one hundred financial transfers into ISIL-controlled territory INTERPOL-UN Security Council Special Notice:https://www.interpol.int/en/How-we-work/Notices/View-UN-Notices-Entities"
QDe.155,entity,Jaysh Khalid Ibn al Waleed,,Khalid ibn al-Walid Army; Liwa Shuhada al-Yarmouk; Harakat al-Muthanna al-Islamia,,Al-Qaida,2017-07-20,,,,,,2022-11-08,"Joined the Islamic State in Iraq and the Levant (ISIL), listed as Al-Qaida in Iraq (QDe.115), in May 2015 INTERPOL-UN Security Council Special Notice:https://www.interpol.int/en/How-we-work/Notices/View-UN-Notices-Entities"
QDe.156,entity,JUND AL AQSA,,The Soldiers of Aqsa; Soldiers of Aqsa; Sarayat Al Quds,,Al-Qaida,2017-07-20,,Syrian Arab Republic,,,,2022-11-08,Associated with the Al Nusrah Front for the People of the Levant (formerly listed) INTERPOL-UN Security Council Special Notice:https://www.interpol.int/en/How-we-work/Notices/View-UN-Notices-Entities
QDe.157,entity,AL-KAWTHAR MONEY EXCHANGE,,Al Kawthar Co.; Al Kawthar Company; Al-Kawthar Hawala,,Al-Qaida,2018-03-06,,Iraq,,,,2023-10-30,"Money exchange business and owned by Umar Mahmud Irhayyim al-Kubaysi (QDi.412) as of mid-2016. Facilitated financial transactions on behalf of companies associated with Islamic State in Iraq and the Levant (ISIL), listed as Al-Qaida in Iraq (QDe.115). Established in 2000 under License number 202, issued on 17 May 2000, and since withdrawn INTERPOL-UN Security Council Special Notice:https://www.interpol.int/en/How-we-work/Notices/View-UN-Notices-Entities"
QDe.158,entity,KHATIBA IMAM AL-BUKHARI (KIB),,Khataib al-Imam al-Bukhari,,Al-Qaida,2018-03-29,,Afghanistan; Syrian Arab Republic,,,,2023-10-30; 2023-12-19,Associated with Al-Nusrah Front for the People of the Levant (formerly listed). Committed terrorist attacks in the Syrian Arab Republic. Since 2016 redeployed to Northern Afghanistan to project attacks against Central Asia countries INTERPOL-UN Security Council Special Notice:https://www.interpol.int/en/How-we-work/Notices/View-UN-Notices-Entities
QDe.159,entity,JAMA'A NUSRAT UL-ISLAM WA AL-MUSLIMIN (JNIM),جماعة نصرة الإسلام والمسلمين,,,Al-Qaida,2018-10-04,,,,,,2023-10-30,"Associated with Al-Qaida (QDe.004), the Organization of Al-Qaida in the Islamic Maghreb (QDe.014), Ansar Eddine (QDe.135) and Al-Mourabitoun (QDe.141). Operations in Mali and Burkina Faso INTERPOL-UN Security Council Special Notice:https://www.interpol.int/en/How-we-work/Notices/View-UN-Notices-Entities"
QDe.160,entity,TARIQ GIDAR GROUP (TGG),طارق گیدڑ گروپ,TEHRIK-E-TALIBAN-TARIQ GIDAR GROUP; TTP-TARIQ GIDAR GROUP; TEHREEK-I-TALIBAN PAKISTAN GEEDAR GROUP; TTP GEEDAR GROUP; TARIQ GEEDAR GROUP; COMMANDER TARIQ AFRIDI GROUP; TARIQ AFRIDI GROUP; TARIQ GIDAR AFRIDI GROUP; THE ASIAN TIGERS,,Al-Qaida,2019-03-22,,,,,,,"Splinter group of Tehrik-e Taliban Pakistan (TTP) (QDe.132). The group was formed in Darra Adam Khel, Federally Administered Tribal Area (FATA), Pakistan, in 2007 INTERPOL-UN Security Council Special Notice:https://www.interpol.int/en/How-we-work/Notices/View-UN-Notices-Entities"
QDe.161,entity,ISLAMIC STATE IN IRAQ AND THE LEVANT - KHORASAN (ISIL-K),,ISIL KHORASAN; ISLAMIC STATE’S KHORASAN PROVINCE; ISIS WILAYAT KHORASAN; ISIL’S SOUTH ASIA BRANCH; SOUTH ASIAN CHAPTER OF ISIL; The Islamic State of Iraq and ash-Sham—Khorasan Province; The Islamic State of Iraq and Syria—Khorasan; Islamic State of Iraq and Levant in Khorasan Province; Islamic State Khurasan; ISIS-K; ISISK; IS-Khorasan; ISLAMIC STATE KHORASAN PROVINCE (ISKP),,Al-Qaida,2019-05-14,,,,,,2022-04-01; 2026-08-14,"Islamic State of Iraq and the Levant - Khorasan (ISIL - K) was formed on January 10, 2015 by a former Tehrik-e Taliban Pakistan (TTP) (QDe.132) commander and was established by former Taliban faction commanders who swore an oath of allegiance to the Islamic State of Iraq and the Levant (listed as Al-Qaida in Iraq (QDe.115)). ISIL – K has claimed responsibility for numerous attacks in both Afghanistan and Pakistan. INTERPOL-UN Security Council Special Notice:https://www.interpol.int/en/How-we-work/Notices/View-UN-Notices-Entities"
QDe.162,entity,ISLAMIC STATE WEST AFRICA PROVINCE (ISWAP),,Islamic State in Iraq and the Levant – West Africa (ISIL-WA); Islamic State of Iraq and Syria – West Africa (ISIS-WA); Islamic State of Iraq and Syria West Africa Province (ISISWAP); Islamic State of Iraq and the Levant – West Africa,,Al-Qaida,2020-02-23,,,,,,,Associated with the Islamic State in Iraq and the Levant (listed as Al-Qaida in Iraq (QDe.115)). Formed in March 2015 by Abubakar Shekau (QDi.322). Splinter group of Jama'atu Ahlis Sunna Lidda'Awati Wal-Jihad (Boko Haram) (QDe.138). Committed terrorist attacks in Nigeria INTERPOL-UN Security Council Special Notice:https://www.interpol.int/en/How-we-work/Notices/View-UN-Notices-Entities
QDe.163,entity,ISLAMIC STATE IN THE GREATER SAHARA (ISGS),,Islamic State in Iraq and Syria – Greater Sahara (ISIS-GS); Islamic State of Iraq and Syria – Greater Sahara (ISIS-GS); Islamic State of Iraq and the Levant - Greater Sahara (ISIL-GS); Islamic State of the Greater Sahel; ISIS in the Greater Sahel; ISIS in the Greater Sahara; ISIS in the Islamic Sahel,,Al-Qaida,2020-02-23,,,,,,,"Formed in May 2015 by Adnan Abu Walid al-Sahraoui (QDi.415). Associated with the Islamic State in Iraq and the Levant (listed as Al-Qaida in Iraq (QDe.115)). Splinter group of Al-Mourabitoun (QDe.141). Committed terrorist attacks in Mali, Niger and Burkina Faso INTERPOL-UN Security Council Special Notice:https://www.interpol.int/en/How-we-work/Notices/View-UN-Notices-Entities"
QDe.164,entity,JAMAAH ANSHARUT DAULAH,JAMAAH ANSHARUT DAULAH,Jemaah Anshorut Daulah; Jamaah Ansharut Daulat,,Al-Qaida,2020-03-04,,,,,,,"Established in 2015 as an umbrella group of Indonesian extremist groups that pledged allegiance to then-ISIL leader Abu Bakr al-Baghdadi. Associated with Islamic State in Iraq and the Levant, listed as Al-Qaida in Iraq (QDe.115) INTERPOL-UN Security Council Special Notice:https://www.interpol.int/en/How-we-work/Notices/View-UN-Notices-Entities"
QDe.165,entity,ISLAMIC STATE IN IRAQ AND THE LEVANT - LIBYA,الدولة الإسلامية في العراق والشام - ليبيا,Islamic state of Iraq and the Levant in Libya; Wilayat Barqa; Wilayat Fezzan; Wilayat Tripolitania; Wilayat Tarablus; Wilayat Al-Tarablus,,Al-Qaida,2020-03-04,,,,,,,"Formed in November 2014 upon announcement by Abu Bakr Al-Baghdadi, listed as Ibrahim Awwad Ibrahim Ali Al-Badri Al-Samarrai (QDi.299). Associated with Islamic State in Iraq and the Levant, listed as Al-Qaida in Iraq (QDe.115) INTERPOL-UN Security Council Special Notice:https://www.interpol.int/en/How-we-work/Notices/View-UN-Notices-Entities"
QDe.166,entity,ISLAMIC STATE IN IRAQ AND THE LEVANT - YEMEN,الدولة الإسلامية في العراق والشام - اليمن,"Islamic State of Iraq and the Levant of Yemen; Islamic State in Yemen; ISIL in Yemen; ISIS in Yemen; Wilayat al-Yemen, Province of Yemen",,Al-Qaida,2020-03-04,,,,,,,"Formed in November 2014 upon acceptance of oaths of allegiance by Abu Bakr Al-Baghdadi, listed as Ibrahim Awwad Ibrahim Ali Al-Badri Al-Samarrai (QDi.299). Associated with Islamic State in Iraq and the Levant, listed as Al-Qaida in Iraq (QDe.115) INTERPOL-UN Security Council Special Notice:https://www.interpol.int/en/How-we-work/Notices/View-UN-Notices-Entities"
QDe.167,entity,JUND AL-KHILAFAH IN TUNISIA (JAK-T),,ISIL-Tunisia; ISIL-Tunisia Province; Soldiers of the Caliphate; Jund al-Khilafa; Jund al Khilafah; Jund al-Khilafah fi Tunis; Soldiers of the Caliphate in Tunisia; Tala I Jund al-Khilafah; Vanguards of the Soldiers of the Caliphate; Daesh Tunisia; Ajnad,,Al-Qaida,2021-12-29,,,,,,,"Formed in November 2014.Associated with Islamic State in Iraq and the Levant, listed as Al-Qaida in Iraq (QDe.115) INTERPOL-UN Security Council Special Notice:https://www.interpol.int/en/How-we-work/Notices/View-UN-Notices-Entities"
QDe.168,entity,KHATIBA JAMA`AT AL-TAWHID WAL-JIHAD (KTJ),Катиба Джамаат ат-Таухид валь-Джихад,JANNAT OSHIKLARI; Jama`at al-Tawhid wal-Jihad; Katiba al-Tawhid wal-Jihad,,Al-Qaida,2022-03-07,,,,,,2026-09-28,"Khatiba al-Tawhid wal-Jihad (formerly known as Jannat Oshiklari) is a terrorist organization operating under the umbrella of the international terrorist organization Al-Nusrah Front for the People of the Levant (formerly listed). The group mainly operates in the provinces of Hama, Idlib and Ladhiqiyah, in the Syrian Arab Republic, and also conduct operations in Turkey, Kyrgyzstan, Uzbekistan, Russian Federation, Tajikistan, Kazakhstan, Egypt, Afghanistan, Ukraine. The number of fighters of KTJ is about 500. KTJ also cooperates with such terrorist organizations as Khatiba Imam al-Bukhari (QDe.158) and the Islamic Jihad Group (QDe.119) INTERPOL-UN Security Council Special Notice:https://www.interpol.int/en/How-we-work/Notices/View-UN-Notices-Entities"
QDe.169,entity,"Islamic State In Iraq And the Levant In South-East Asia (ISIL-SEA, ISIL-South East Asia)",,Islamic State East Asia Division; Dawlatul Islamiyah Waliyatul Mashriq,,Al-Qaida,2023-01-27,,,,,,,"Formed in June 2016 upon announcement by now-deceased Isnilon Hapilon (QDi.204). Associated with Islamic State in Iraq and the Levant, listed as Al-Qaida in Iraq (QDe.115) INTERPOL-UN Security Council Special Notice:https://www.interpol.int/en/How-we-work/Notices/View-UN-Notices-Entities"
QDi.001,individual,MOHAMMED SALAHALDIN ABD EL HALIM ZIDANE,محمد صلاح الدين عبدالحليم زيدان,Sayf-Al Adl; Muhamad Ibrahim Makkawi,Ibrahim al-Madani; Saif Al-'Adil; Seif al Adel; SALEM AL-SHARIF; HAZEM AL-MADANI; ABER SABIL; MUHANNAD SALEM; ABU KHALED AL-SAN’ANI,Al-Qaida,2001-01-25,Egypt,Egypt,1963-04-11; 1960-04-11,,,2010-12-16; 2013-07-24; 2017-02-15; 2019-03-29; 2019-05-01; 2022-11-08; 2026-08-13,Responsible for Usama bin Laden’s (deceased) security. Hair: Dark. Eyes: Dark. Photo available for inclusion in the INTERPOL-UN Security Council Special Notice INTERPOL-UN Security Council Special Notice:https://www.interpol.int/en/How-we-work/Notices/View-UN-Notices-Individuals
QDi.002,individual,AMIN MUHAMMAD UL HAQ SAAM KHAN,,"Al-Haq, Amin; Amin, Muhammad","Dr. Amin; Ul-Haq, Dr. Amin",Al-Qaida,2001-01-25,Afghanistan,Afghanistan,1963-04-30; 1960,,,2007-07-18; 2010-12-16; 2019-12-06; 2022-11-08; 2023-02-02; 2026-08-14,Security coordinator for Usama bin Laden (deceased). Repatriated to Afghanistan in February 2006. He was in Afghanistan as of August 2021. Arrested in Pakistan 2024 and deported to Afghanistan in 2025. Father’s name: Abdul Rahman. Photo and fingerprints available for inclusion in the INTERPOL-UN Security Council Special Notice. INTERPOL-UN Security Council Special Notice:https://www.interpol.int/en/How-we-work/Notices/View-UN-Notices-Individuals
QDi.003,individual,SALIM AHMAD SALIM HAMDAN,سالم أحمد سالم حمدان,,,Al-Qaida,2001-01-25,Yemen,Yemen,1965,Passport 00385937 Yemen,,2019-12-06; 2023-10-30,Driver and private bodyguard to Usama bin Laden (deceased) from 1996 until 2001. Transferred from United States custody to Yemen in Nov. 2008 INTERPOL-UN Security Council Special Notice:https://www.interpol.int/en/How-we-work/Notices/View-UN-Notices-Individuals
QDi.006,individual,AIMAN MUHAMMED RABI AL-ZAWAHIRI,أيمن محمد ربيع الظواهري,Ayman Al-Zawahari; Ahmed Fuad Salim; Al Zawahry Aiman Mohamed Rabi Abdel Muaz; Al Zawahiri Ayman; Abdul Qader Abdul Aziz Abdul Moez Al Doctor; Al Zawahry Aiman Mohamed Rabi; Al Zawahry Aiman Mohamed Rabie; Al Zawahry Aiman Mohamed Robi; Dhawahri Ayman; Eddaouahiri Ayman; Nur Al Deen Abu Mohammed; Ayman Al Zawahari; Ahmad Fuad Salim,Abu Fatma; Abu Mohammed,Al-Qaida,2001-01-25,Egypt,Egypt,1951-06-19,Passport 1084010 Egypt; Passport 19820215,,2007-07-02; 2007-07-18; 2007-08-13; 2010-12-16; 2015-05-22; 2020-11-24; 2025-03-11,"Leader of Al-Qaida (QDe.004). Former operational and military leader of Egyptian Islamic Jihad (QDe.003), was a close associate of Usama Bin Laden (deceased). Believed to have been in the Afghanistan/Pakistan border area before going to Afghanistan in 2014. Reportedly killed in drone strike in Kabul, Afghanistan on 31 July 2022. Photo available for inclusion in the INTERPOL-UN Security Council Special Notice INTERPOL-UN Security Council Special Notice:https://www.interpol.int/en/How-we-work/Notices/View-UN-Notices-Individuals"
QDi.009,individual,BILAL BIN MARWAN,بلال بن مروان,,,Al-Qaida,2001-01-25,,,1947,,,2019-05-01; 2022-11-08,Senior lieutenant of UBL INTERPOL-UN Security Council Special Notice:https://www.interpol.int/en/How-we-work/Notices/View-UN-Notices-Individuals
QDi.012,individual,NASHWAN ABD AL-RAZZAQ ABD AL-BAQI,نشوان عبد الرزاق عبد الباقي,Abdal Al-Hadi Al-Iraqi; Abd Al-Hadi Al-Iraqi; Omar Uthman Mohammed; Abdul Hadi Arif Ali,Abu Abdallah; Abdul Hadi al-Taweel; Abd al-Hadi al-Ansari; Abd al-Muhayman; Abu Ayub,Al-Qaida,2001-10-06,Iraq,Iraq,1961,National Identification Number 0094195,,2007-05-14; 2007-07-27; 2015-12-10; 2020-11-24,"Joined Al-Qaida in 1996 and was at that time an important liaison to the Taliban in Afghanistan. Received money from Ansar al-Islam (QDe.098) in order to conduct attacks in Kirkuk and Ninveh in Iraq during spring and summer of 2005. Al-Qaida senior official. In custody of the United States of America, as of Aug. 2014. Father’s name: Abd al-Razzaq Abd al-Baqi. Mother’s name: Nadira Ayoub Asaad. Photo available for inclusion in the INTERPOL-UN Security Council Special Notice INTERPOL-UN Security Council Special Notice:https://www.interpol.int/en/How-we-work/Notices/View-UN-Notices-Individuals"
QDi.014,individual,TARIQ ANWAR EL SAYED AHMED,طاريق أنور السيد احمد,Hamdi Ahmad Farag; Amr Al-Fatih Fathi; Tarek Anwar El Sayed Ahmad,,Al-Qaida,2001-10-06,Egypt,Egypt,1963-03-15,,,2004-11-26; 2007-07-18; 2011-05-16; 2019-05-01; 2021-11-15,Reportedly deceased in October 2001 INTERPOL-UN Security Council Special Notice:https://www.interpol.int/en/How-we-work/Notices/View-UN-Notices-Individuals
QDi.015,individual,MAHFOUZ OULD AL-WALID,محفوظ ولد الوليد,Abu Hafs the Mauritanian; Khalid Al-Shanqiti; Mafouz Walad Al-Walid,,Al-Qaida,2001-10-06,Mauritania,Mauritania,1975-01-01,,,2007-06-01; 2011-06-10; 2020-11-24,INTERPOL-UN Security Council Special Notice:https://www.interpol.int/en/How-we-work/Notices/View-UN-Notices-Individuals
QDi.017,individual,THARWAT SALAH SHIHATA,ثروت صالح شحاته,Tarwat Salah Abdallah; Salah Shihata Thirwat; Shahata Thirwat; Tharwat Salah Shihata Ali,,Al-Qaida,2001-10-06,Egypt,Egypt,1960-06-29,,,2004-11-26; 2010-12-16; 2019-12-06; 2022-11-08,INTERPOL-UN Security Council Special Notice:https://www.interpol.int/en/How-we-work/Notices/View-UN-Notices-Individuals
QDi.018,individual,ABDUL MANAN AGHA,عبد المنان آغا,Abdul Manan,Abdul Man’am Saiyid; Saiyid Abd al-Man,Al-Qaida,2001-10-17,,,,,,2013-06-26; 2019-05-01; 2022-11-08,Pakistan
QDi.019,individual,ABDULLAH AHMED ABDULLAH EL ALFI,عبد الله احمد عبدالله الالفي,,"Abu Mariam; Al-Masri, Abu Mohamed; Saleh",Al-Qaida,2001-10-17,Egypt,Egypt,1963-06-06,,,2004-11-26; 2019-12-06; 2022-11-08,Afghanistan INTERPOL-UN Security Council Special Notice:https://www.interpol.int/en/How-we-work/Notices/View-UN-Notices-Individuals
QDi.020,individual,MOHAMMAD HAMDI MOHAMMAD SADIQ AL-AHDAL,محمد حمدي محمد صادق الأهدل,"Al-Hamati, Muhammad; Muhammad Muhammad Abdullah Al-Ahdal; Mohamed Mohamed Abdullah Al-Ahdal",Abu Asim Al-Makki; Ahmed,Al-Qaida,2001-10-17,Yemen,Yemen,1971-11-19,Passport 541939 Yemen; National Identification Number 216040,,2009-01-30; 2010-01-25; 2019-12-06; 2023-10-30,Responsible for the finances of Al-Qa’ida (QDe.004) in Yemen. Accused of involvement in the attack on the USS Cole in 2000. Arrested in Yemen in Nov. 2003. Sentenced to three years and one month of imprisonment by the specialized criminal court of first instance in Yemen. Released on 25 Dec. 2006 after the completion of his sentence INTERPOL-UN Security Council Special Notice:https://www.interpol.int/en/How-we-work/Notices/View-UN-Notices-Individuals
QDi.028,individual,AHMED KHALFAN GHAILANI,,"Ahmad, Abu Bakr; Ahmed, Abubakar; Ahmed, Abubakar K.; Ahmed, Abubakar Khalfan; Ahmed, Abubakary K.; Ahmed, Ahmed Khalfan; Ali, Ahmed Khalfan; Ghailani, Abubakary Khalfan Ahmed; Ghailani, Ahmed; Ghilani, Ahmad Khalafan; Hussein, Mahafudh Abubakar Ahmed Abdallah; Khalfan, Ahmed; Mohammed, Shariff Omar; Haythem al-Kini","Ahmed The Tanzanian; Foopie; Fupi; Ahmed, A; Al Tanzani, Ahmad; Bakr, Abu; Khabar, Abu",Al-Qaida,2001-10-17,United Republic of Tanzania,United Republic of Tanzania; United States of America,1974-03-14; 1974-04-13; 1974-04-14; 1970-08-01,,,2007-07-27; 2010-10-21; 2019-12-06; 2023-10-30,"Apprehended in July 2004 and in custody for trial in the United States of America, as at October 2010 INTERPOL-UN Security Council Special Notice:https://www.interpol.int/en/How-we-work/Notices/View-UN-Notices-Individuals"
QDi.029,individual,RAED MUHAMMAD HASAN MUHAMMAD HIJAZI,رائد محمد حسن محمد حجازي,Raed M. Hijazi; Ri’ad Muhammad Hasan Muhammad Hijazi,Rashid Al-Maghribi; Abu-Ahmad Al-Amriki; Abu-Ahmad Al-Hawen; Abu-Ahmad Al-Shahid,Al-Qaida,2001-10-17,Jordan; United States of America,Jordan; United States of America,1968-12-30,National Identification Number 548-91-5411; National Identification Number 9681029476,,2003-04-10; 2011-05-16; 2017-03-21; 2020-11-24,"In custody in Jordan since 26 Feb. 2015 for recruitment and support to Islamic State in Iraq and the Levant (ISIL), listed as Al-Qaida in Iraq (QDe.115). Father’s name is Mohammad Hijazi. Mother’s name is Sakina INTERPOL-UN Security Council Special Notice:https://www.interpol.int/en/How-we-work/Notices/View-UN-Notices-Individuals"
QDi.031,individual,OMAR MAHMOUD UTHMAN,عمر محمود عثمان,Al-Samman Uthman; Umar Uthman; Omar Mohammed Othman,Abu Qatada Al-Filistini; Abu Umr Takfiri; Abu Omar Abu Umar; Abu Umar Umar; Abu Ismail,Al-Qaida,2001-10-17,Jordan,Jordan,1960-12-30; 1960-12-13,,,2008-03-14; 2009-03-24; 2010-01-25; 2013-07-22; 2019-12-06; 2023-10-30,"Associated with Al-Qaida-related groups in the United Kingdom and other countries. Convicted in absentia in Jordan for involvement in terrorist acts in 1998. Arrested in Feb. 2001 in the United Kingdom, was further detained between Oct. 2002 and Mar. 2005 and between Aug. 2005 and Jun. 2008. In custody since Dec. 2008. Deported to Jordan from the United Kingdom on 7 July 2013 to face terrorism charges INTERPOL-UN Security Council Special Notice:https://www.interpol.int/en/How-we-work/Notices/View-UN-Notices-Individuals"
QDi.037,individual,ABDUL RAHMAN YASIN,عبد الرحمن ياسين,"Taha, Abdul Rahman S.; Taher, Abdul Rahman S.; Yasin, Abdul Rahman Said; Yasin, Aboud",,Al-Qaida,2001-10-17,United States of America,United States of America,1960-04-10,Passport 27082171; Passport MO887925 Iraq; National Identification Number,,2003-04-10; 2019-12-06; 2023-10-30,Abdul Rahman Yasin is in Iraq INTERPOL-UN Security Council Special Notice:https://www.interpol.int/en/How-we-work/Notices/View-UN-Notices-Individuals
QDi.042,individual,HASSAN DAHIR AWEYS,حسن ظاهرعويس,"Ali, Sheikh Hassan Dahir Aweys; Awes, Shaykh Hassan Dahir; Hassen Dahir Aweyes; Ahmed Dahir Aweys; Mohammed Hassan Ibrahim; Aweys Hassan Dahir; Hassan Tahir Oais; Hassan Tahir Uways; Hassan Dahir Awes",Sheikh Aweys; Sheikh Hassan; Sheikh Hassan Dahir Aweys,Al-Qaida,2001-11-09,Somalia,Somalia,1935,,,2007-12-21; 2010-05-11; 2011-05-16; 2013-03-18; 2019-12-06; 2023-10-30,"Family background: from the Hawiye's Habergidir, Ayr clan. Senior leader of Al-Itihaad Al-Islamiya (AIAI) (QDe.002) and Hizbul Islam in Somalia. Since 12 April 2010, also subject to the sanctions measures set out in Security Council resolution 1844 (2008) concerning Somalia and Eritrea (seehttps://www.un.org/sc/suborg/en/sanctions/751) INTERPOL-UN Security Council Special Notice:https://www.interpol.int/en/How-we-work/Notices/View-UN-Notices-Individuals"
QDi.055,individual,MAHMOOD SULTAN BASHIR-UD-DIN,,"Mahmood, Sultan Bashiruddin; Mehmood, Dr. Bashir Uddin; Mekmud, Sultan Baishiruddin",,Al-Qaida,2001-12-24,Pakistan,Afghanistan; Pakistan,1937; 1938; 1939; 1940; 1941; 1942; 1943; 1944; 1945,,,2019-05-01; 2022-11-08,INTERPOL-UN Security Council Special Notice:https://www.interpol.int/en/How-we-work/Notices/View-UN-Notices-Individuals
QDi.057,individual,IBRAHIM ALI ABU BAKR TANTOUSH,ابراهيم علي أبو بكر تنتوش,"Abd al-Muhsin; Ibrahim Ali Muhammad Abu Bakr; Abdul Rahman; Abu Anas; Ibrahim Abubaker Tantouche; Ibrahim Abubaker Tantoush; ‘Abd al-Muhsi; ‘Abd al-Rahman; Abdel Ilah Sabri (false identity related to fraudulent South African identification number 6910275240086 linked to South African passport number 434021161, both documents have been confiscated)",Al-Libi,Al-Qaida,2002-01-11,Libya,Afghanistan; Libya,1966-02-02,Passport 203037 Libya; Passport,,2006-07-31; 2006-10-04; 2011-05-16; 2015-07-10; 2020-11-24; 2025-08-22,"Associated with Afghan Support Committee (ASC) (QDe.069), Revival of Islamic Heritage Society (RIHS)(QDe.070) and the Libyan Islamic Fighting Group (LIFG) (QDe.011). Photograph and fingerprints available for inclusion in the INTERPOL-UNSC Special Notice INTERPOL-UN Security Council Special Notice:https://www.interpol.int/en/How-we-work/Notices/View-UN-Notices-Individuals"
QDi.058,individual,BOUBEKEUR BOULGHITI,,Boubakeur Boulghit,Abu Bakr al-Jaziri; Abou Bakr Al Djazairi; Abou Yasser El Djazairi; Yasir Al-Jazari; Abou Yasser Al-Jaziri,Al-Qaida,2002-01-11,Algeria; State of Palestine,Algeria; State of Palestine,1970-02-13,,,2007-07-18; 2008-02-01; 2011-05-16; 2017-06-20; 2019-05-01; 2022-11-08; 2023-02-02,Finance chief of the Afghan Support Committee (ASC) (QDe.069). Al-Qaida (QDe.004) facilitator and communication expert. Believed to be in Algeria as of Apr. 2010 and May 2022. Son of Mohamed and Fatma Aribi INTERPOL-UN Security Council Special Notice:https://www.interpol.int/en/How-we-work/Notices/View-UN-Notices-Individuals
QDi.059,individual,KHALID ABD AL-RAHMAN HAMD AL-FAWAZ,خالد عبد الرحمن حمد الفواز,Khaled Al-Fauwaz; Khaled A. Al-Fauwaz; Khalid Al-Fawwaz; Khalik Al Fawwaz; Khaled Al-Fawwaz; Khaled Al Fawwaz; Khalid Abdulrahman H. Al Fawaz; ABU-KHALIL,,Al-Qaida,2002-04-24,Saudi Arabia,Saudi Arabia; United States of America,1962-08-24,Passport 456682,,2004-11-26; 2007-04-23; 2010-10-21; 2014-08-04; 2019-12-06; 2023-10-30; 2023-12-14,Extradited from the United Kingdom to the United States of America on 5 Oct. 2012 INTERPOL-UN Security Council Special Notice:https://www.interpol.int/en/How-we-work/Notices/View-UN-Notices-Individuals
QDi.060,individual,MOHAMED BEN BELGACEM BEN ABDALLAH AL-AOUADI,محمد بن بلقاسم بن عبد الله العوادي,Mohamed Ben Belkacem Aouadi; Fathi Hannachi,,Al-Qaida,2002-04-24,Tunisia,Tunisia,1974-12-11,Passport; National Identification Number; National Identification Number,,2003-04-10; 2004-11-26; 2005-09-09; 2005-12-20; 2006-07-31; 2007-06-07; 2010-12-23; 2014-11-24; 2016-02-23; 2019-12-06; 2020-05-07; 2023-10-30,Head of security wing of Ansar al-Shari'a in Tunisia (AAS-T) (QDe.143). Mother's name is Ourida Bint Mohamed. Deported from Italy to Tunisia on 1 Dec. 2004. Arrested in Tunisia in Aug. 2013. Imprisoned in the civilian prison of Burj al-‘Amiri on 13 Sep. 2013 INTERPOL-UN Security Council Special Notice:https://www.interpol.int/en/How-we-work/Notices/View-UN-Notices-Individuals
QDi.062,individual,MOHAMED LAKHAL,محمد لكحل,Lased Ben Heni; Al-As'ad Ben Hani; Mohamed Ben Belgacem Awani; Mohamed Aouani,Mohamed Abu Abda; Abu Obeida,Al-Qaida,2002-04-24,Tunisia,Tunisia,1970-02-05,National Identification Number W374031 Tunisia,,2004-11-26; 2005-09-09; 2006-07-31; 2010-12-23; 2014-11-24; 2019-12-06; 2020-05-07; 2023-10-30,Professor of Chemistry. Deported from Italy to Tunisia on 27 Aug. 2006. Legally changed family name from Aouani to Lakhal in 2014 INTERPOL-UN Security Council Special Notice:https://www.interpol.int/en/How-we-work/Notices/View-UN-Notices-Individuals
QDi.064,individual,SAMI BEN KHAMIS BEN SALEH ELSSEID,سامي بن خميس بن صالح الصيد,Omar El Mouhajer,Saber,Al-Qaida,2002-04-24,Tunisia,Tunisia,1968-02-10,Passport K929139 Tunisia; National Identification Number 00319547; National Identification Number SSDSBN68B10Z352F,,2003-04-10; 2004-11-26; 2005-09-09; 2005-12-20; 2007-06-07; 2007-12-21; 2009-08-10; 2010-12-23; 2014-11-24; 2019-12-06; 2023-10-30,Mother’s name is Beya Al-Saidani. Deported from Italy to Tunisia on 2 Jun. 2008. Imprisoned in Tunisia in Aug. 2014 INTERPOL-UN Security Council Special Notice:https://www.interpol.int/en/How-we-work/Notices/View-UN-Notices-Individuals
QDi.065,individual,ABD EL KADER MAHMOUD MOHAMED EL SAYED,عبد القادر محمود محمد السيد,"Es Sayed, Kader; Abdel Khader Mahmoud Mohamed el Sayed",,Al-Qaida,2002-04-24,Egypt,Egypt,1962-12-26,,,2004-11-26; 2007-06-07; 2011-05-16; 2019-05-01; 2021-11-15; 2025-10-06; 2025-10-21,Italian Fiscal Code: SSYBLK62T26Z336L. Sentenced to 8 years imprisonment in Italy on 2 February 2004. Considered a fugitive from justice by the Italian authorities. Reportedly killed in 2012 INTERPOL-UN Security Council Special Notice:https://www.interpol.int/en/How-we-work/Notices/View-UN-Notices-Individuals
QDi.067,individual,MOSTAFA KAMEL MOSTAFA IBRAHIM,مصطفى كمال مصطفى ابراهيم,Mustafa Kamel Mustafa; Adam Ramsey Eaman; Kamel Mustapha Mustapha; Mustapha Kamel Mustapha; Mostafa Kamel Mostafa,Abu Hamza Al-Masri; Abu Hamza; Abu Hamza Al-Misri,Al-Qaida,2002-04-24,United Kingdom of Great Britain and Northern Ireland,United Kingdom of Great Britain and Northern Ireland; United States of America,1958-04-15,,,2004-11-26; 2006-07-25; 2008-03-14; 2010-10-21; 2014-08-04; 2019-12-06; 2020-03-18; 2023-10-30,Extradited from the United Kingdom to the United States of America on 5 Oct. 2012. Convicted on terrorism charges by a court in the United States of America in May 2014 INTERPOL-UN Security Council Special Notice:https://www.interpol.int/en/How-we-work/Notices/View-UN-Notices-Individuals
QDi.068,individual,ADEL BEN AL-AZHAR BEN YOUSSEF HAMDI,عادل بن الأزهر بن يوسف حمدي,Adel ben al- Azhar ben Youssef ben Soltane,Zakariya,Al-Qaida,2002-09-03,Tunisia,Tunisia,1970-07-14,Passport M408665 Tunisia; National Identification Number; National Identification Number BNSDLA70L14Z352B,,2005-12-20; 2007-06-07; 2010-12-23; 2014-11-24; 2019-12-06; 2023-10-30,Deported from Italy to Tunisia on 28 February 2004. Serving a 12-year prison sentence in Tunisia for membership in a terrorist organization abroad as at Jan. 2010. Arrested in Tunisia in 2013. Legally changed family name from Ben Soltane to Hamdi in 2014 INTERPOL-UN Security Council Special Notice:https://www.interpol.int/en/How-we-work/Notices/View-UN-Notices-Individuals
QDi.072,individual,MEHDI BEN MOHAMED BEN MOHAMED KAMMOUN,المهدي بن محمد بن محمد كمون,,Salmane,Al-Qaida,2002-09-03,Tunisia,Italy; Tunisia,1968-04-03,Passport M307707 Tunisia,,2005-12-20; 2007-06-07; 2010-12-23; 2019-12-06; 2023-10-30,Italian Fiscal Code: KMMMHD68D03Z352N. Deported from Italy to Tunisia on 22 July 2005. Serving an eight-year prison term in Tunisia for membership of a terrorist organization abroad as at Jan. 2010 INTERPOL-UN Security Council Special Notice:https://www.interpol.int/en/How-we-work/Notices/View-UN-Notices-Individuals
QDi.074,individual,TAREK BEN HABIB BEN AL-TOUMI AL-MAAROUFI,طارق بن الحبيب بن التومي المعروفي,Abu Ismail; Abou Ismail el Jendoubi; Abou Ismail Al Djoundoubi,,Al-Qaida,2002-09-03,Tunisia,Belgium; Tunisia,1965-11-23,Passport E590976 Tunisia,,2004-11-26; 2005-12-20; 2006-07-31; 2007-07-03; 2009-08-10; 2010-01-25; 2010-12-23; 2019-12-06; 2023-10-30,"Belgian nationality withdrawn on 26 Jan. 2009. In detention in Nivelles, Belgium, as of Oct. 2010 INTERPOL-UN Security Council Special Notice:https://www.interpol.int/en/How-we-work/Notices/View-UN-Notices-Individuals"
QDi.075,individual,ABDELHALIM HAFED ABDELFATTAH REMADNA,عبدالحليم حافظ عبدالفتاح رمادنا,Abdelhalim Remadna,Jalloul,Al-Qaida,2002-09-03,Algeria,Algeria,1966-04-02,,,2006-04-12; 2008-04-07; 2009-06-03; 2010-01-25; 2010-12-23; 2019-05-01; 2022-11-08,Deported from Italy to Algeria on 12 Aug. 2006 INTERPOL-UN Security Council Special Notice:https://www.interpol.int/en/How-we-work/Notices/View-UN-Notices-Individuals
QDi.076,individual,ISAM ALI MOHAMED ALOUCHE,عصام علي محمد علوش,Mansour Thaer,,Al-Qaida,2002-09-03,Jordan,Jordan,1972; 1974-03-21,,,2006-08-18; 2009-01-30; 2019-12-06; 2023-10-30,Was deported from Germany to Jordan in Feb. 2005 INTERPOL-UN Security Council Special Notice:https://www.interpol.int/en/How-we-work/Notices/View-UN-Notices-Individuals
QDi.080,individual,SAID BAHAJI,سعيد باهاجى,Zouheir Al Maghribi,Mohamed Abbattay; Abderrahmane Al Maghribi,Al-Qaida,2002-09-30,Germany; Morocco,Germany; Morocco,1975-07-15,Passport Provisional passport No.: 28642163 Germany; Passport 954242 Morocco; National Identification Number 1336597587 Germany,,2004-11-26; 2005-09-09; 2007-07-02; 2010-12-23; 2014-09-09; 2019-05-01; 2021-11-15,Deputy head of the media committee of Al-Qaida (QDe.004) as at Apr. 2010. German authorities issued an arrest warrant for him on 21 Sep. 2001. Reportedly deceased in September 2013 in the Afghanistan/Pakistan border area INTERPOL-UN Security Council Special Notice:https://www.interpol.int/en/How-we-work/Notices/View-UN-Notices-Individuals
QDi.081,individual,RAMZI MOHAMED ABDULLAH BINALSHIBH,رمزي محمد عبد الله بن الشيبة,"Binalsheidah, Ramzi Mohamed Abdullah; Bin Al Shibh, Ramzi; Omar, Ramzi Mohamed Abdellah; Mohamed Ali Abdullah Bawazir; Binalshibh Ramzi Mohammed Abdullah; Ramzi Binalshib; Ramzi Mohamed Abdellah Omar Hassan Alassiri; Binalshibh Ramsi Mohamed Abdullah; Abu Ubaydah; 'Umar Muhammad 'Abdallah Ba' Amar",Ramzi Omar,Al-Qaida,2002-09-30,Yemen,Yemen,1972-05-01; 1973-09-16,Passport 00085243,,2004-11-26; 2006-07-25; 2007-07-02; 2007-07-27; 2010-12-23; 2019-12-06,"Arrested in Karachi, Pakistan, 30 Sep. 2002. In custody of the United States of America, as of May 2010 INTERPOL-UN Security Council Special Notice:https://www.interpol.int/en/How-we-work/Notices/View-UN-Notices-Individuals"
QDi.082,individual,MOUNIR EL MOTASSADEQ,منير المتصدق,Mounir el Moutassadeq,,Al-Qaida,2002-09-30,Morocco,Morocco,1974-04-03,Passport H 236483 Morocco; National Identification Number E-491591 Morocco,,2004-11-26; 2007-09-07; 2010-12-23; 2019-12-06,Arrested on 28 Nov. 2001 and found guilty in Germany of being an accessory to murder and of membership in a terrorist organization and sentenced to 15 years of imprisonment on 8 Jan. 2007. Father's name is Brahim Brik. Mother's name is Habiba Abbes INTERPOL-UN Security Council Special Notice:https://www.interpol.int/en/How-we-work/Notices/View-UN-Notices-Individuals
QDi.083,individual,ZAKARYA ESSABAR,زكريا الصبار,Zakariya Essabar,,Al-Qaida,2002-09-30,Morocco,Morocco,1977-04-03,Passport M 271351 Morocco; Passport K-348486 Morocco; National Identification Number E-189935 Morocco; National Identification Number G-0343089 Morocco,,2004-11-26; 2011-06-10; 2021-11-15,Father's name is Mohamed ben Ahmed. Mother's name is Sfia bent Toubali INTERPOL-UN Security Council Special Notice:https://www.interpol.int/en/How-we-work/Notices/View-UN-Notices-Individuals
QDi.086,individual,MOHAMAD IQBAL ABDURRAHMAN,,"Rahman, Mohamad Iqbal; A Rahman, Mohamad Iqbal; Abu Jibril Abdurrahman; Fikiruddin Muqti; Fihiruddin Muqti; Abdul Rahman, Mohamad Iqbal",,Al-Qaida,2003-01-28,Indonesia,Indonesia,1957-08-17,National Identification Number 3603251708570001,,2004-11-26; 2011-05-16; 2011-06-10; 2019-12-06; 2023-10-30,INTERPOL-UN Security Council Special Notice:https://www.interpol.int/en/How-we-work/Notices/View-UN-Notices-Individuals
QDi.087,individual,NURJAMAN RIDUAN ISAMUDDIN,,"Hambali; Nurjaman; Isomuddin, Nurjaman Riduan; Hambali Bin Ending; ENCEP NURJAMAN; Hambali Ending Hambali; Isamuddin Riduan; Isamudin Ridwan",,Al-Qaida,2003-01-28,Indonesia; Malaysia,Indonesia; Malaysia,1964-04-04; 1966,,,2007-07-02; 2007-07-27; 2011-05-16; 2019-12-06; 2022-11-08; 2026-08-18,"Senior leader of Jemaah Islamiyah (QDe.092). Brother of Gun Gun Rusman Gunawan (QDi.218). In custody of the United States of America, as of July 2007 INTERPOL-UN Security Council Special Notice:https://www.interpol.int/en/How-we-work/Notices/View-UN-Notices-Individuals"
QDi.092,individual,MEHREZ BEN MAHMOUD BEN SASSI AL-AMDOUNI,محرز بن محمود بن ساسي العمدوني,Fabio Fusco; Fabio Fusco; Fabio Fusco; Mohamed Hassan; Meherez Hamdouni; Amdouni Mehrez ben Tah; Meherez ben Ahdoud ben Amdouni,Abu Thale,Al-Qaida,2003-06-25,Tunisia,Italy; Tunisia,1969-12-18,Passport G737411 Tunisia,,2004-11-26; 2005-12-20; 2007-10-17; 2008-09-16; 2009-03-24; 2010-07-12; 2011-05-16; 2019-12-06; 2023-10-30,Father’s name is Mahmoud ben Sasi. Mother’s name is Maryam bint al-Tijani. Inadmissible to the Schengen area INTERPOL-UN Security Council Special Notice:https://www.interpol.int/en/How-we-work/Notices/View-UN-Notices-Individuals
QDi.096,individual,MOUSSA BEN OMAR BEN ALI ESSAADI,موسى بن عمر بن علي السعدي,,Dah Dah; Abdelrahmman; Bechir,Al-Qaida,2003-06-25,Tunisia,Tunisia,1964-12-04,Passport L335915 Tunisia,,2005-12-20; 2007-10-17; 2009-08-10; 2011-05-16; 2012-07-20; 2019-12-06; 2020-09-10; 2023-10-30,Considered by Italian authorities as a wanted fugitive (in Oct 2019). Left Sudan for Tunisia in 2011 INTERPOL-UN Security Council Special Notice:https://www.interpol.int/en/How-we-work/Notices/View-UN-Notices-Individuals
QDi.111,individual,AGUS DWIKARNA,,,,Al-Qaida,2003-09-09,Indonesia,Indonesia,1964-08-11,Passport Indonesia travel document number XD253038,,2004-11-26; 2014-05-14; 2019-12-06; 2023-10-30,"Arrested 13 Mar. 2002, sentenced 12 July 2002 in the Philippines. Released from custody in the Philippines on 1 Jan. 2014 and subsequently deported to Indonesia. Physical description: height 165 cm. Photo available for inclusion in the INTERPOL-UN Security Council Special Notice INTERPOL-UN Security Council Special Notice:https://www.interpol.int/en/How-we-work/Notices/View-UN-Notices-Individuals"
QDi.114,individual,SALIM Y SALAMUDDIN JULKIPLI,,Kipli Sali; Julkipli Salim,,Al-Qaida,2003-09-09,Philippines,Philippines,1967-06-20,,,2009-02-23; 2011-12-13; 2019-12-06; 2022-11-08; 2026-08-18,A member of the Abu Sayyaf Group (QDe.001). In detention in the Philippines as at May 2011 INTERPOL-UN Security Council Special Notice:https://www.interpol.int/en/How-we-work/Notices/View-UN-Notices-Individuals
QDi.119,individual,ARIS MUNANDAR,,,,Al-Qaida,2003-09-09,Indonesia,Indonesia,1971-01-01,,,2005-09-09; 2006-10-04; 2014-12-12; 2019-05-01; 2022-11-08; 2023-02-02,INTERPOL-UN Security Council Special Notice:https://www.interpol.int/en/How-we-work/Notices/View-UN-Notices-Individuals
QDi.120,individual,ABDUL HAKIM MURAD,عبد الحكيم مراد,"Murad, Abdul Hakim Hasim; Murad, Abdul Hakim Ali Hashim; Murad, Abdul Hakim al Hashim; Saeed Akman; Saeed Ahmed; Abdul Hakim Ali al-Hashem Murad",,Al-Qaida,2003-09-09,Pakistan,Pakistan,1968-04-11,Passport 665334 Pakistan; Passport 917739 Pakistan,,2011-05-16; 2019-12-06; 2023-10-30,Mother's name is Aminah Ahmad Sher al-Baloushi. In custody of the United States INTERPOL-UN Security Council Special Notice:https://www.interpol.int/en/How-we-work/Notices/View-UN-Notices-Individuals
QDi.122,individual,PARLINDUNGAN SIREGAR,,"Siregar, Parlin; Siregar, Saleh Parlindungan",,Al-Qaida,2003-09-09,Indonesia,Indonesia,1957-04-25; 1967-04-25,,,2019-12-06; 2022-11-08,INTERPOL-UN Security Council Special Notice:https://www.interpol.int/en/How-we-work/Notices/View-UN-Notices-Individuals
QDi.123,individual,YASSIN SYAWAL,,Salim Yasin; Yasin Mahmud Mochtar; Abdul Hadi Yasin; Muhamad Mubarok; Muhammad Syawal; Yassin Sywal,Abu Seta; Mahmud; Abu Muamar; Mubarok,Al-Qaida,2003-09-09,Indonesia,Indonesia,1962-09-03,,,2014-12-12; 2019-03-29; 2019-05-01; 2022-11-08,At large as at Dec. 2003 INTERPOL-UN Security Council Special Notice:https://www.interpol.int/en/How-we-work/Notices/View-UN-Notices-Individuals
QDi.124,individual,YAZID SUFAAT,,,Joe; Abu Zufar,Al-Qaida,2003-09-09,Malaysia,Malaysia,1964-01-20,Passport A 10472263; National Identification Number 640120-01-5529,,2004-05-03; 2008-02-01; 2009-08-10; 2010-01-25; 2011-05-16; 2016-10-11; 2017-09-22; 2019-05-01; 2022-11-08; 2023-07-21,"Founding member of Jemaah Islamiyah (JI) (QDe.092) who worked on Al-Qaida’s (QDe.004) biological weapons program, provided support to those involved in Al-Qaida’s 11 Sep. 2001 attacks in the United States of America, and was involved in JI bombing operations. Detained in Malaysia from 2001 to 2008. Arrested in Malaysia in 2013 and sentenced to 7 years in Jan. 2016 for failing to report information relating to terrorist acts. Completed detention on 20 November 2019. Served a two-year restricted residence order in Selangor Malaysia until 21 November 2021.. Photos included in INTERPOL-UN Security Council Special Notice:https://www.interpol.int/en/How-we-work/Notices/View-UN-Notices-Individuals"
QDi.126,individual,YUNOS UMPARA MOKLIS,,Muklis Yunos; Mukhlis Yunos; Saifullah Mukhlis Yunos; Saifulla Moklis Yunos,Hadji Onos,Al-Qaida,2003-09-09,Philippines,Philippines,1966-07-07,,,2005-09-09; 2009-02-23; 2009-06-03; 2011-05-16; 2017-09-22; 2020-11-24,"Sentenced to life without parole in the Philippines on 23 Jan. 2009 for his involvement in the bombings of 30 Dec. 2000 in Manila, the Philippines.. Photos included in INTERPOL-UN Security Council Special Notice:https://www.interpol.int/en/How-we-work/Notices/View-UN-Notices-Individuals"
QDi.129,individual,DJAMEL MOUSTFA,جمال مصطفى,Kalad Belkasam; Mostafa Djamel; Mostefa Djamel; Mustafa Djamel; Balkasam Kalad; Bekasam Kalad; Belkasam Kalad; Damel Mostafa; Djamal Mostafa; Djamal Mostafa; Djamel Mostafa; Djamel Mostafa; Fjamel Moustfa; Djamel Mustafa; Ali Barkani; Djamel Mustafa,Mustafa,Al-Qaida,2003-09-23,Algeria,Algeria,1973-09-28,National Identification Number Counterfeit Danish driving licence number 20645897; National Identification Number Algeria,,2007-09-07; 2008-04-07; 2010-01-25; 2011-05-16; 2019-05-01; 2022-11-08,Father's name is Djelalli Moustfa. Mother's name is Kadeja Mansore. Deported from Germany to Algeria in Sep. 2007 INTERPOL-UN Security Council Special Notice:https://www.interpol.int/en/How-we-work/Notices/View-UN-Notices-Individuals
QDi.135,individual,DAWOOD IBRAHIM KASKAR,,Dawood Ebrahim; Sheikh Dawood Hassan; Abdul Hamid Abdul Aziz; Anis Ibrahim; Aziz Dilip; Daud Hasan Shaikh Ibrahim Kaskar; Daud Ibrahim Memon Kaskar; Dawood Hasan Ibrahim Kaskar; Dawood Ibrahim Memon; Dawood Sabri; Kaskar Dawood Hasan; Shaikh Mohd Ismail Abdul Rehman; Dowood Hassan Shaikh Ibrahim; Dawood Bhai,Ibrahim Shaikh Mohd Anis; Shaikh Ismail Abdul; Hizrat; Sheikh Farooqi; Bada Seth; Bada Bhai; Iqbal Bhai; Mucchad; Haji Sahab,Al-Qaida,2003-11-03,India,India; Pakistan,1955-12-26,Passport A-333602 India; Passport M110522 India; Passport R841697 India; Passport F823692 India; Passport A501801 India; Passport K560098 India; Passport V57865; Passport P537849 India; Passport A717288; Passport G866537 Pakistan; Passport C-267185; Passport H-123259; Passport G-869537; Passport KC-285901,,2006-03-21; 2006-07-25; 2007-07-02; 2010-03-11; 2016-08-22; 2020-11-24,"Father’s name is Sheikh Ibrahim Ali Kaskar, mother’s name is Amina Bi, wife’s name is Mehjabeen Shaikh. International arrest warrant issued by the Government of India INTERPOL-UN Security Council Special Notice:https://www.interpol.int/en/How-we-work/Notices/View-UN-Notices-Individuals"
QDi.136,individual,MOKHTAR BELMOKHTAR,مختار بلمختار,Abou Abbes Khaled; Belaouar Khaled Abou El Abass; Belaouer Khaled Abou El Abass; Belmokhtar Khaled Abou El Abes; Khaled Abou El Abass; Khaled Abou El Abbes; Khaled Abou El Abes; Khaled Abulabbas Na Oor; Mukhtar Belmukhtar,Belaoua; Belaour,Al-Qaida,2003-11-11,Algeria,Algeria,1972-06-01,,,2006-04-12; 2007-07-02; 2008-04-07; 2010-01-25; 2011-05-16; 2014-09-09; 2019-05-01; 2022-11-08; 2023-02-02,"Reportedly deceased in November 2016. Father's name is Mohamed. Mother's name is Zohra Chemkha. Member of the Council of the Organization of Al-Qaida in the Islamic Maghreb (QDe.014) (AQIM). Head of Al Mouakaoune Biddam (QDe.139), Al Moulathamoun (QDe.140) and Al Mourabitoun (QDe.141) INTERPOL-UN Security Council Special Notice:https://www.interpol.int/en/How-we-work/Notices/View-UN-Notices-Individuals"
QDi.139,individual,IMED BEN MEKKI ZARKAOUI,عماد بن مكي زرقاوي,Dour Nadre; Dour Nadre; Daour Nadre; Imad ben al-Mekki ben al-Akhdar al-Zarkaoui,Zarga; Nadra,Al-Qaida,2003-11-12,Tunisia,France; Tunisia,1973-01-15,Passport M174950 Tunisia,,2005-12-20; 2006-07-31; 2009-08-10; 2011-05-16; 2019-12-06; 2020-09-10; 2023-10-30,Mother’s name is Zina al-Zarkaoui. Sentenced to seven years and one month of imprisonment by the Court of Appeals of Milan in Italy. Released on 31 Mar. 2014 on early release INTERPOL-UN Security Council Special Notice:https://www.interpol.int/en/How-we-work/Notices/View-UN-Notices-Individuals
QDi.140,individual,KAMAL BEN MAOELDI BEN HASSAN AL-HAMRAOUI,كمال بن المولدي بن حسن الحمراوي,Hamroui Kamel ben Mouldi; Hamraoui Kamel; Hamraoui Kamel; Hamraoui Kamel,Kamel; Kimo,Al-Qaida,2003-11-12,Tunisia,Italy; Tunisia,1977-10-21,Passport P229856 Tunisia,,2005-12-20; 2006-07-31; 2007-12-21; 2011-05-16; 2019-12-06; 2020-09-10; 2023-10-30,"Mother’s name is Khamisah al-Kathiri. Subject to a decree of expulsion, suspended on 17 Apr. 2007 by the European Court of Human Rights. Re-arrested in Italy on 20 May 2008. Deported from Italy to Tunisia on 6 May 2015. Inadmissible to the Schengen area INTERPOL-UN Security Council Special Notice:https://www.interpol.int/en/How-we-work/Notices/View-UN-Notices-Individuals"
QDi.141,individual,MAXAMED CABDULLAAH CIISE,,Maxamed Cabdullaahi Ciise; Maxammed Cabdullaahi; Cabdullah Mayamed Ciise,,Al-Qaida,2003-11-12,Somalia,Somalia,1974-10-08,,,2005-09-09; 2009-01-30; 2009-04-20; 2010-10-21; 2015-08-17; 2020-11-24,Present in Somalia as of Apr. 2009 following transfer from United Kingdom INTERPOL-UN Security Council Special Notice:https://www.interpol.int/en/How-we-work/Notices/View-UN-Notices-Individuals
QDi.142,individual,RADI ABD EL SAMIE ABOU EL YAZID EL AYASHI,راضي عبد السميع أبواليزيد العياشي,,Mera’i,Al-Qaida,2003-11-12,Egypt,Egypt; Italy,1972-01-02,,,2005-09-09; 2007-12-21; 2011-05-16; 2017-03-29; 2019-05-01; 2022-11-08,Sentenced to ten years of imprisonment by the Court of first instance of Milan on 21 Sep. 2006. In custody in Italy. Due for release on 6 Jan. 2012. Subject to expulsion from Italy after serving the sentence INTERPOL-UN Security Council Special Notice:https://www.interpol.int/en/How-we-work/Notices/View-UN-Notices-Individuals
QDi.143,individual,HAMADI BEN ABDUL AZIZ BEN ALI BOUYEHIA,حمادي بن عبد العزيز بن علي بويحي,Gamel Mohamed; Abd el Wanis Abd Gawwad Abd el Latif Bahaa; Mahmoud Hamid,,Al-Qaida,2003-11-12,Tunisia,Italy; Tunisia,1966-05-29,Passport,,2005-12-20; 2006-07-31; 2009-01-30; 2011-05-16; 2019-12-06; 2020-09-10; 2023-10-30,In prison in Italy until 6 February 2026 INTERPOL-UN Security Council Special Notice:https://www.interpol.int/en/How-we-work/Notices/View-UN-Notices-Individuals
QDi.144,individual,MOHAMMAD TAHIR HAMMID HUSSEIN,محمد طاهر حامد حسين,Abdelhamid Al Kurdi,,Al-Qaida,2003-11-12,Iraq,Iraq,1975-11-01,,,2005-09-09; 2007-12-21; 2011-05-16; 2015-12-10; 2019-03-29; 2019-05-01; 2022-11-08,Mother's name: Attia Mohiuddin Taha. A deportation order was issued by the Italian authorities on 18 Oct. 2004. Considered a fugitive from justice by the Italian authorities as of Sep. 2007 INTERPOL-UN Security Council Special Notice:https://www.interpol.int/en/How-we-work/Notices/View-UN-Notices-Individuals
QDi.147,individual,MOHAMED AMIN MOSTAFA,محمد أمين مصطفى,,,Al-Qaida,2003-11-12,Iraq,Iraq; Italy,1975-10-11,,,2005-09-09; 2007-06-07; 2011-05-16; 2016-10-25; 2019-05-01; 2022-11-08; 2023-11-14,Under administrative control measure in Italy which expired on 15 Jan. 2012 INTERPOL-UN Security Council Special Notice:https://www.interpol.int/en/How-we-work/Notices/View-UN-Notices-Individuals
QDi.149,individual,NOUREDDINE BEN ALI BEN BELKASSEM AL-DRISSI,نور الدين بن علي بن بلقاسم الدريسي,Drissi Noureddine,Abou Ali; Faycal,Al-Qaida,2003-11-12,Tunisia,Italy; Tunisia,1964-04-30,Passport L851940 Tunisia,,2005-12-20; 2006-07-31; 2007-12-21; 2011-05-16; 2019-12-06; 2020-09-10; 2023-10-30,Sentenced to six years of imprisonment for international terrorism in 2008. Deported from Italy to Tunisia on 10 Feb. 2013. Inadmissible to the Schengen area. Mother’s name is Khadijah al-Drissi INTERPOL-UN Security Council Special Notice:https://www.interpol.int/en/How-we-work/Notices/View-UN-Notices-Individuals
QDi.150,individual,AL-AZHAR BEN KHALIFA BEN AHMED ROUINE,الأزهر بن خليفة بن احمد روين,,Salmane; Lazhar,Al-Qaida,2003-11-12,Tunisia,Tunisia,1975-11-20,Passport P182583 Tunisia,,2005-12-20; 2007-12-21; 2009-01-30; 2011-05-16; 2016-02-23; 2020-11-24; 2025-08-22,"Sentenced to six years and ten months of imprisonment for membership of a terrorist association by the Appeal Court of Milan, Italy, on 7 Feb. 2008. Imprisoned in Sfax Prison on 5 June 2007 pursuant to an order issued by the Appeals Tribunal in Tunisia for joining an organization linked to terrorist crimes (case No.9301/207). Sentenced to two years and 15 days’ imprisonment and released on 18 June 2008. Considered a fugitive from justice by the Italian authorities as at Jul. 2008. On 20 January 2009, Italian authorities issued a detention order (No. 70/2009 S.I.E.P), following a 3 years 4 months and 29 days sentence for terrorism-related crimes. Under administrative control measure in Tunisia as at 2010 INTERPOL-UN Security Council Special Notice:https://www.interpol.int/en/How-we-work/Notices/View-UN-Notices-Individuals"
QDi.152,individual,SAIFI AMMARI,سيفي عماري,EL PARA (COMBAT NAME); ABDERREZAK LE PARA; ABOU HAIDARA; EL OURASSI; ABDERREZAK ZAIMECHE; ABDUL RASAK AMMANE ABU HAIDRA; ABDALARAK,,Al-Qaida,2003-12-04,Algeria,Algeria,1968-01-01; 1968-04-24,,,2008-04-07; 2011-05-16; 2019-12-06; 2023-10-30; 2023-12-14,In detention in Algeria since Oct. 2004. Incarcerated in Algeria since 7 March 2011. Former member of the GSPC listed as The Organization of Al-Qaida in the Islamic Maghreb (QDe.014). Father’s name: Abdellah. Mother’s name: Draham Belanchi. Photograph and fingerprints available for inclusion in INTERPOL-UNSC Special Notice INTERPOL-UN Security Council Special Notice:https://www.interpol.int/en/How-we-work/Notices/View-UN-Notices-Individuals
QDi.154,individual,SULAIMAN JASSEM SULAIMAN ALI ABO GHAITH,سليمان جاسم سليمان علي أبوغيث,,Abo Ghaith,Al-Qaida,2004-01-16,Kuwait,Kuwait,1965-12-14,Passport 849594 Kuwait,,2008-07-23; 2011-06-10; 2020-11-24; 2025-08-22,"Left Kuwait for Pakistan in June 2001. His Kuwaiti citizenship has been revoked since 2001, and he is currently incarcerated in the United States of America INTERPOL-UN Security Council Special Notice:https://www.interpol.int/en/How-we-work/Notices/View-UN-Notices-Individuals"
QDi.155,individual,DJAMEL LOUNICI,جمال لونيسي,Jamal Lounici,,Al-Qaida,2004-01-16,Algeria,Algeria,1962-02-01,,,2008-04-07; 2008-12-02; 2009-01-30; 2011-05-16; 2018-02-14; 2018-05-29; 2020-11-24,Father's name is Abdelkader. Mother's name is Djohra Birouch. Returned from France to Algeria where he resides since Sep. 2008 INTERPOL-UN Security Council Special Notice:https://www.interpol.int/en/How-we-work/Notices/View-UN-Notices-Individuals
QDi.156,individual,ABD-AL-MAJID AZIZ AL-ZINDANI,عبد المجيد عزيز الزنداني,Abdelmajid Al-Zindani; Shaykh 'Abd Al-Majid Al-Zindani; Sheikh Abd Al-Meguid Al-Zandani,,Al-Qaida,2004-02-27,Yemen,Yemen,1950,Passport A005487 Yemen,,2006-07-25; 2011-06-10; 2019-05-01; 2022-11-08,INTERPOL-UN Security Council Special Notice:https://www.interpol.int/en/How-we-work/Notices/View-UN-Notices-Individuals
QDi.167,individual,KAMEL DJERMANE,كمال جرمان,Bilal; Adel; Fodhil; Abou Abdeljalil,,Al-Qaida,2004-05-03,Algeria,Algeria,1965-10-12,,,2008-04-07; 2011-12-13; 2019-12-06; 2023-10-30; 2023-12-14,"In detention in Algeria as of November 2023. Sentenced to 18 years imprisonment for conducting terrorist activities by the Algiers Criminal Court on 25 January 2023. Arrest warrant issued by the German authorities on 9 Oct. 2003 and 18 July 2018 respectively for involvement in kidnapping, robbery and extortion. Former member of the Katibat Tarek Ibn Ziad of The Organization of Al Qaida in the Islamic Maghreb (QDe.014). Father’s name: Sliman. Mother’s name Oum Hani Djermane INTERPOL-UN Security Council Special Notice:https://www.interpol.int/en/How-we-work/Notices/View-UN-Notices-Individuals"
QDi.177,individual,HABIB BEN AHMED AL-LOUBIRI,حبيب بن احمد اللوبيري,Al-Habib ben Ahmad ben al-Tayib al-Lubiri,,Al-Qaida,2004-06-23,Tunisia,Afghanistan; Tunisia,1961-11-17,Passport M788439 Tunisia; National Identification Number 01817002,,2005-12-20; 2007-10-17; 2009-08-10; 2011-12-13; 2016-02-23; 2019-12-06; 2023-10-30; 2023-12-19,Italian Fiscal Code: LBR HBB 61S17 Z352F. In detention in Tunisia as of Dec. 2009. Reportedly fled to Afghanistan in June 2014. Mother’s name is Fatima al-Galasi INTERPOL-UN Security Council Special Notice:https://www.interpol.int/en/How-we-work/Notices/View-UN-Notices-Individuals
QDi.184,individual,MUHSIN FADHIL AYED ASHOUR AL-FADHLI,محسن فاضل عايد عاشور الفضلي,Muhsin Fadhil ‘Ayyid al Fadhli; Muhsin Fadil Ayid Ashur al Fadhli; Abu Majid Samiyah; Abu Samia,,Al-Qaida,2005-02-17,Kuwait,Kuwait,1981-04-24,Passport 106261543 Kuwait; Passport 1420529 Kuwait,,2008-07-23; 2015-12-10; 2020-11-24; 2025-03-11,Wanted by the Kuwaiti Security Authorities. Wanted by the Saudi security forces. Fugitive as of Jul. 2008. Reportedly killed in a counterterrorism operation in 2015 in Syria.. Photo available for inclusion in the INTERPOL-UN Security Council Special Notice INTERPOL-UN Security Council Special Notice:https://www.interpol.int/en/How-we-work/Notices/View-UN-Notices-Individuals
QDi.186,individual,ABU RUSDAN,,,Abu Thoriq; Rusdjan; Rusjan; Rusydan; Thoriquddin; Thoriquiddin; Thoriquidin; Toriquddin,Al-Qaida,2005-05-16,,,1960-08-16,National Identification Number 1608600001 Indonesia,,2014-12-12; 2019-05-01; 2022-11-08; 2023-02-02,"Arrested in Indonesia in 2021. Was the acting Jemaah Islamiyah (JI, QDe.092) emir before his arrest, and remains a senior figure of JI INTERPOL-UN Security Council Special Notice:https://www.interpol.int/en/How-we-work/Notices/View-UN-Notices-Individuals"
QDi.187,individual,ARIS SUMARSONO,,Zulkarnan; Zulkarnain; Zulkarnin; Arif Sunarso; Zulkarnaen; Aris Sunarso; Ustad Daud Zulkarnaen,Murshid; Daud; Pak Ud; Mbah Zul; Zainal Arifin; Zul; Abdullah Abdurrahman; Abdul; Abdurrahman,Al-Qaida,2005-05-16,Indonesia,Indonesia,1963-04-19,,,2019-04-17; 2021-11-15; 2022-05-27; 2025-10-06,He was sentenced to 15 years in prison in Indonesia in January 2022 INTERPOL-UN Security Council Special Notice:https://www.interpol.int/en/How-we-work/Notices/View-UN-Notices-Individuals
QDi.188,individual,FAYCAL BOUGHANEMI,فيصل بوغانمي,Faical Boughanmi; Faysal al-Bughanimi,,Al-Qaida,2005-07-29,Tunisia,Italy; Tunisia,1966-10-28,,,2007-06-07; 2009-08-10; 2009-09-01; 2011-12-13; 2019-05-01; 2022-11-08,Italian Fiscal code: BGHFCL66R28Z352G. Sentenced to 7 years imprisonment in Italy on 29 Jun. 2007 by the Brescia Second Appeals Court. In detention in Italy as at Jun. 2009 INTERPOL-UN Security Council Special Notice:https://www.interpol.int/en/How-we-work/Notices/View-UN-Notices-Individuals
QDi.190,individual,ABDELKADER LAAGOUB,عبد القادر لاغوب,,Rachid,Al-Qaida,2005-07-29,Morocco,Italy; Morocco,1966-04-23,Passport D-379312 Morocco; National Identification Number,,2007-12-21; 2011-12-13; 2019-12-06; 2023-10-30,Italian Fiscal code: LGBBLK66D23Z330U. Father’s name is Mamoune Mohamed. Mother’s name is Fatna Ahmed INTERPOL-UN Security Council Special Notice:https://www.interpol.int/en/How-we-work/Notices/View-UN-Notices-Individuals
QDi.192,individual,ABD ALLAH MOHAMED RAGAB ABDEL RAHMAN,عبد الله محمد رجب عبد الرحمن,Abu Al-Khayr; Ahmad Hasan; Abu Jihad,,Al-Qaida,2005-09-29,Egypt,Egypt,1957-11-03,,,2011-12-13; 2019-05-01; 2021-11-15; 2025-03-11,Member of Egyptian Islamic Jihad (QDe.003). Reportedly killed in Syria in February 2017 INTERPOL-UN Security Council Special Notice:https://www.interpol.int/en/How-we-work/Notices/View-UN-Notices-Individuals
QDi.193,individual,ZAKI EZAT ZAKI AHMED,زكي عزت زكي احمد,Rif'at Salim; Abu Usama,,Al-Qaida,2005-09-29,Egypt,Egypt; Syrian Arab Republic,1960-04-21,,,2011-12-13; 2019-05-01; 2021-11-15; 2025-03-11,Father’s name is Ahmed Ezat Zaki. Member of Egyptian Islamic Jihad (QDe.003) INTERPOL-UN Security Council Special Notice:https://www.interpol.int/en/How-we-work/Notices/View-UN-Notices-Individuals
QDi.196,individual,ALI SAYYID MUHAMED MUSTAFA BAKRI,على السيد محمد مصطفى بكري,Ali Salim; Abd Al-Aziz al-Masri,,Al-Qaida,2005-09-29,Egypt,Egypt,1966-04-18,,,2011-12-13; 2019-12-06; 2022-11-08,Member of the Shura Council of Al-Qaida (QDe.004) and Egyptian Islamic Jihad (QDe.003) INTERPOL-UN Security Council Special Notice:https://www.interpol.int/en/How-we-work/Notices/View-UN-Notices-Individuals
QDi.198,individual,HANI AL-SAYYID AL-SEBAI YUSIF,هاني السيد السباعي يوسف,Hani Yousef Al-Sebai; Hani Youssef; Hany Youseff; Hani Yusef; Hani al-Sayyid Al-Sabai; Hani al-Sayyid El Sebai; Hani al-Sayyid Al Siba'i; Hani al-Sayyid El Sabaay; El-Sababt; Abu Tusnin; Abu Akram; Hani El Sayyed Elsebai Yusef; Abu Karim; Hany Elsayed Youssef,,Al-Qaida,2005-09-29,Egypt,Egypt; United Kingdom of Great Britain and Northern Ireland,1961-03-01; 1960-06-16,,,2005-10-06; 2006-08-18; 2012-01-25; 2019-12-06; 2023-10-30,Father's name is Mohamed Elsayed Elsebai INTERPOL-UN Security Council Special Notice:https://www.interpol.int/en/How-we-work/Notices/View-UN-Notices-Individuals
QDi.203,individual,FARHAD KANABI AHMAD,فرهاد كنابي أحمد,Kaua Omar Achmed; Kawa Hamawandi; Kawa Omar Ahmed,,Al-Qaida,2005-12-06,Iraq,Iraq,1971-07-01,Passport German travel document (“Reiseausweis”) A 0139243,,2006-07-31; 2010-01-25; 2011-12-13; 2012-11-15; 2015-12-10; 2019-05-01; 2022-11-08,Mother’s name: Farida Hussein Khadir. Released from custody in Germany on 10 Dec. 2010 and relocated to Iraq on 6 Dec. 2011 INTERPOL-UN Security Council Special Notice:https://www.interpol.int/en/How-we-work/Notices/View-UN-Notices-Individuals
QDi.204,individual,ISNILON TOTONI HAPILON,,Isnilon Hapilun; Isnilun Hapilun; Tuan Isnilon,Abu Musab; Salahudin,Al-Qaida,2005-12-06,Philippines,Philippines,1966-03-18; 1967-03-10,,,2017-10-04; 2019-12-06; 2022-11-08; 2023-02-02; 2026-08-18,"Senior leader of Abu Sayyaf Group (ASG) (QDe.001). Leader of local affiliates of the Islamic State in Iraq and the Levant (ISIL), listed as Al-Qaida in Iraq (AQI) (QDe.115), in the southern Philippines as of May 2017. Killed in Marawi City, Philippines on 15 October 2017. Physical description: eye colour: brown; hair colour: brown; height: 5 feet 6 inches – 168 cm; weight: 120 pounds – 54 kg; build: slim; complexion: light-skinned; has facial birthmarks. Wanted by the Philippines authorities for terrorist offences and by authorities of the United States of America for involvement in terrorist acts. Photos included in INTERPOL-UN Security Council Special Notice. INTERPOL-UN Security Council Special Notice:https://www.interpol.int/en/How-we-work/Notices/View-UN-Notices-Individuals"
QDi.208,individual,RADULAN SAHIRON,,Radullan Sahiron; Radulan Sahirun; Radulan Sajirun,Commander Putol,Al-Qaida,2005-12-06,Philippines,Philippines,1955,,,2017-09-22; 2020-11-24,Physical description: eye colour: black; hair colour: gray; height: 5 feet 6 inches – 168 cm; weight: 140 pounds – 64 kg; build: slight; right arm is amputated above his elbow. Wanted by the Philippines authorities for terrorist offences and by authorities of the United States of America for involvement in the kidnapping of its national. Photos included in INTERPOL-UN Security Council Special Notice:https://www.interpol.int/en/How-we-work/Notices/View-UN-Notices-Individuals
QDi.216,individual,ABDULLAH ANSHORI,,"Abu Fatih; Thoyib, Ibnu; Toyib, Ibnu; Abu Fathi",,Al-Qaida,2006-04-21,Indonesia,Indonesia,1958,Passport T710219 Indonesia,,2019-12-06; 2022-11-08; 2023-02-02,Senior leader of Jemaah Islamiyah (QDe.092) INTERPOL-UN Security Council Special Notice:https://www.interpol.int/en/How-we-work/Notices/View-UN-Notices-Individuals
QDi.217,individual,ABU BAKAR BA'ASYIR,,Abu Bakar Baasyir; Abu Bakar Bashir; Abdus Samad; Abdus Somad,,Al-Qaida,2006-04-21,Indonesia,Indonesia,1938-08-17,,,2015-10-14; 2020-11-24; 2021-04-06,"Formed Jemmah Anshorut Tauhid (JAT) (QDe.133) in 2008. In 2010, arrested for incitement to commit terrorism and fundraising with respect to a training camp in Aceh, Indonesia and sentenced to 15 years in 2011. Ba'asyir was released from prison on 8 January 2021 after serving his sentence in accordance with Indonesian laws and regulations INTERPOL-UN Security Council Special Notice:https://www.interpol.int/en/How-we-work/Notices/View-UN-Notices-Individuals"
QDi.218,individual,GUN GUN RUSMAN GUNAWAN,,"Gunawan, Rusman; Abd Al-Hadi; Abdul Hadi; Abdul Karim; Bukhori; Bukhory",,Al-Qaida,2006-04-21,Indonesia,Indonesia,1977-07-06,,,2011-12-13; 2019-12-06; 2022-11-08,Brother of Nurjaman Riduan Isamuddin (QDi.087) INTERPOL-UN Security Council Special Notice:https://www.interpol.int/en/How-we-work/Notices/View-UN-Notices-Individuals
QDi.219,individual,TAUFIK RIFKI,,"Refke, Taufek; Rifqi, Taufik; Rifqi, Tawfiq; Ami Iraq; Ami Irza; Amy Erja; Ammy Erza; Ammy Izza; Ami Kusoman; Abu Obaida; Abu Obaidah; Abu Obeida; Abu Ubaidah; Obaidah; Abu Obayda; Izza Kusoman; Yacub, Eric",,Al-Qaida,2006-04-21,Indonesia,Indonesia; Philippines,1974-08-19,,,2011-12-13; 2020-11-24,In detention in the Philippines as at May 2011 INTERPOL-UN Security Council Special Notice:https://www.interpol.int/en/How-we-work/Notices/View-UN-Notices-Individuals
QDi.222,individual,NESSIM BEN ROMDHANE SAHRAOUI,نسيم بن رمضان صحراوي,Dass; Nasim al-Sahrawi,,Al-Qaida,2006-08-02,Tunisia,Tunisia,1973-08-03,,,2009-09-01; 2010-01-25; 2011-12-13; 2020-11-24,Considered a fugitive from justice by the Italian authorities and sentenced in absentia to 6 years detention on 20 Nov. 2008. Sentenced in Tunisia to 4 years imprisonment for terrorist activity and in detention in Tunisia as at Jun. 2009 INTERPOL-UN Security Council Special Notice:https://www.interpol.int/en/How-we-work/Notices/View-UN-Notices-Individuals
QDi.223,individual,MERAI ABDEFATTAH KHALIL ZOGHBI,مرعي عبدفتاح خليل زغبي,Mohamed Lebachir; Meri Albdelfattah Zgbye; Zoghbai Merai Abdul Fattah; Lazrag Faraj; Larzg Ben Ila; Muhammed El Besir; Merai Zoghbai,F’raji di Singapore; F’raji il Libico; Farag; Fredj,Al-Qaida,2006-08-02,Libya,Libya,1969-04-04; 1960-04-04; 1960-06-04,,,2009-06-03; 2009-09-01; 2011-12-13; 2017-03-21; 2020-11-24; 2022-11-08; 2023-06-02,Considered a fugitive from justice by the Italian authorities and sentenced in absentia to 6 years imprisonment on 20 Nov. 2008. Member of Libyan Islamic Fighting Group (QDe.011). Mother’s name is Wanisa Abdessalam INTERPOL-UN Security Council Special Notice:https://www.interpol.int/en/How-we-work/Notices/View-UN-Notices-Individuals
QDi.226,individual,NAJMUDDIN FARAJ AHMAD,,Mullah Krekar; Fateh Najm Eddine Farraj; Faraj Ahmad Najmuddin,,Al-Qaida,2006-12-07,Iraq,Iraq; Norway,1956-07-07; 1963-06-17,National Identification Number 0075258,,2015-12-10; 2020-11-24,Mother’s name: Masouma Abd al-Rahman. Photo available for inclusion in the INTERPOL-UN Security Council Special Notice INTERPOL-UN Security Council Special Notice:https://www.interpol.int/en/How-we-work/Notices/View-UN-Notices-Individuals
QDi.228,individual,MOHAMMED AL GHABRA,,Mohammed El’ Ghabra; Danial Adam,,Al-Qaida,2006-12-12,United Kingdom of Great Britain and Northern Ireland,United Kingdom of Great Britain and Northern Ireland,1980-06-01,Passport British number 094629366,,2011-12-13; 2015-07-20; 2019-05-01; 2022-11-08,Father’s name is Mohamed Ayman Ghabra. Mother’s name is Dalal INTERPOL-UN Security Council Special Notice:https://www.interpol.int/en/How-we-work/Notices/View-UN-Notices-Individuals
QDi.229,individual,ALY SOLIMAN MASSOUD ABDUL SAYED,,Ibn El Qaim; Mohamed Osman,Adam,Al-Qaida,2007-06-08,Libya,Libya,1969,Passport Libyan Passport No. 96/184442 Libya,,2011-12-13; 2019-05-01; 2022-11-08,Member of Libyan Islamic Fighting Group (QDe.011) INTERPOL-UN Security Council Special Notice:https://www.interpol.int/en/How-we-work/Notices/View-UN-Notices-Individuals
QDi.231,individual,SALEM NOR ELDIN AMOHAMED AL-DABSKI,سالم نور الدين امحمد الدبيسكي,Abu Al-Ward; Abdullah Ragab,Abu Naim; Abdallah al- Masri,Al-Qaida,2007-06-08,Libya,Libya,1963,Passport 1990/345751 Libya; Passport 345751 Libya; National Identification Number 220334 Libya,,2011-12-13; 2019-05-01; 2022-11-08,Mother's name is Kalthoum Abdul Salam al-Shaftari. Senior member of Libyan Islamic Fighting Group (QDe.011) and member of Al-Qaida (QDe.004) INTERPOL-UN Security Council Special Notice:https://www.interpol.int/en/How-we-work/Notices/View-UN-Notices-Individuals
QDi.232,individual,ABDELMALEK DROUKDEL,عبد المالك دروكدال,Abou Mossaab Abdelouadoud,,Al-Qaida,2007-08-27,Algeria,Algeria,1970-04-20,,,2008-04-07; 2011-12-13; 2019-05-01; 2022-11-08; 2023-02-02,Reportedly deceased in June 2020. Head of The Organization of Al-Qaida in the Islamic Maghreb (QDe.014). Sentenced in absentia to life imprisonment in Algeria on 21 March 2007. Father's name is Rabah Droukdel. Mother's name is Z'hour Zdigha INTERPOL-UN Security Council Special Notice:https://www.interpol.int/en/How-we-work/Notices/View-UN-Notices-Individuals
QDi.236,individual,HAMID ABDALLAH AHMAD AL-ALI,حامد عبد الله أحمد العلي,Dr. Hamed Abdullah Al-Ali; Hamed Al-'Ali; Hamed bin 'Abdallah Al-'Ali; Hamid 'Abdallah Al-'Ali; Hamid 'Abdallah Ahmad Al-'Ali; Hamid bin Abdallah Ahmed Al-Ali; Hamid Abdallah Ahmed Al-Ali,Abu Salim,Al-Qaida,2008-01-16,Kuwait,Kuwait,1960-01-20,Passport 1739010 Kuwait; National Identification Number 260012001546 Kuwait,,2008-07-01; 2008-07-23; 2010-01-25; 2019-05-01; 2022-11-08; 2023-02-02,INTERPOL-UN Security Council Special Notice:https://www.interpol.int/en/How-we-work/Notices/View-UN-Notices-Individuals
QDi.237,individual,JABER ABDALLAH JABER AHMAD AL-JALAHMAH,جابر عبد الله جابر أحمد الجلاهمة,Jaber Al-Jalamah; Abu Muhammad Al-Jalahmah; Jabir Abdallah Jabir Ahmad Jalahmah; Jabir 'Abdallah Jabir Ahmad Al-Jalamah; Jabir Al-Jalhami,Abdul-Ghani; Abu Muhammad,Al-Qaida,2014-01-03,Kuwait,Kuwait,1959-09-24,Passport 101423404; Passport 2541451 Kuwait; Passport 002327881 Kuwait; National Identification Number 259092401188 Kuwait,,,"Previously listed between 16 Jan. 2008 and 3 Jan. 2014 (amended on 1 Jul. 2008, 23 Jul. 2008, 25 Jan. 2010) INTERPOL-UN Security Council Special Notice:https://www.interpol.int/en/How-we-work/Notices/View-UN-Notices-Individuals"
QDi.238,individual,MUBARAK MUSHAKHAS SANAD MUBARAK AL-BATHALI,مبارك مشخص سند مبارك البذالي,Mubarak Mishkhis Sanad Al-Bathali; Mubarak Mishkhis Sanad Al-Badhali; Mubarak Al-Bathali; Mubarak Mishkhas Sanad Al-Bathali; Mubarak Mishkhas Sanad Al-Bazali; Mobarak Meshkhas Sanad Al-Bthaly,Abu Abdulrahman,Al-Qaida,2008-01-16,Kuwait,Kuwait,1961-10-01,Passport 101856740 Kuwait; Passport 002955916 Kuwait; National Identification Number 261122400761 Kuwait,,2008-07-01; 2008-07-23; 2010-01-25; 2019-05-01; 2022-11-08; 2023-02-02,Sentenced to prison by Kuwait on 24 August 2018 INTERPOL-UN Security Council Special Notice:https://www.interpol.int/en/How-we-work/Notices/View-UN-Notices-Individuals
QDi.241,individual,ANGELO RAMIREZ TRINIDAD,,Calib Trinidad; Kalib Trinidad,Abdul Khalil; Abdukahlil; Abu Khalil; Anis,Al-Qaida,2008-06-04,Philippines,Philippines,1978-03-20,,,2011-12-13; 2019-12-06; 2023-10-30,"Distinguishing marks include scars on both legs. Member of the Rajah Solaiman Movement (QDe.128), and associated with the Abu Sayyaf Group (QDe.001) and the Jemaah Islamiyah (QDe.092). In detention in the Philippines as of May 2011 INTERPOL-UN Security Council Special Notice:https://www.interpol.int/en/How-we-work/Notices/View-UN-Notices-Individuals"
QDi.242,individual,DINNO AMOR ROSALEJOS PAREJA,,Johnny Pareja; Khalil Pareja,Mohammad; Akmad; Mighty; Rash,Al-Qaida,2008-06-04,Philippines,Philippines,1981-07-19,,,2009-06-03; 2011-12-13; 2019-12-06; 2023-10-30,Member of the Rajah Solaiman Movement (QDe.128). Father's name is Amorsolo Jarabata Pareja. Mother's name is Leonila Cambaya Rosalejos INTERPOL-UN Security Council Special Notice:https://www.interpol.int/en/How-we-work/Notices/View-UN-Notices-Individuals
QDi.243,individual,FELICIANO SEMBORIO DELOS REYES JR.,فلسيانو سمبوريو ديلوس رييس الإبن,Abubakar Abdillah; Abdul Abdillah,,Al-Qaida,2008-06-04,Philippines,Philippines,1963-11-04,,,2009-06-03; 2011-12-13; 2019-12-06; 2023-10-30,Member of the Rajah Solaiman Movement (QDe.128). Father's name is Feliciano Delos Reyes Sr. Mother's name is Aurea Semborio. In detention in the Philippines as of May 2011 INTERPOL-UN Security Council Special Notice:https://www.interpol.int/en/How-we-work/Notices/View-UN-Notices-Individuals
QDi.244,individual,HILARION DEL ROSARIO SANTOS,,"Akmad Santos; Ahmed Islam; Ahmad Islam Santos; Hilarion Santos, III (third); Hilarion Del Rosario Santos, III (third); Abu Abdullah Santos; Faisal Santos",Lakay; Aki; Aqi; Abu Hamsa,Al-Qaida,2008-06-04,Philippines,Philippines,1966-03-12,Passport AA780554 Philippines,,2011-12-13; 2016-10-25; 2017-09-22; 2020-11-24,Founder and leader of the Rajah Solaiman Movement (QDe.128) and linked to the Abu Sayyaf Group (QDe.001). In detention in the Philippines as of May 2011. Photos included in INTERPOL-UN Security Council Special Notice:https://www.interpol.int/en/How-we-work/Notices/View-UN-Notices-Individuals
QDi.245,individual,PIO ABOGNE DE VERA,,Ismael De Vera,Khalid; Ismael; Ismail; Manex; Tito Art; Dave; Leo,Al-Qaida,2008-06-04,Philippines,Philippines,1969-12-19,,,2009-06-03; 2011-12-13; 2019-12-06; 2023-10-30,"Member of the Rajah Solaiman Movement (QDe.128), Abu Sayyaf Group (QDe.001) and Jemaah Islamiyah (QDe.092). Father's name is Honorio Devera. Mother's name is Fausta Abogne. In detention in the Philippines as of May 2011 INTERPOL-UN Security Council Special Notice:https://www.interpol.int/en/How-we-work/Notices/View-UN-Notices-Individuals"
QDi.246,individual,REDENDO CAIN DELLOSA,,Abu Ilonggo; Brandon Berusa; Abu Muadz; Arnulfo Alvarado; Habil Ahmad Dellosa,Dodong; Troy; Uthman,Al-Qaida,2008-06-04,Philippines,Philippines,1972-05-15,,,2009-06-03; 2011-12-13; 2019-12-06; 2023-10-30,Member of the Rajah Solaiman Movement (QDe.128) and linked to the Abu Sayyaf Group (QDe.001). Father's name is Fernando Rafael Dellosa. Mother's name is Editha Parado Cain. In detention in the Philippines as of Jan. 2010 INTERPOL-UN Security Council Special Notice:https://www.interpol.int/en/How-we-work/Notices/View-UN-Notices-Individuals
QDi.247,individual,"RUBEN PESTANO LAVILLA, JR",,Reuben Lavilla; Sheik Omar; Mile D Lavilla; Reymund Lavilla; Ramo Lavilla; Mike de Lavilla; Abdullah Muddaris; Ali Omar; Omar Lavilla; Omar Labella,So; Eso; Junjun,Al-Qaida,2008-06-04,Philippines,Philippines,1972-10-04,Passport MM611523 Philippines; Passport EE947317 Philippines; Passport P421967 Philippines,,2008-09-16; 2011-12-13; 2018-05-09; 2019-12-06; 2023-10-30,Spiritual leader of the Rajah Solaiman Movement (QDe.128). Associated with Khadafi Abubakar Janjalani (deceased). In detention in the Philippines as of May 2011 INTERPOL-UN Security Council Special Notice:https://www.interpol.int/en/How-we-work/Notices/View-UN-Notices-Individuals
QDi.248,individual,RICARDO PEREZ AYERAS,,Abdul Kareem Ayeras; Abdul Karim Ayeras,Ricky Ayeras; Jimboy; Isaac Jay Galang Perez; Abdul Mujib,Al-Qaida,2008-06-04,Philippines,Philippines,1973-09-15,,,2011-12-13; 2019-12-06; 2023-10-30,Member of the Rajah Solaiman Movement (QDe.128). Arrested by the Philippines authorities on 14 Mar. 2011 INTERPOL-UN Security Council Special Notice:https://www.interpol.int/en/How-we-work/Notices/View-UN-Notices-Individuals
QDi.249,individual,YAHIA DJOUADI,يحيى جوادي,Yahia Abou Ammar; Abou Ala,,Al-Qaida,2008-07-03,Algeria,Algeria,1967-01-01,,,2012-11-15; 2021-11-15; 2022-11-08; 2023-02-02; 2026-08-18,"Located in Northern Mali as of Jun. 2008. Reportedly killed on 25 February 2022 in Timbuktu, Mali. Belonged to the leadership of the Organization of Al-Qaida in the Islamic Maghreb (listed under permanent reference number QDe.014). Mother’s name is Zohra Fares. Father’s name is Mohamed. INTERPOL-UN Security Council Special Notice:https://www.interpol.int/en/How-we-work/Notices/View-UN-Notices-Individuals"
QDi.250,individual,AMOR MOHAMED GHEDEIR,عمر محمد قدير,Abdelhamid Abou Zeid; Youcef Adel; Abou Abdellah; Abid Hammadou,,Al-Qaida,2008-07-03,Algeria,Algeria,1958,,,2012-05-10; 2012-11-15; 2019-03-29; 2019-05-01; 2021-11-15,"Associated with the Organization of Al-Qaida in the Islamic Maghreb (QDe.014). Located in Northern Mali as of Jun. 2008. Mother’s name is Benarouba Bachira. Father’s name is Mabrouk. He usurped the identity of Abid Hammadou, who allegedly died in Chad in 2004. Reportedly deceased as of 24 February 2013 INTERPOL-UN Security Council Special Notice:https://www.interpol.int/en/How-we-work/Notices/View-UN-Notices-Individuals"
QDi.251,individual,SALAH EDDINE GASMI,صالح قاسمي,Abou Mohamed Salah; ABOU MALEK,Bounouadher; BOUNOUADER,Al-Qaida,2008-07-03,Algeria,Algeria,1971-04-13,,,2009-03-24; 2012-11-15; 2013-03-14; 2016-02-11; 2020-11-24; 2023-10-30; 2023-12-14,"Belongs to the leadership and is in charge of information committee of the Organization of Al-Qaida in the Islamic Maghreb (QDe.014). Mother’s name is Yamina Soltane. Father’s name is Abdelaziz. Associated with Abdelmalek Droukdel (QDi.232, reported deceased in June 2020). Arrested in Algeria on 16 Dec. 2012. Incarcerated at the El-Harrach prison in Algiers, as of August 2015. Incarcerated in the Blida penitentiary, Algeria as of November 2023. Photograph and fingerprints available for inclusion in INTERPOL-UNSC Special Notice INTERPOL-UN Security Council Special Notice:https://www.interpol.int/en/How-we-work/Notices/View-UN-Notices-Individuals"
QDi.252,individual,AHMED DEGHDEGH,أحمد دغداغ,Abd El Illah; Abdellillah dit Abdellah Ahmed dit Said; ABD EL ILAH; ABOU ABDELLAH AHMED; SAID DIT MERRIKH,,Al-Qaida,2008-07-03,Algeria,Algeria,1967-01-17,,,2009-03-24; 2012-11-15; 2021-11-15; 2026-08-18,Belongs to the leadership and is the finance chief of the Organization of Al-Qaida in the Islamic Maghreb (QDe.014). Mother’s name is Zakia Chebira. Father’s name is Lakhdar. Reportedly died in Algeria in 2020. INTERPOL-UN Security Council Special Notice:https://www.interpol.int/en/How-we-work/Notices/View-UN-Notices-Individuals
QDi.261,individual,ADEM YILMAZ,,,Talha,Al-Qaida,2008-10-27,Türkiye,Germany; Türkiye,1978-11-04,Passport TR-P 614 166 Türkiye,,2011-12-13; 2019-12-06; 2023-10-30; 2023-12-14; 2026-08-13,"Associated with the Islamic Jihad Union (IJU), also known as the Islamic Jihad Group (QDe.119). Deported from Germany to Türkiye in February 2019. Ongoing judicial process as of November 2023. Photo available for inclusion in the INTERPOL-UN Security Council Special Notice. INTERPOL-UN Security Council Special Notice:https://www.interpol.int/en/How-we-work/Notices/View-UN-Notices-Individuals"
QDi.262,individual,REDOUANE EL HABHAB,,Abdelrahman,,Al-Qaida,2008-11-12,Germany; Morocco,Germany; Morocco,1969-12-20,Passport 1005552350 Germany; National Identification Number 1007850441 Germany,,2009-01-30; 2009-03-24; 2012-11-15; 2021-11-15,Released from custody in Germany in Apr. 2012 INTERPOL-UN Security Council Special Notice:https://www.interpol.int/en/How-we-work/Notices/View-UN-Notices-Individuals
QDi.263,individual,HAFIZ MUHAMMAD SAEED,,Hafiz Mohammad Sahib; Hafiz Mohammad Sayid; Hafiz Muhammad; Hafiz Saeed; Hafez Mohammad Saeed; Hafiz Mohammad Sayeed; Tata Mohammad Syeed; Mohammad Sayed; Muhammad Saeed,Hafiz Ji,Al-Qaida,2008-12-10,Pakistan,Pakistan,1950-06-05,National Identification Number 3520025509842-7 Pakistan,,2009-07-17; 2023-10-30; 2023-12-19,Muhammad Saeed is the leader of Lashkar-e-Tayyiba (QDe.118).In custody of the Government of Pakistan serving a 78 year imprisonment sentence since 12 February 2020 as a result of conviction in seven terror financing cases INTERPOL-UN Security Council Special Notice:https://www.interpol.int/en/How-we-work/Notices/View-UN-Notices-Individuals
QDi.264,individual,ZAKI-UR-REHMAN LAKHVI,,Zakir Rehman Lakvi; Zaki Ur-Rehman Lakvi; Kaki Ur-Rehman; Zakir Rehman; Abu Waheed Irshad Ahmad Arshad,Chachajee,Al-Qaida,2008-12-10,Pakistan,Pakistan,1960-12-30,National Identification Number 61101-9618232-1 Pakistan,,2019-05-01; 2022-11-08,Chief of operations of Lashkar-e-Tayyiba (listed under permanent reference number QDe.118) INTERPOL-UN Security Council Special Notice:https://www.interpol.int/en/How-we-work/Notices/View-UN-Notices-Individuals
QDi.265,individual,HAJI MUHAMMAD ASHRAF,,Haji M. Ashraf; Muhammad Ashraf Manshah; Muhammad Ashraf Munsha,,Al-Qaida,2008-12-10,Pakistan,Pakistan,1965-03-01; 1955,Passport AT0712501 Pakistan; Passport A-374184 Pakistan; National Identification Number 6110125312507 Pakistan; National Identification Number 24492025390 Pakistan,,2009-07-17; 2013-07-24; 2019-05-01; 2022-11-08,Chief of finance of Lashkar-e-Tayyiba (QDe.118). His father’s name is Noor Muhammad INTERPOL-UN Security Council Special Notice:https://www.interpol.int/en/How-we-work/Notices/View-UN-Notices-Individuals
QDi.266,individual,MAHMOUD MOHAMMAD AHMED BAHAZIQ,,Bahaziq Mahmoud; Abu Abd al-‘Aziz; Abu Abdul Aziz; Shaykh Sahib,,Al-Qaida,2008-12-10,Saudi Arabia,Saudi Arabia,1943-08-17; 1943; 1944,National Identification Number 4-6032-0048-1 Saudi Arabia,,2019-05-01; 2022-11-08; 2023-02-02,Financier of Lashkar-e-Tayyiba (listed under permanent reference number QDe.118). Has served as the leader of Lashkar-e-Tayyiba in Saudi Arabia INTERPOL-UN Security Council Special Notice:https://www.interpol.int/en/How-we-work/Notices/View-UN-Notices-Individuals
QDi.268,individual,ABDUL HAQ,,Maimaitiming Maimaiti; Abdul Heq; Abudu Hake; Abdul Heq Jundullah; 'Abd Al-Haq; Memetiming Memeti; Memetiming Aximu; Memetiming Qekeman; Maiumaitimin Maimaiti; Abdul Saimaiti; Muhammad Ahmed Khaliq,Maimaiti Iman; Muhelisi; Qerman; Saifuding,Al-Qaida,2009-04-15,China,Afghanistan; China; Pakistan,1971-10-10,National Identification Number 653225197110100533 China,,2011-12-13; 2017-06-20; 2020-11-24; 2025-03-11,Overall leader and commander of the Eastern Turkistan Islamic Movement (QDe.088). Involved in fundraising and recruitment for this organization. Photo available for inclusion in the INTERPOL-UN Security Council Special Notice INTERPOL-UN Security Council Special Notice:https://www.interpol.int/en/How-we-work/Notices/View-UN-Notices-Individuals
QDi.271,individual,ARIF QASMANI,,Muhammad Arif Qasmani; Muhammad ‘Arif Qasmani; Mohammad Arif Qasmani; Arif Umer; Qasmani Baba; Memon Baba; Baba Ji,,Al-Qaida,2009-06-29,Pakistan,Pakistan,1944,,,2019-05-01; 2022-11-08,Associated with Lashkar-e-Tayyiba (QDe.118) and Al-Qaida (QDe.004). In detention as at June 2009 INTERPOL-UN Security Council Special Notice:https://www.interpol.int/en/How-we-work/Notices/View-UN-Notices-Individuals
QDi.272,individual,MOHAMMED YAHYA MUJAHID,,Mohammad Yahya Aziz,,Al-Qaida,2009-06-29,Pakistan,Pakistan,1961-03-12,National Identification Number 35404-1577309-9 Pakistan,,2019-05-01; 2022-11-08,Associated with Lashkar-e-Tayyiba (QDe.118). In detention as at June 2009 INTERPOL-UN Security Council Special Notice:https://www.interpol.int/en/How-we-work/Notices/View-UN-Notices-Individuals
QDi.273,individual,FAZEEL-A-TUL SHAYKH ABU MOHAMMED AMEEN AL-PESHAWARI,,Shaykh Aminullah; Sheik Aminullah; Abu Mohammad Aminullah Peshawari; Abu Mohammad Amin Bishawri; Abu Mohammad Shaykh Aminullah Al-Bishauri; Shaykh Abu Mohammed Ameen al-Peshawari; Shaykh Aminullah Al-Peshawari,,Al-Qaida,2009-06-29,Afghanistan,Afghanistan; Pakistan,1967; 1961; 1973,,,2013-07-24; 2019-05-01; 2022-11-08,"Associated with Al-Qaida (QDe.004). Head of Ganj madrasa, a.k.a. Madrasa Jamia Taleemul Quran wal Hadith, a.k.a. Madrasa Taleemul Quran wal Sunnah, located at the Ganj Gate, Phandu Road, Peshawar, Pakistan INTERPOL-UN Security Council Special Notice:https://www.interpol.int/en/How-we-work/Notices/View-UN-Notices-Individuals"
QDi.276,individual,AKRAM TURKI HISHAN AL-MAZIDIH,أكرم تركي هاشم المزيده,Akram Turki Al-Hishan,Abu Jarrah; Abu Akram,Al-Qaida,2010-03-11,,Iraq; Syrian Arab Republic,1974; 1975,,,2015-12-10; 2016-01-15; 2019-05-01; 2022-11-08,"Other possible date of birth: 1979. He is a cousin of Ghazy Fezza Hishan Al Mazidih (QDi.277). Financial facilitator of the Islamic State in Iraq and the Levant, listed as Al-Qaida in Iraq (AQI) (QDe.115) as of 2015 INTERPOL-UN Security Council Special Notice:https://www.interpol.int/en/How-we-work/Notices/View-UN-Notices-Individuals"
QDi.277,individual,GHAZY FEZZA HISHAN AL-MAZIDIH,غازي فيزا هاشم المزيده,Ghazy Fezzaa Hishan; Mushari Abd Aziz Saleh Shlash,Abu Faysal; Abu Ghazzy,Al-Qaida,2010-03-11,,Iraq; Syrian Arab Republic,1974; 1975,,,2015-12-10; 2019-05-01; 2022-11-08,"He is a cousin of Akram Turki Hishan Al Mazidih (QDi.276). Terrorist attack organizer for the Islamic State in Iraq and the Levant, listed as Al-Qaida in Iraq (AQI) (QDe.115) as of 2015 INTERPOL-UN Security Council Special Notice:https://www.interpol.int/en/How-we-work/Notices/View-UN-Notices-Individuals"
QDi.278,individual,MUTHANNA HARITH SALMAN AL-DARI,مثنى حارث سلمان الضاري,Dr. Muthanna Al Dari; Muthana Harith Al Dari; Muthanna Harith Sulayman Al-Dari; Muthanna Harith Sulayman Al-Dhari; Muthanna Hareth Al-Dhari; Muthana Haris Al-Dhari; Doctor Muthanna Harith Sulayman Al Dari Al-Zawba'; Muthanna Harith Sulayman Al-Dari Al-Zobai; Muthanna Harith Sulayman Al-Dari al-Zawba'i; Muthanna Hareth al-Dari; Muthana Haris al-Dari; Doctor Muthanna al-Dari; Dr. Muthanna Harith al-Dari al-Zowbai,,Al-Qaida,2010-03-25,Iraq,Egypt; Iraq; Jordan,1969-06-16,National Identification Number 1729765,,2015-12-10; 2019-12-06; 2023-10-30; 2024-12-02,"Mother’s name: Heba Khamis Dari. Father’s name: Harith bin Salman Al-Dari bin Mahmud al-Shammari Provided operational guidance financial support and other services to or in support of Islamic State in Iraq and the Levant, listed as Al-Qaida in Iraq (AQI) (QDe.115). He is the head of the political department of the Association of Muslim Scholars in Iraq. Involved in oil smuggling. Wanted by the Iraqi security forces. Photo available for inclusion in the INTERPOL-UN Security Council Special Notice INTERPOL-UN Security Council Special Notice:https://www.interpol.int/en/How-we-work/Notices/View-UN-Notices-Individuals"
QDi.279,individual,MOHAMED BELKALEM,محمد بلكلام,,Abdelali Abou Dher (عبد العالي ابو ذر); El Harrachi (الحراشي),Al-Qaida,2010-04-22,Algeria,Algeria; Mali,1969-12-19,,,2014-04-15; 2019-12-06; 2023-10-30; 2023-12-14,"Reportedly a member of Jama'a Nusrat ul-Islam wa al-Muslimin (JNIM, QDe.159) as of November 2023. Convicted in absentia by Algerian tribunal on 28 Mar. 1996. Algerian international arrest warrant number 03/09 of 6 Jun. 2009 issued by the Tribunal of Sidi Mhamed, Algiers, Algeria. Algerian extradition request number 2307/09 of 3 Sep. 2009, presented to Malian authorities. Father’s name is Ali Belkalem. Mother’s name is Fatma Saadoudi. Member of The Organization of Al-Qaida in the Islamic Maghreb (QDe.014). Photograph and fingerprints available for inclusion in INTERPOL-UNSC Special Notice INTERPOL-UN Security Council Special Notice:https://www.interpol.int/en/How-we-work/Notices/View-UN-Notices-Individuals"
QDi.280,individual,TAYEB NAIL,الطيب نايل,Djaafar Abou Mohamed (جعفر ابو محمد); Abou Mouhadjir (ابو مهاجر); Mohamed Ould Ahmed Ould Ali,,Al-Qaida,2010-04-22,Algeria,Algeria; Mali,1972,,,2014-04-15; 2019-12-06; 2023-10-30; 2023-12-14,"Reportedly a member of Jama'a Nusrat ul-Islam wa al-Muslimin (JNIM, QDe.159) as of November 2023. Convicted in absentia by Algerian tribunal on 28 Mar. 1996. Algerian international arrest warrant number 04/09 of 6 Jun. 2009 issued by the Tribunal of Sidi Mhamed, Algiers, Algeria. Algerian extradition request number 2307/09 of 3 Sep. 2009, presented to Malian authorities. Father’s name was Benazouz Nail. Mother’s name is Belkheiri Oum El Kheir. Member of The Organization of Al-Qaida in the Islamic Maghreb (QDe.014). Photograph and fingerprints available for inclusion in INTERPOL-UNSC Special Notice INTERPOL-UN Security Council Special Notice:https://www.interpol.int/en/How-we-work/Notices/View-UN-Notices-Individuals"
QDi.282,individual,QASIM MOHAMED MAHDI AL-RIMI,قاسم محمد مهدي الريمي,Qasim Al-Rimi; Qasim al-Raymi; Qassim al-Raymi; Qasim al-Rami; Qasim Mohammed Mahdi Al Remi; Qassim Mohammad Mahdi Al Rimi,Qasim Yahya Mahdi 'Abd al-Rimi; ABU HURAYRAH AL-SANA'AI; Abu 'Ammar; Abu Hurayrah,Al-Qaida,2010-05-11,Yemen,Yemen,1978-06-05,Passport 00344994 Yemen; National Identification Number Yemeni national identification number 973406,,2014-04-15; 2016-06-24; 2020-11-24; 2025-03-11,"Mother’s name: Fatima Muthanna Yahya. Photo available for inclusion in the INTERPOL-UN Security Council Special Notice. Leader of Al-Qaida in the Arabian Peninsula (QDe.129) since Jun. 2015, pledged loyalty to Aiman al-Zawahiri (QDi.006). As of February 2020, reportedly killed in a counterterrorism operation in Yemen INTERPOL-UN Security Council Special Notice:https://www.interpol.int/en/How-we-work/Notices/View-UN-Notices-Individuals"
QDi.283,individual,ANWAR NASSER ABDULLA AL-AULAQI,انور ناصر عبدالله العولقي,Anwar al-Aulaqi; Anwar al-Awlaki; Anwar al-Awlaqi; Anwar Nasser Aulaqi; Anwar Nasser Abdullah Aulaqi; Anwar Nasser Abdulla Aulaqi,,Al-Qaida,2010-07-20,United States of America; Yemen,United States of America; Yemen,1971-04-21; 1971-04-22,,,2011-11-30; 2019-05-01; 2021-11-15; 2022-11-08,Confirmed to have died on 30 Sep. 2011 in Yemen INTERPOL-UN Security Council Special Notice:https://www.interpol.int/en/How-we-work/Notices/View-UN-Notices-Individuals
QDi.289,individual,SAID JAN ‘ABD AL-SALAM,سعید جان عبد السلام,Sa'id Jan 'Abd-al-Salam; Dilawar Khan Zain Khan,Qazi 'Abdallah; Qazi Abdullah; Ibrahim Walid; Qasi Sa'id Jan; Said Jhan; Farhan Khan; Aziz Cairo; Nangiali,Al-Qaida,2011-02-09,Afghanistan,Afghanistan,1981-02-05; 1971-12-31,Passport OR801168 Afghanistan; Passport 4117921 Pakistan; National Identification Number 281020505755 Kuwait,,2019-05-01; 2022-11-08; 2023-11-14,"In approximately 2005, ran a ""basic training"" camp for Al-Qaida (QDe.004) in Pakistan INTERPOL-UN Security Council Special Notice:https://www.interpol.int/en/How-we-work/Notices/View-UN-Notices-Individuals"
QDi.290,individual,DOKU KHAMATOVICH UMAROV,Умаров Доку Хаматович,Lom-ali Butayev (Butaev); Dokka Umarov; Dokka Umarov,,Al-Qaida,2011-03-10,Russian Federation; former Soviet Union,Russian Federation; former Soviet Union,1964-04-13; 1965-04-13; 1964-05-12; 1955,Passport 96 03 464086 Russian Federation,,2014-06-02; 2014-12-30; 2019-05-01; 2021-11-15,"Physical description: 180 cm tall, dark hair, 7-9 cm. long scar on the face, part of the tongue is missing, has a speech defect. Resides in the Russian Federation as at Nov. 2010. International arrest warrant issued in the year 2000. INTERPOL Special Notice contains biometric information. Reportedly deceased as of April 2014 INTERPOL-UN Security Council Special Notice:https://www.interpol.int/en/How-we-work/Notices/View-UN-Notices-Individuals"
QDi.291,individual,IBRAHIM HASSAN TALI AL-ASIRI,إبراهيم حسن طالع العسيري,Ibrahim Hassan Tali Asiri (إبراهيم حسن طالع عسيري); Ibrahim Hasan Talea Aseeri; Ibrahim Hassan al-Asiri; Ibrahim Hasan Tali Asiri; Ibrahim Hassan Tali Assiri; Ibrahim Hasan Tali'A 'Asiri; Ibrahim Hasan Tali al-'Asiri; Ibrahim al-'Asiri; Ibrahim Hassan Al Asiri,Abu Saleh; Abosslah; Abu-Salaah,Al-Qaida,2011-03-24,Saudi Arabia,Saudi Arabia; Yemen,1982-04-19; 1982-04-18; 24/06/1402 (Hijri Calendar),Passport F654645 Saudi Arabia; National Identification Number 1028745097 Saudi Arabia,,2014-04-15; 2015-06-15; 2018-05-09; 2021-11-15; 2022-11-08; 2023-02-02; 2026-08-18,"Operative and principal bomb maker of Al-Qaida in the Arabian Peninsula (AQAP) (QDe.129). Reportedly deceased in 2017. Also associated with Nasir 'abd-al-Karim 'Abdullah Al-Wahishi (deceased), Qasim Yahya Mahdi al-Rimi (QDi.282), and Anwar Nasser Abdulla Al-Aulaqi (QDi.283) (deceased). INTERPOL-UN Security Council Special Notice:https://www.interpol.int/en/How-we-work/Notices/View-UN-Notices-Individuals"
QDi.292,individual,OTHMAN AHMED OTHMAN AL-GHAMDI,عثمان أحمد عثمان الغامدي,Othman al-Ghamdi; Uthman al-Ghamdi; Uthman al-Ghamidi; Othman bin Ahmed bin Othman Alghamdi; Othman Ahmed Othman Al Omairah; Uthman Ahmad Uthman al-Ghamdi; Othman Ahmed Othman al-Omirah,Al Umairah al-Ghamdi; Othman Bin Ahmed Bin Othman,Al-Qaida,2011-06-16,Saudi Arabia,Saudi Arabia; Yemen,1979-05-27,National Identification Number 1089516791 Saudi Arabia,,2014-04-15; 2020-11-24,Operational commander of Al-Qaida in the Arabian Peninsula (AQAP) (QDe.129). Has been involved in raising funds and stockpiling arms for AQAP operations and activities in Yemen. Known associate of Qasim Yahya Mahdi al-Rimi (QDi.282) and Fahd Mohammed Ahmed al-Quso (deceased). Father’s name is Ahmed Othman Al Omirah INTERPOL-UN Security Council Special Notice:https://www.interpol.int/en/How-we-work/Notices/View-UN-Notices-Individuals
QDi.293,individual,ABDUL RAHIM BA'AYSIR,,Abdul Rahim Bashir; 'Abd Al-Rahim Ba'asyir; 'Abd Al-Rahim Bashir; Abdurrahim Ba'asyir; Abdurrahim Bashir; Abdul Rachim Ba'asyir; Abdul Rachim Bashir; Abdul Rochim Ba'asyir; Abdul Rochim Bashir; Abdurochim Ba'asyir; Abdurochim Bashir; Abdurrochim Ba'asyir; Abdurrochim Bashir; Abdurrahman Ba'asyir; Abdurrahman Bashir,,Al-Qaida,2011-07-19,Indonesia,Indonesia,1977-11-16; 1974-11-16,,,2020-11-24,Senior Jemaah Islamiyah (QDe.092.) leader. Father's name is Abu Bakar Ba'asyir (QDi.217) INTERPOL-UN Security Council Special Notice:https://www.interpol.int/en/How-we-work/Notices/View-UN-Notices-Individuals
QDi.294,individual,UMAR PATEK,,Omar Patek; Mike Arsalan; Hisyam Bin Zein; Anis Alawi Jafar,Pa'tek; Pak Taek; Umar Kecil; Al Abu Syekh Al Zacky; Umangis Mike,Al-Qaida,2011-07-19,Indonesia,Indonesia,1966-07-20,,,2012-02-23; 2017-09-22; 2021-11-15; 2026-08-18,"Senior member of Jemaah Islamiyah (QDe.092) involved in planning and funding multiple terrorist attacks in the Philippines and Indonesia. Provided training to Abu Sayyaf Group (QDe.001). Convicted for his role in the 2002 Bali bombings and sentenced to 20 years in prison in Jun. 2012. Released on parole in 2022 and as at late 2025, he operated a business in Surabaya, Indonesia. Photos included in INTERPOL-UN Security Council Special Notice:https://www.interpol.int/en/How-we-work/Notices/View-UN-Notices-Individuals"
QDi.295,individual,MUHAMMAD JIBRIL ABDUL RAHMAN,,Mohammad Jibril Abdurrahman; Muhammad Jibriel Abdul Rahman; Mohammad Jibriel Abdurrahman; Muhamad Ricky Ardhan; Muhammad Ricky Ardhan bin Muhammad Iqbal; Muhammad Ricky Ardhan bin Abu Jibril,Muhammad Yunus; Heris Syah,Al-Qaida,2011-08-12,Indonesia,Indonesia,1984-05-28; 1979-12-03; 1979-03-03; 1980-08-08,National Identification Number 3219222002.2181558; National Identification Number 2181558; Passport S335026 Indonesia,,2020-11-24; 2021-11-15; 2026-08-18,Senior member of Jemaah Islamiyah (QDe.092) directly involved in obtaining funding for terrorist attacks. Sentenced in Indonesia to five years in prison on 29 Jun. 2010. Father’s name is Mohamad Iqbal Abdurrahman (QDi.086). INTERPOL-UN Security Council Special Notice:https://www.interpol.int/en/How-we-work/Notices/View-UN-Notices-Individuals
QDi.296,individual,MATI UR-REHMAN ALI MUHAMMAD,مطیع الرحمن علی محمد,Mati-ur Rehman; Mati ur Rehman; Matiur Rahman; Matiur Rehman; Matti al-Rehman; Abdul Samad; Samad Sial; Abdul Samad Sial; Ustad Talha; Qari Mushtaq,Tariq; Hussain,Al-Qaida,2011-08-22,Pakistan,Pakistan,1977,,,2012-05-10; 2013-10-17; 2020-11-24; 2022-11-08; 2023-02-02,Physical description: 5 feet 2 inches; 157.4 cm. Name of father: Ali Muhammad. Mati ur-Rehman is the chief operational commander of Lashkar i Jhangvi (LJ) (QDe.096). Associated with Harakat-ul Jihad Islami (QDe.130). Reportedly deceased INTERPOL-UN Security Council Special Notice:https://www.interpol.int/en/How-we-work/Notices/View-UN-Notices-Individuals
QDi.298,individual,ABD AL-RAHMAN OULD MUHAMMAD AL-HUSAYN OULD MUHAMMAD SALIM,عبد الرحمن ولد محمد الحسين ولد محمد سليم,Abdarrahmane ould Mohamed el Houcein ould Mohamed Salem; شيخ يونس الموريتاني,Salih the Mauritanian; Mohamed Salem; Youssef Ould Abdel Jelil; El Hadj Ould Abdel Ghader; Abdel Khader; Abou Souleimane; Chingheity,Al-Qaida,2011-09-15,Mauritania,Mauritania,1981,,,2020-11-24; 2023-10-30; 2023-12-14,"Senior Al-Qaida (QDe.004) leader, also associated with The Organization of Al-Qaida in the Islamic Maghreb (QDe.014). Wanted by Mauritanian authorities. He is in Mauritania since his extradition from Pakistan in 2014 INTERPOL-UN Security Council Special Notice:https://www.interpol.int/en/How-we-work/Notices/View-UN-Notices-Individuals"
QDi.299,individual,IBRAHIM AWWAD IBRAHIM ALI AL-BADRI AL-SAMARRAI,إبراهيم عواد إبراهيم علي البدري السامرائي,Dr. Ibrahim ‘Awwad Ibrahim ’Ali al-Badri al-Samarrai’,أبو دعاء; Dr. Ibrahim; أبو بكر البغدادي الحسيني القريشي (Abu Bakr al-Baghdadi al-Husayni al-Quraishi; Abu Bakr al-Baghdadi),Al-Qaida,2011-10-05,Iraq,Iraq; Syrian Arab Republic,1971,National Identification Number 0134852,,2012-07-20; 2015-12-10; 2020-11-24; 2021-11-15; 2025-03-11,"Description: Height: 1.65 m. Weight: 85 kg. Black hair and eyes. White skin. Leader of Islamic State in Iraq and the Levant, listed as Al-Qaida in Iraq (AQI) (QDe.115). Was based in Iraq and Syria. Declared himself “caliph” in Mosul in 2014. Responsible for managing and directing AQI large scale operations. Wife's name: Saja Hamid al-Dulaimi. Wife’s name: Asma Fawzi Mohammed al-Kubaissi. Wanted by the Iraqi security forces. Photo available for inclusion in the INTERPOL-UN Security Council Special Notice. Killed in October 2019 during a counterterrorism operation INTERPOL-UN Security Council Special Notice:https://www.interpol.int/en/How-we-work/Notices/View-UN-Notices-Individuals"
QDi.300,individual,MONIR CHOUKA,,ABU HAMZA,Abu Adam,Al-Qaida,2012-01-25,Germany; Morocco,Germany; Morocco; Syrian Arab Republic,1981-07-30,Passport 5208323009 Germany; National Identification Number 5209530116 Germany,,2021-11-15; 2026-08-18,"Associated with Islamic Movement of Uzbekistan (QDe.010). Associated with Islamic State in Iraq and the Levant (ISIL), listed as Al-Qaida in Iraq (QDe.115), between October 2015 and August 2016. Brother of Yassin Chouka (QDi.301). Arrest warrant issued by the investigating judge of the German Federal Court of Justice on 5 Oct. 2010. INTERPOL-UN Security Council Special Notice:https://www.interpol.int/en/How-we-work/Notices/View-UN-Notices-Individuals"
QDi.301,individual,YASSIN CHOUKA,,,Abu Ibraheem,Al-Qaida,2012-01-25,Germany; Morocco,Germany; Morocco,1984-12-11,Passport 5204893014 Germany; National Identification Number 5209445304 Germany,,2021-11-15,Associated with Islamic Movement of Uzbekistan (QDe.010). Brother of Monir Chouka (QDi.300). Arrest warrant issued by the investigating judge of the German Federal Court of Justice on 5 Oct. 2010 INTERPOL-UN Security Council Special Notice:https://www.interpol.int/en/How-we-work/Notices/View-UN-Notices-Individuals
QDi.303,individual,FAZAL RAHIM,فضل رحيم,Fazel Rahim; Fazil Rahim; Fazil Rahman,,Al-Qaida,2012-03-06,Afghanistan,Afghanistan,1974-01-05; 1977; 1975; 1973-01-24,Passport R512768 Afghanistan,,2021-11-15,"Was a financial facilitator for the Islamic Movement of Uzbekistan (QDe.010) and Al-Qaida (QDe.004). Was associated with Tohir Abdulkhalilovich Yuldashev. As of late 2010, in custody of Pakistan authorities. Father’s name is Fazal Ahmad INTERPOL-UN Security Council Special Notice:https://www.interpol.int/en/How-we-work/Notices/View-UN-Notices-Individuals"
QDi.304,individual,MOCHAMMAD ACHWAN,,Muhammad Achwan; Muhammad Akhwan; Mochtar Achwan; Mochtar Akhwan; Mochtar Akwan,,Al-Qaida,2012-03-12,Indonesia,Indonesia,1948-05-04; 1946-05-04,National Identification Number 3573010405480001 Indonesia; National Identification Number 353010405480001; Passport C3967156 Indonesia,,2021-11-15; 2022-05-27; 2026-08-18,"Acting emir of Jemmah Anshorut Tauhid (JAT) (QDe.133). Associated with Abu Bakar Ba’asyir (QDi.217), Abdul Rahim Ba’aysir (QDi.293) and Jemaah Islamiyah (QDe.092). INTERPOL-UN Security Council Special Notice:https://www.interpol.int/en/How-we-work/Notices/View-UN-Notices-Individuals"
QDi.305,individual,ABDUL ROSYID RIDHO BA'ASYIR,,Abdul Rosyid Ridho Bashir; Rashid Rida Ba’aysir; Rashid Rida Bashir,,Al-Qaida,2012-03-12,Indonesia,Indonesia,1974-01-31,National Identification Number,,2021-11-15,Father's name is Abu Bakar Ba'asyir (QDi.217). Brother of Abdul Rahim Ba’aysir (QDi.293). Belongs to the leadership of and is involved in recruitment and fundraising for Jemmah Anshorut Tauhid (JAT) (QDe.133) Associated with Jemaah Islamiyah (QDe.092) INTERPOL-UN Security Council Special Notice:https://www.interpol.int/en/How-we-work/Notices/View-UN-Notices-Individuals
QDi.308,individual,ZAFAR IQBAL,,Zaffer Iqbal; Malik Zafar Iqbal Shehbaz; Malik Zafar Iqbal Shahbaz; Malik Zafar Iqbal,Zafar Iqbal Chaudhry; Muhammad Zafar Iqbal,Al-Qaida,2012-03-14,Pakistan,Pakistan,1953-10-04,Passport DG5149481; National Identification Number 35202- 4135948-7; National Identification Number 29553654234,,2019-05-01; 2022-11-08,"Senior leader and co-founder of Lashkar-e-Tayyiba (QDe.118) (LeT) who has held various senior leader positions in LeT and its front organization, Jamaat-ud-Dawa (JUD) (listed as an alias of LeT). As of 2010, in charge of LeT/JUD finance department, director of its education department and president of its medical wing. Other title: Professor INTERPOL-UN Security Council Special Notice:https://www.interpol.int/en/How-we-work/Notices/View-UN-Notices-Individuals"
QDi.309,individual,ABDUR REHMAN,عبد الرحمن,Abdul Rehman; Abd Ur-Rehman; Abdur Rahman; عبد الرحمن السيندي; عبدالله السندي (Abdullah Sindhi),Abdur Rehman Muhammad Yamin,Al-Qaida,2012-03-14,Pakistan,Pakistan,1965-10-03,Passport CV9157521 Pakistan; National Identification Number national identity card number 44103-5251752-5 Pakistan,,2019-05-01; 2022-11-08,"Has provided facilitation and financial services to Al-Qaida (QDe.004). Associated with Harakatul Jihad Islami (QDe.130), Jaish-I-Mohammed (QDe.019), and Al-Akhtar Trust International (QDe.121) INTERPOL-UN Security Council Special Notice:https://www.interpol.int/en/How-we-work/Notices/View-UN-Notices-Individuals"
QDi.311,individual,AYYUB BASHIR,ایوب بشیر,Alhaj Qari Ayub Bashar; Qari Muhammad Ayub,,Al-Qaida,2012-10-18,Uzbekistan; Afghanistan,Afghanistan; Pakistan; Uzbekistan,1966; 1964; 1969; 1971,,,2018-07-17; 2019-05-01; 2021-11-15,"Member of leadership council as of early 2010 and head of finance for the Islamic Movement of Uzbekistan (QDe.010). Coordinated financial and logistical support for the Islamic Movement of Uzbekistan in Afghanistan and Pakistan between 2009-2012. Transferred and delivered funds to Fazal Rahim (QDi.303). Reportedly deceased in an airstrike in Chordar, Kunduz Province of Afghanistan in Dec. 2015 INTERPOL-UN Security Council Special Notice:https://www.interpol.int/en/How-we-work/Notices/View-UN-Notices-Individuals"
QDi.313,individual,DJAMEL AKKACHA,جمال عكاشة,Yahia Abou el Hoummam; Yahia Abou el Hammam,,Al-Qaida,2013-02-05,Algeria,Algeria; Mali,1978-05-09,,,2019-05-01; 2022-11-08; 2023-02-02,Father’s name is Slimane. Mother’s name is Akrouf Khadidja. Coordinator of groups associated with The Organisation of Al-Qaida in the Islamic Maghreb (QDe.014) in northern Mali.Reportedly deceased in February 2019 INTERPOL-UN Security Council Special Notice:https://www.interpol.int/en/How-we-work/Notices/View-UN-Notices-Individuals
QDi.314,individual,ABDERRAHMANE OULD EL AMAR,عبد الرحمن ولد العامر,Ahmed el Tilemsi; Abderrahmane Ould el Amar Ould Sidahmed Loukbeiti; Ahmad Ould Amar,,Al-Qaida,2013-02-22,Mali,Mali,1977-1982,,,2019-05-01; 2022-11-08; 2023-02-02,"Reportedly deceased as of December 2014. Leader of the Mouvement pour l’Unification et le Jihad en Afrique de l’Ouest (MUJAO) (QDe.134). Member of The Organization of Al-Qaida in the Islamic Maghreb (QDe.014). Arrested in April 2005 in Mauritania, escaped from Nouakchott jail on 26 Apr. 2006. Re-arrested in Sep. 2008 in Mali and released on 15 Apr. 2009. Associated with Mokhtar Belmokhtar (QDi.136). Father’s name is Leewemere INTERPOL-UN Security Council Special Notice:https://www.interpol.int/en/How-we-work/Notices/View-UN-Notices-Individuals"
QDi.315,individual,HAMADA OULD MOHAMED EL KHAIRY,حماده ولد محمد الخيري,Hamada Ould Mohamed Lemine Ould Mohamed el Khairy; Ould Kheirou; Hamad el Khairy,Abou QumQum,Al-Qaida,2013-02-22,Mauritania; Mali,Mali; Mauritania,1970,Passport A1447120 Mali,,2019-05-01; 2022-11-08,"Leader of the Mouvement pour l’Unification et le Jihad en Afrique de l’Ouest (MUJAO) (QDe.134). Has provided logistical support to the Sahelian group Al Moulathamine, linked with the Organization of Al-Qaida in the Islamic Maghreb (QDe.014). International arrest warrant issued by Mauritania. Mother’s name is Tijal Bint Mohamed Dadda INTERPOL-UN Security Council Special Notice:https://www.interpol.int/en/How-we-work/Notices/View-UN-Notices-Individuals"
QDi.316,individual,IYAD AG GHALI,اياد اغ غالي,Sidi Mohamed Arhali,,Al-Qaida,2013-02-25,Mali,Mali,1958,Passport A1037434 Mali; National Identification Number 012546 Mali,,2014-09-23; 2019-05-01; 2022-11-08; 2023-11-14,"Founder and leader of Ansar Eddine (QDe.135). Member of the Tuareg Ifogas tribe. Linked to the Organization of Al-Qaida in the Islamic Maghreb (QDe.014) and Mouvement pour l’Unification et le Jihad en Afrique de l’Ouest (MUJAO) (QDe.134). Name of father is Ag Bobacer Arhali, name of mother is Rhiachatou Wallet Sidi INTERPOL-UN Security Council Special Notice:https://www.interpol.int/en/How-we-work/Notices/View-UN-Notices-Individuals"
QDi.318,individual,MUHAMMAD JAMAL ABD-AL RAHIM AHMAD AL-KASHIF,محمد جمال عبدالرحيم أحمد الكاشف,Muhammad Jamal Abdo Al-Kashif; Muhammad Jamal Abdo Al Kashef; Muhammad Jamal Abd-Al Rahim Ahmad Al-Kashif; Muhammad Jamal Abd-Al Rahim Al-Kashif; Muhammad Jamal Abdu; Muhammad Jamal,Muhammad Jamal Abu Ahmad; Abu Ahmad; Abu Jamal; Muhammad Gamal Abu Ahmed; Mohammad Jamal Abdo Ahmed; Muhammad Jamal Abduh; Muhammad Jamal Ahmad Abdu; Riyadh,Al-Qaida,2013-10-21,Egypt,Egypt,1964-01-01; 1964-02-01,Passport 6487 Egypt; Passport Egypt; Passport 388181 Yemen,,2019-05-01; 2022-11-08,"rained in Afghanistan in the late 1980s with Al-Qaida (QDe.004) to make bombs. Former top military commander of the Egyptian Islamic Jihad (QDe.003). Since 2011, established Muhammad Jamal Network (MJN) (QDe.136) and terrorist training camps in Egypt and Libya. Conducted MJN’s terrorist activities with support from Al-Qaida in the Arabian Peninsula (AQAP) (QDe.129). Reported to be involved in the attack on the United States Mission in Benghazi, Libya, on 11 Sep. 2012. Headed Nasr City terrorist cell in Egypt in 2012. Linked to Aiman al-Zawahiri (QDi.006) and the leadership of AQAP and the Organization of Al-Qaida in the Islamic Maghreb (AQIM) (QDe.014). Arrested and imprisoned multiple times by Egyptian authorities since ca. 2000. Released in 2011 but re-arrested by Egyptian authorities in Nov. 2012. Imprisoned in Egypt pending trial as of Sep. 2013. Wife’s name is Samah ‘Ali Al-Dahabani (Yemeni national) INTERPOL-UN Security Council Special Notice:https://www.interpol.int/en/How-we-work/Notices/View-UN-Notices-Individuals"
QDi.319,individual,MOHAMED LAHBOUS,محمد لحبوس,Mohamed Ennouini; Hassan; Hocine,,Al-Qaida,2013-10-24,Mali,Mali,1978,,,2019-03-29; 2019-05-01; 2022-11-08,Member of the Mouvement pour l’Unification et le Jihad en Afrique de l’Ouest (MUJAO) (QDe.134). Reportedly deceased as of 14 February 2018 INTERPOL-UN Security Council Special Notice:https://www.interpol.int/en/How-we-work/Notices/View-UN-Notices-Individuals
QDi.320,individual,ABD-AL-HAMID AL-MASLI,عبدالحميد المصلي,Abd-al-Hamid Muhammad Abd-al-Hamid Al-Masli; Abd-al-Hamid Musalli; Hamid Masli,Hamza al-Darnawi; Hamzah al-Darnawi; Hamza Darnawi; Hamzah Darnawi; Hamzah Dirnawi; Hamza Darnavi; Hamza al-Darnavi; Abdullah Darnawi; Abu-Hamzah al-Darnawi,Al-Qaida,2013-11-26,Libya,Libya,1976,,,2019-05-01; 2022-11-08,Leader and trainer of an Al-Qaida electronics and explosives workshop producing improvised explosive device components INTERPOL-UN Security Council Special Notice:https://www.interpol.int/en/How-we-work/Notices/View-UN-Notices-Individuals
QDi.322,individual,ABUBAKAR MOHAMMED SHEKAU,أبو بكر محمد الشكوى,Abubakar Shekau,Abu Mohammed Abubakar bin Mohammed; Abu Muhammed Abubakar bi Mohammed; Shekau; Shehu; Shayku; Imam Darul Tauhid; Imam Darul Tawheed,Al-Qaida,2014-06-26,Nigeria,Nigeria,1969,,,2019-12-06; 2023-10-30,"Member of the Kanuri tribe. Physical description: eye colour: black; hair colour: black. Photo available for inclusion in the INTERPOL-UN Security Council Special Notice. Leader of Jama'atu Ahlis Sunna Lidda'Awati Wal-Jihad (Boko Haram) (QDe.138). Under Shekau’s leadership, Boko Haram has been responsible for a series of major terrorist attacks INTERPOL-UN Security Council Special Notice:https://www.interpol.int/en/How-we-work/Notices/View-UN-Notices-Individuals"
QDi.323,individual,SAID ARIF,,Said Mohamed Arif; Omar Gharib; Abderahmane; Abdallah al-Jazairi; Slimane Chabani; Souleiman; ABOU SOULEIMAN,ABDULLAH; ABDALLAH; ABU ABDULLAH,Al-Qaida,2014-08-15,Algeria,Algeria,1964-06-25; 1969-12-05; 1965-05-12,,,2019-12-06; 2023-10-30; 2023-12-14,"Reportedly killed in an air strike in Syria on 25 May 2015. A veteran member of the ‘Chechen Network’ (not listed) and other terrorist groups. He was convicted of his role and membership in the ‘Chechen Network’ in France in 2006. Joined Jabhat al-Nusrah, formerly listed as Al-Nusrah Front for the People of the Levant in October 2013. Father’s name: Mohamed. Mother’s name: Saliha Boukhari. Photograph and fingerprints available for inclusion in INTERPOL-UNSC Special Notice INTERPOL-UN Security Council Special Notice:https://www.interpol.int/en/How-we-work/Notices/View-UN-Notices-Individuals"
QDi.324,individual,ABDUL MOHSEN ABDALLAH IBRAHIM AL CHAREKH,,Abdul Mohsen Abdullah Ibrahim Al-Sharikh; Sanafi al Nasr,,Al-Qaida,2014-08-15,Saudi Arabia,Saudi Arabia,1985-07-13,,,2019-05-01; 2021-11-15; 2025-03-11,"A long time facilitator and financier for Al-Qaida (QDe.004), appointed as a regional leader of Jabhat al-Nusrah, formerly listed as Al-Nusrah Front for the People of the Levant Reportedly killed in a counterterrorism operation in Northwest Syria in October 2015 INTERPOL-UN Security Council Special Notice:https://www.interpol.int/en/How-we-work/Notices/View-UN-Notices-Individuals"
QDi.325,individual,ABOU MOHAMED AL ADNANI,,Yaser Khalaf Nazzal Alrawi; Jaber Taha Falah; Abou Khattab; Abou Sadeq Alrawi; Tah al Binchi; Abu Mohammed al-Adnani; Taha Sobhi Falaha; Yasser Khalaf Hussein Nazal al-Rawi; Abu Baker al-Khatab; Abu Sadek al-Rawi; Taha al-Banshi; Abu Mohamed al-Adnani; Abu-Mohammad al-Adnani al-Shami; Hajj Ibrahim,,Al-Qaida,2014-08-15,Iraq,Iraq,1977,,,2019-05-01; 2021-11-15; 2025-03-11,"Was the official spokesman of Islamic State in Iraq and the Levant (ISIL), listed as Al-Qaida in Iraq (QDe.115), and emir of ISIL in Syria, closely associated with Abu Mohammed al-Jawlani (formerly listed) and Abu Bakr al-Baghdadi, listed as Ibrahim Awwad Ibrahim Ali al-Badri al-Samarrai (QDi.299). Reportedly killed in August 2016 in air strike near al-Bab, Syria.. Photo available for inclusion in the INTERPOL-UN Security Council Special Notice INTERPOL-UN Security Council Special Notice:https://www.interpol.int/en/How-we-work/Notices/View-UN-Notices-Individuals"
QDi.326,individual,HAMID HAMAD HAMID AL-‘ALI,,,,Al-Qaida,2014-08-15,Kuwait,Kuwait,1960-11-17,Passport 001714467 Kuwait; Passport 101505554 Kuwait,,2021-03-23; 2021-11-15,"A Kuwait-based financier, recruiter and facilitator for Islamic State in Iraq and the Levant, listed as Al-Qaida in Iraq (QDe.115), and Jabhat al-Nusrah, formerly listed as Al-Nusrah Front for the People of the Levant. Associated with Ibrahim Awwad Ibrahim Ali al-Badri al-Samarrai (QDi.299) and Abu Mohammed al-Jawlani (formerly listed) INTERPOL-UN Security Council Special Notice:https://www.interpol.int/en/How-we-work/Notices/View-UN-Notices-Individuals"
QDi.327,individual,ABDELRAHMAN MOUHAMAD ZAFIR AL DABIDI AL JAHANI,,Abd Al-Rahman Muhammad Zafir Al-Dubaysi Al-Juhni; Abd Al-Rahman Muhammad Zafir al-Dubaysi al-Jahni; Abd Al-Rahman Muhammad Zafir al-Dubaysi al-Jahani; Abd Al-Rahman Muhammad Zafir al-Dubaysi al-Juhani; Abdulrhman Mohammed D. Aljahani; Abu al-Wafa’; Abu Anas; Abd al-Rahman Muhammad Zafir al-Dabisi al-Jahani; Abu Wafa al-Saudi; Abu al-Wafa; Abd al-Rahman Muhammad Thafir al-Jahni; Abd al-Rahman Muhammad al-Juhani; ) Abdelrahman Mouhamad Zafir al Dabissi Juhan; Abdelrahman Mouhamad Zafir al Dabissi Juhani,Abou Wafa al Saoudi,Al-Qaida,2014-08-15,Saudi Arabia,Saudi Arabia,1971-12-04; 1977,Passport F508591; National Identification Number 1027508157 Saudi Arabia,,2019-12-06; 2023-10-30,"A member and regional commander of Jabhat al-Nusrah, formerly listed as Al-Nusrah Front for the People of the Levant and a facilitator of foreign recruits for that group INTERPOL-UN Security Council Special Notice:https://www.interpol.int/en/How-we-work/Notices/View-UN-Notices-Individuals"
QDi.329,individual,AHMED ABDULLAH SALEH AL-KHAZMARI AL-ZAHRANI,,ABU MARYAM AL-ZAHRANI; ABU MARYAM AL-SAUDI; AHMED ABDULLAH S AL-ZAHRANI; AHMAD ABDULLAH SALIH AL-ZAHRANI; ABU MARYAM AL-AZADI; AHMED BIN ABDULLAH SALEH BIN AL-ZAHRANI; AHMED ABDULLAH SALEH AL-ZAHRANI AL-KHOZMRI,,Al-Qaida,2014-09-23,Saudi Arabia,Saudi Arabia,1978-09-15,Passport E126785 Saudi Arabia,,2019-12-06; 2023-10-30; 2023-12-14,Senior member of Al-Qaida (QDe.004). Reportedly killed in January 2020 in Yemen. Wanted by the Saudi Arabian Government for terrorism. Father's name is Abdullah Saleh al Zahrani. Physical description: eye colour: dark; hair colour: dark; complexion: olive. Speaks Arabic. Photo available for inclusion in the INTERPOL-UN Security Council Special Notice INTERPOL-UN Security Council Special Notice:https://www.interpol.int/en/How-we-work/Notices/View-UN-Notices-Individuals
QDi.330,individual,AZZAM ABDULLAH ZUREIK AL-MAULID AL-SUBHI,,Mansur al-Harbi; Azzam al-Subhi; Azam Abdallah Razeeq al Mouled Alsbhua; Abu Muslem al-Maky; Abu Suliman al-Harbi; Abu Abdalla al-Harbi; Azam A.R. Alsbhua,,Al-Qaida,2014-09-23,Saudi Arabia,Saudi Arabia,1976-04-12,Passport C389664 Saudi Arabia; National Identification Number 1024026187,,2019-12-06; 2020-09-10; 2023-10-30,Has ties to numerous senior Al-Qaida (QDe.004) leaders. Wanted by the Saudi Arabian Government for terrorism. Father's name is Abdullah Razeeq al Mouled al Sbhua. Physical description: eye colour: dark; hair colour: dark; complexion: dark. Speaks Arabic. Photo available for inclusion in the INTERPOL-UN Security Council Special Notice INTERPOL-UN Security Council Special Notice:https://www.interpol.int/en/How-we-work/Notices/View-UN-Notices-Individuals
QDi.331,individual,ANDERS CAMEROON OSTENSVIG DALE,,,Muslim Abu Abdurrahman,Al-Qaida,2014-09-23,Norway,Norway,1978-10-19,,,2019-12-06; 2023-10-30,Member of Al-Qaida in the Arabian Peninsula (AQAP) (QDe.129). Physical description: eye colour: brown; hair colour: brown; height: 185 cm INTERPOL-UN Security Council Special Notice:https://www.interpol.int/en/How-we-work/Notices/View-UN-Notices-Individuals
QDi.332,individual,IBRAHIM SULEIMAN HAMAD AL-HABLAIN,,Barahim Suliman H. al Hblian,Abu Jabal; Abu-Jabal,Al-Qaida,2014-09-23,Saudi Arabia,Saudi Arabia,1984-12-17,Passport F800691 Saudi Arabia; National Identification Number 1047503170,,2019-12-06; 2020-09-10; 2023-10-30,Explosives expert and operative for the Abdallah Azzam Brigades (AAB) (QDe.144). Wanted by the Saudi Arabian Government for terrorism. Physical description: eye colour: dark; hair colour: dark; complexion: olive. Speaks Arabic. Photo available for inclusion in the INTERPOL-UN Security Council Special Notice INTERPOL-UN Security Council Special Notice:https://www.interpol.int/en/How-we-work/Notices/View-UN-Notices-Individuals
QDi.333,individual,SEIFALLAH BEN OMAR BEN MOHAMED BEN HASSINE,سيف الله بن عمر بن محمد بنحسين,Seif Allah ben Hocine; Saifallah ben Hassine; Sayf Allah ‘Umar bin Hassayn; Seifallah ben Amor ben Hassine; Sayf Allah bin Hussayn,Abu Iyyadh al-Tunisi; Abou Iyadh el-Tounsi; Abu Ayyad al-Tunisi; Abou Aayadh; Abou Iyadh,Al-Qaida,2014-09-23,Tunisia,Libya; Tunisia,1965-11-08,Passport G557170 Tunisia; National Identification Number 05054425 Tunisia,,2017-02-15; 2017-12-26; 2020-11-24,Founder of the Tunisian Combatant Group (QDe.090) and leader of Ansar al-Shari'a in Tunisia (AAS-T) (QDe.143). Arrest warrant issued by Tunisian Court of First Instance on 23 Aug. 2013 INTERPOL-UN Security Council Special Notice:https://www.interpol.int/en/How-we-work/Notices/View-UN-Notices-Individuals
QDi.334,individual,‘ABD AL-RAHMAN BIN ‘UMAYR AL-NU’AYMI,,Abd al-Rahman bin 'Amir al-Na'imi; 'Abd al-Rahman al-Nu'aimi; 'Abd al-Rahman bin 'Amir al-Nu'imi; 'Abd al-Rahman bin 'Amir al-Nu'aymi; 'Abdallah Muhammad al-Nu'aymi; 'Abd al-Rahman al-Nua'ymi; A. Rahman al-Naimi; Abdelrahman Imer al Jaber al Naimeh; A. Rahman Omair J Alnaimi; Abdulrahman Omair al Neaimi,,Al-Qaida,2014-09-23,Qatar,Qatar,1954,Passport 01461558 Qatar; Passport Qatari passport number 00868774; National Identification Number 25463400086 Qatar; National Identification Number 25463401784 Qatar,,2017-02-15; 2021-03-23,Financier and facilitator for Al-Qaida (QDe.004) and Al-Qaida in Iraq (QDe.115) INTERPOL-UN Security Council Special Notice:https://www.interpol.int/en/How-we-work/Notices/View-UN-Notices-Individuals
QDi.335,individual,‘ABD AL-RAHMAN KHALAF ‘UBAYD JUDAY’ AL-‘ANIZI,,‘Abd al-Rahman Khalaf al-Anizi; ‘Abd al-Rahman Khalaf al-‘Anzi,Abu Usamah al-Rahman; Abu Shaima’ Kuwaiti; Abu Usamah al-Kuwaiti; Abu Usama; Yusuf,Al-Qaida,2014-09-23,Kuwait,Kuwait; Syrian Arab Republic,1973-03-06,National Identification Number 273030601222 Kuwait,,2017-02-15; 2019-05-01; 2022-11-08; 2023-02-02,"A sentence of imprisonment for 15 years was issued against him by Kuwait in absentia on 30 July 2015. Provides support to Al-Qaida (QDe.004) and Islamic State in Iraq and the Levant, listed as Al-Qaida in Iraq (AQI) (QDe.115), in Syria and Iraq INTERPOL-UN Security Council Special Notice:https://www.interpol.int/en/How-we-work/Notices/View-UN-Notices-Individuals"
QDi.337,individual,MAYSAR ALI MUSA ABDALLAH AL-JUBURI,,Muyassir al-Jiburi; Muyassir Harara; Muyassir al-Shammari; Muhammad Khalid Hassan,Al-Shammari; Mus'ab al-Qahtani; Abu Maria al-Qatani; ABU UMAR,Al-Qaida,2014-09-23,Iraq,Iraq,1976-06-01; 1976,,,2019-12-06; 2023-10-30,"Sharia amir of Al-Nusrah Front for the People of the Levant (formerly listed) as of early 2014. Reportedly died in the Syrian Arab Republic on 2 April 2024, Mother’s name: Subhah Muhammad Sayf INTERPOL-UN Security Council Special Notice:https://www.interpol.int/en/How-we-work/Notices/View-UN-Notices-Individuals"
QDi.338,individual,SHAFI SULTAN MOHAMMED SULTAN AL-AJMI,شافي سلطان محمد سلطان العجمي,Shafi al-Ajmi; Sheikh Shafi al-Ajmi; SHAFI S. M. S. ALAJMI,Shaykh Abu-Sultan,Al-Qaida,2014-09-23,Kuwait,Kuwait,1973-01-01,Passport 03111298 Kuwait; Passport 003111298 Kuwait; Passport 0216155930; National Identification Number 273010101204 Kuwait,,2020-11-24; 2025-08-22; 2026-08-13,"Fundraiser for Al-Nusrah Front for the People of the Levant (formerly listed). In November 2023, he was released from prison in Kuwait as part of the Special Amiri Decree Pardon No. 225/2023. Photo available for inclusion in the INTERPOL-UN Security Council Special Notice. INTERPOL-UN Security Council Special Notice:https://www.interpol.int/en/How-we-work/Notices/View-UN-Notices-Individuals"
QDi.339,individual,‘ABD AL-RAHMAN MUHAMMAD MUSTAFA AL-QADULI,,‘Abd al-Rahman Muhammad Mustafa Shaykhlari; Umar Muhammad Khalil Mustafa; Abdul Rahman Muhammad al-Bayati; Tahir Muhammad Khalil Mustafa al-Bayati; Aliazra Ra’ad Ahmad,Abu-Shuayb; Hajji Iman; Abu Iman; Abu Ala; Abu Hasan; Abu Muhammad; Abu Zayna,Al-Qaida,2014-09-23,Iraq,Iraq,1959; 1957,,,2019-12-06; 2023-10-30; 2023-12-14,"Senior Islamic State in Iraq and the Levant (ISIL), listed as Al-Qaida in Iraq (AQI) (QDe.115), official. Reportedly killed in Syria in 2016. Previously served as a representative of AQI to Al-Qaida (QDe.004) senior leadership in Pakistan INTERPOL-UN Security Council Special Notice:https://www.interpol.int/en/How-we-work/Notices/View-UN-Notices-Individuals"
QDi.340,individual,EMILIE EDWIGE KONIG,,,Emilie Samra Konig,Al-Qaida,2014-09-23,France,France; Syrian Arab Republic,1984-12-09,Passport French passport number 05AT521433; National Identification Number French national identity card number 050456101445; National Identification Number French identity card number 0205561020089,,2016-06-24; 2021-11-15,"French terrorist fighter who travelled to Syria and joined Islamic State in Iraq and the Levant, listed as Al-Qaida in Iraq (AQI) (QDe.115). Active in radicalizing and propagating Al-Qaida’s (QDe.004) ideology through the Internet. Incites violent activities against France. French arrest warrant issued on 12 Jun. 2015 by a magistrate of the anti-terrorism division of the Prosecutor’s Office in Paris for her participation in a terrorist criminal association INTERPOL-UN Security Council Special Notice:https://www.interpol.int/en/How-we-work/Notices/View-UN-Notices-Individuals"
QDi.341,individual,KEVIN JORDAN AXEL GUIAVARCH,,,,Al-Qaida,2014-09-23,France,France; Syrian Arab Republic; Türkiye,1993-03-12,Passport 12CP63882.3FRA France; National Identification Number 070275Q007873 France,,2016-06-24; 2017-08-27; 2021-11-15,"French terrorist fighter associated with Al-Nusrah Front for the People of the Levant (formerly listed) and the Islamic State in Iraq and the Levant (ISIL), listed as Al-Qaida in Iraq (QDe.115). Facilitated foreign terrorist fighters travel from France to Syria. Activist in violent propaganda through the Internet. A warrant for his arrest was issued in 2014 by French authorities and executed in Jan. 2017 upon his expulsion from Turkey where he was arrested in Jun. 2016 INTERPOL-UN Security Council Special Notice:https://www.interpol.int/en/How-we-work/Notices/View-UN-Notices-Individuals"
QDi.342,individual,OUMAR DIABY,,,Omsen; Oumar Omsen,Al-Qaida,2014-09-23,Senegal,Senegal; Syrian Arab Republic,1975-08-05,,,2019-12-06; 2023-10-30,A leader of an armed group linked to Al-Nusrah Front for the People of the Levant (formerly listed) and a key facilitator for a Syrian foreign terrorist fighter network. Active in terrorist propaganda through the Internet INTERPOL-UN Security Council Special Notice:https://www.interpol.int/en/How-we-work/Notices/View-UN-Notices-Individuals
QDi.343,individual,ASHRAF MUHAMMAD YUSUF 'UTHMAN 'ABD AL-SALAM,اشرف محمد يوسف عثمان عبد السلام,Ashraf Muhammad Yusif 'Uthman 'Abd-al-Salam; Ashraf Muhammad Yusuf 'Abd-al-Salam; Ashraf Muhammad Yusif 'Abd al-Salam,Khattab; Ibn al-Khattab,Al-Qaida,2015-01-23,Jordan,Jordan; Syrian Arab Republic,1984,Passport K048787; Passport 486298,,2020-11-24; 2021-03-23,"A member of Al-Qaida (QDe.004) as of 2012 and a fighter in the Syrian Arab Republic since early 2014. Provided financial, material, and technological support for Al-Qaida, Al-Nusrah Front for the People of the Levant (formerly listed) and Al-Qaida in Iraq (AQI) (QDe.115) INTERPOL-UN Security Council Special Notice:https://www.interpol.int/en/How-we-work/Notices/View-UN-Notices-Individuals"
QDi.344,individual,IBRAHIM 'ISA HAJJI MUHAMMAD AL-BAKR,ابراهیم عیسی حاجي محمد البکر,Ibrahim 'Issa Haji Muhammad al-Bakar; Ibrahim 'Isa Haji al-Bakr; Ibrahim Issa Hijji Mohd Albaker; Ibrahim Issa Hijji Muhammad al-Baker; Ibrahim 'Issa al-Bakar; Ibrahim al-Bakr,Abu-Khalil,Al-Qaida,2015-01-23,Qatar,Qatar,1977-07-12,Passport 01016646 Qatar; National Identification Number Qatar identification number 27763401255,,2020-11-14; 2020-11-24; 2021-03-23,Facilitator who provides financial support for and financial services to and in support of Al-Qaida (QDe.004) INTERPOL-UN Security Council Special Notice:https://www.interpol.int/en/How-we-work/Notices/View-UN-Notices-Individuals
QDi.345,individual,TARKHAN TAYUMURAZOVICH BATIRASHVILI,,Tarkhan Tayumurazovich Batyrashvili; Tarkhan Batirashvili,Omar Shishani; Umar Shishani; Abu Umar al-Shishani; Omar al-Shishani; Chechen Omar; Omar the Chechen; Omer the Chechen; Umar the Chechen; Abu Umar; Abu Hudhayfah,Al-Qaida,2015-01-23,Georgia,Georgia; Syrian Arab Republic,1986-01-11; 1982,Passport 09AL14455; National Identification Number 08001007864,,2020-11-24,"As of mid-2014, Syria-based senior military commander and shura council member of Islamic State in Iraq and the Levant, listed as Al-Qaida in Iraq (AQI) (QDe.115). Led approximately 1,000 foreign fighters for ISIL and committed a number of attacks in northern Syria INTERPOL-UN Security Council Special Notice:https://www.interpol.int/en/How-we-work/Notices/View-UN-Notices-Individuals"
QDi.348,individual,ANGGA DIMAS PERSHADA,,Angga Dimas Persada; Angga Dimas Persadha; Angga Dimas Prasondha,,Al-Qaida,2015-03-13,Indonesia,Indonesia,1985-03-04,Passport W344982 Indonesia,,2020-11-24,Member of Jemaah Islamiyah (QDe.092) and leader of Hilal Ahmar Society Indonesia (HASI) (QDe.147) INTERPOL-UN Security Council Special Notice:https://www.interpol.int/en/How-we-work/Notices/View-UN-Notices-Individuals
QDi.349,individual,BAMBANG SUKIRNO,,,Pak Zahra; Abu Zahra,Al-Qaida,2015-03-13,Indonesia,Indonesia,1975-04-05,Passport A2062513 Indonesia,,2020-11-24,A senior leader of Jemaah Islamiyah (QDe.092) who has held leadership positions in Hilal Ahmar Society Indonesia (HASI) (QDe.147) INTERPOL-UN Security Council Special Notice:https://www.interpol.int/en/How-we-work/Notices/View-UN-Notices-Individuals
QDi.350,individual,WIJI JOKO SANTOSO,,Wijijoko Santoso,Abu Seif al-Jawi; Abu Seif,Al-Qaida,2015-03-13,Indonesia,Indonesia,1975-07-14,Passport A2823222 Indonesia,,2020-11-24,Head of the foreign affairs division and key outreach player of Jemaah Islamiyah (QDe.092). Associated with Hilal Ahmar Society Indonesia (HASI) (QDe.147) INTERPOL-UN Security Council Special Notice:https://www.interpol.int/en/How-we-work/Notices/View-UN-Notices-Individuals
QDi.353,individual,ALI BEN TAHER BEN FALEH OUNI HARZI,علي بن الطاھر بن الفالح العوني الحرزي,,Abou Zoubair,Al-Qaida,2015-04-10,Tunisia,Iraq; Libya; Syrian Arab Republic; Tunisia,1986-03-09,Passport W342058 Tunisia; National Identification Number 08705184 Tunisia,,2016-09-14; 2019-05-01; 2021-11-15,"Physical description: eye colour: brown; height: 171cm. Photo available for inclusion in the INTERPOL-UN Security Council Special Notice. Previous occupation: trading agent. A member of Ansar al-Shari’a in Tunisia (QDe.143), active in recruitment of foreign terrorist fighters and arms smuggling. Detained and sentenced to 30 months imprisonment for planning terrorist acts in 2005 in Tunisia. Planned and perpetrated the attack against the Consulate of the United States in Benghazi, Libya on 11 Sep. 2012. Arrest warrant issued by the Tunisian National Guard (as at Mar. 2015). Father’s name is Taher Ouni Harzi, mother’s name is Borkana Bedairia. Reportedly killed in an airstrike in Mosul, Iraq, in Jun. 2015 INTERPOL-UN Security Council Special Notice:https://www.interpol.int/en/How-we-work/Notices/View-UN-Notices-Individuals"
QDi.354,individual,TARAK BEN TAHER BEN FALEH OUNI HARZI,طارق بن الطاھر بن الفالح العوني الحرزي,,Abou Omar Al Tounisi,Al-Qaida,2015-04-10,Tunisia,Iraq; Libya; Syrian Arab Republic; Tunisia,1982-05-03,Passport Z050399 Tunisia; National Identification Number 04711809 Tunisia,,2016-09-14; 2019-05-01; 2021-11-15,"Physical description: eye colour: brown; height: 172cm. Photo available for inclusion in the INTERPOL-UN Security Council Special Notice. Previous occupation: worker. A dangerous and active member of Al Qaida in Iraq (QDe.115) in 2004, also active in facilitating and hosting members of Ansar al-Shari’a in Tunisia (QDe.143) in Syria. Sentenced, in absentia, on 30 October 2007, to 24 years imprisonment for terrorist activities by the Appeals Court of Tunis. Father’s name is Taher Ouni Harzi, mother’s name is Borkana Bedairia. Reportedly killed in Syria in Jun. 2015 INTERPOL-UN Security Council Special Notice:https://www.interpol.int/en/How-we-work/Notices/View-UN-Notices-Individuals"
QDi.355,individual,SOFIANE BEN GOUMO,,Sufyan bin Qumu,ABOU FARAI AL LIBI,Al-Qaida,2015-09-03,Libya,Libya,1959-06-26,,,2020-11-24; 2025-03-11,Leader of Ansar al Charia Derna (QDe.145) INTERPOL-UN Security Council Special Notice:https://www.interpol.int/en/How-we-work/Notices/View-UN-Notices-Individuals
QDi.356,individual,AQSA MAHMOOD,,,Umm Layth,Al-Qaida,2015-09-28,United Kingdom of Great Britain and Northern Ireland,Syrian Arab Republic; United Kingdom of Great Britain and Northern Ireland,1994-05-11,Passport 720134834 United Kingdom of Great Britain and Northern Ireland,,2020-11-24,"Recruiter for Islamic State in Iraq and the Levant, listed as Al-Qaida in Iraq (QDe.115), in the Syrian Arab Republic, and a key figure in the the Al-Khanssaa brigade, a female ISIL brigade established in Al-Raqqa to enforce ISIL’s interpretation of Sharia law. Sex: female. Photo available for inclusion in the INTERPOL-UN Security Council Special Notice INTERPOL-UN Security Council Special Notice:https://www.interpol.int/en/How-we-work/Notices/View-UN-Notices-Individuals"
QDi.357,individual,ASEEL MUTHANA,,,,Al-Qaida,2015-09-30,United Kingdom of Great Britain and Northern Ireland,Syrian Arab Republic; United Kingdom of Great Britain and Northern Ireland,1996-11-22,Passport 516088643 United Kingdom of Great Britain and Northern Ireland,,2020-11-24,"Foreign terrorist fighter with Islamic State in Iraq and the Levant, listed as Al-Qaida in Iraq (QDe.115), in the Syrian Arab Republic. Wanted by the authorities of the United Kingdom. Physical description: hair colour: brown/black INTERPOL-UN Security Council Special Notice:https://www.interpol.int/en/How-we-work/Notices/View-UN-Notices-Individuals"
QDi.358,individual,NASSER AHMED MUTHANA,,Nasir Muthana,Abdul Muthana; Abu Muthana; Abu Al-Yemeni Muthana; Abu Muthanna,Al-Qaida,2015-09-28,United Kingdom of Great Britain and Northern Ireland,Syrian Arab Republic; United Kingdom of Great Britain and Northern Ireland,1994-04-29,Passport 210804241 United Kingdom of Great Britain and Northern Ireland,,2020-11-24,"Foreign terrorist fighter with Islamic State in Iraq and the Levant (ISIL), listed as Al-Qaida in Iraq (QDe.115), in the Syrian Arab Republic. Wanted by the authorities of the United Kingdom. Physical description: hair colour: brown/black. Photo available for inclusion in the INTERPOL-UN Security Council Special Notice INTERPOL-UN Security Council Special Notice:https://www.interpol.int/en/How-we-work/Notices/View-UN-Notices-Individuals"
QDi.359,individual,OMAR ALI HUSSAIN,,,Abu-Sa'id Al Britani,Al-Qaida,2015-09-28,United Kingdom of Great Britain and Northern Ireland,Syrian Arab Republic; United Kingdom of Great Britain and Northern Ireland,1987-03-21,Passport 205939411 United Kingdom of Great Britain and Northern Ireland,,2020-11-24,"Foreign terrorist fighter with Islamic State in Iraq and the Levant (ISIL), listed as Al-Qaida in Iraq (QDe.115), in the Syrian Arab Republic. Physical description: eye colour: brown; hair colour: brown/black. Photo available for inclusion in the INTERPOL-UN Security Council Special Notice INTERPOL-UN Security Council Special Notice:https://www.interpol.int/en/How-we-work/Notices/View-UN-Notices-Individuals"
QDi.360,individual,SALLY-ANNE FRANCES JONES,,,Umm Hussain al-Britani; Sakinah Hussain,Al-Qaida,2015-09-28,United Kingdom of Great Britain and Northern Ireland,Syrian Arab Republic; United Kingdom of Great Britain and Northern Ireland,1968-11-17,Passport 519408086,,2020-11-24,"Recruiter for Islamic State in Iraq and the Levant (ISIL), listed as Al-Qaida in Iraq (QDe.115), in the Syrian Arab Republic. Sex: female. Husband’s name is: Junaid Hussain. Photo available for inclusion in the INTERPOL-UN Security Council Special Notice INTERPOL-UN Security Council Special Notice:https://www.interpol.int/en/How-we-work/Notices/View-UN-Notices-Individuals"
QDi.361,individual,AMRU AL-ABSI,,Amr al Absi; Abu al Athir Amr al Absi,Abu al-Athir; Abu al-Asir; Abu Asir; Abu Amr al Shami; Abu al-Athir al-Shami; Abu-Umar al-Absi,Al-Qaida,2015-09-29,,Syrian Arab Republic,1979,,,2019-05-01; 2022-11-08,"Shura council member of Islamic State in Iraq and the Levant, listed as Al-Qaida in Iraq (AQI) (QDe.115) and in charge of ISIL’s media arm. ISIL’s provincial leader for Homs, Syrian Arab Republic as of mid-2014. Dubbed as the ISIL’s “kidnapper-in-chief” INTERPOL-UN Security Council Special Notice:https://www.interpol.int/en/How-we-work/Notices/View-UN-Notices-Individuals"
QDi.363,individual,MAGHOMED MAGHOMEDZAKIROVICH ABDURAKHMANOV,Абдурахманов Магомед Магомедзакирович,,Abu Banat; Abu al Banat,Al-Qaida,2015-10-02,Russian Federation,Russian Federation; Syrian Arab Republic; Turkey,1974-11-24,Passport Russian foreign travel passport number 515458008; National Identification Number 8200203535 Russian Federation,,2020-11-24,"As at Aug. 2015, leader of Jamaat Abu Banat terrorist group, which forms part of the Islamic State in Iraq and the Levant (ISIL), listed as Al-Qaida in Iraq (QDe.115), and operates on the outskirts of Syrian Arab Republic cities Aleppo and Idlib, extorting funds from and carrying out kidnappings and public executions of local Syrians. Physical description: eye colour brown, hair colour: dark, build: strong, straight nose, height: 180-185 cm, speaks Russian, English, Arabic. Wanted by the authorities of the Russian Federation for terrorist crimes committed in its territory. Photo available for inclusion in the INTERPOL-UN Security Council Special Notice INTERPOL-UN Security Council Special Notice:https://www.interpol.int/en/How-we-work/Notices/View-UN-Notices-Individuals"
QDi.364,individual,ISLAM SEIT-UMAROVICH ATABIEV,Ислам Сеит-Умарович Атабиев,,Abu Jihad,Al-Qaida,2015-10-02,Russian Federation,Iraq; Russian Federation; Syrian Arab Republic,1983-09-29,Passport Russian foreign travel passport number 620169661; National Identification Number 9103314932 Russian Federation,,2020-11-24,"As at Aug. 2015, emir of Russian-speaking militants of the Islamic State of Iraq and the Levant (ISIL), listed as Al-Qaida in Iraq (QDe.115). Controls the Syrian Arab Republic cities of Al Dana and Idlib as an ISIL chief. Wanted by the authorities of the Russian Federation for terrorist crimes committed in its territory. Photo available for inclusion in the INTERPOL-UN Security Council Special Notice INTERPOL-UN Security Council Special Notice:https://www.interpol.int/en/How-we-work/Notices/View-UN-Notices-Individuals"
QDi.365,individual,AKHMED RAJAPOVICH CHATAEV,Ахмед Ражапович Чатаев,Akhmad Shishani; David Mayer; Elmir Sene,Odnorukiy,Al-Qaida,2015-10-02,Russian Federation,Iraq; Russian Federation; Syrian Arab Republic,1980-07-04,National Identification Number 9600133195 Russian Federation,,2015-12-10; 2015-12-30; 2020-11-24,"As at Aug. 2015, one of the leaders of the Islamic State in Iraq and the Levant (ISIL), listed as Al-Qaida in Iraq (QDe.115), commanding directly 130 militants. Physical description: eye colour: brown, hair colour: black, build: solid; distinguishing marks: oval face, beard, missing a right hand and left leg, speaks Russian, Chechen and possibly German and Arabic. Wanted by the authorities of the Russian Federation for terrorist crimes committed in its territory. Photo available for inclusion in the INTERPOL-UN Security Council Special Notice INTERPOL-UN Security Council Special Notice:https://www.interpol.int/en/How-we-work/Notices/View-UN-Notices-Individuals"
QDi.366,individual,TARKHAN ISMAILOVICH GAZIEV,Тархан Исмаилович Газиев,Ramzan Oduev; Tarkhan Isaevich Gaziev; Husan Isaevich Gaziev; Umar Sulimov,Wainakh; Sever; Abu Bilal; Abu Yasir; Abu Asim; Husan; Ab-Bilal; Abu-Naser,Al-Qaida,2015-10-02,Russian Federation,Iraq; Russian Federation; Syrian Arab Republic,1965-11-11,,,2015-12-10; 2016-09-06; 2021-11-15,"As at Aug. 2015, leads Jamaat Tarkhan, a terrorist group that forms part of the Islamic State in Iraq and the Levant, listed as Al-Qaida in Iraq (QDe.115). Wanted by the authorities of the Russian Federation for terrorist crimes committed in its territory, including through an international arrest warrant. Photo available for inclusion in the INTERPOL-UN Security Council Special Notice INTERPOL-UN Security Council Special Notice:https://www.interpol.int/en/How-we-work/Notices/View-UN-Notices-Individuals"
QDi.367,individual,ZAURBEK SALIMOVICH GUCHAEV,Заурбек Салимович Гучаев,,Bach; Fackih; Vostochniy; Muslim; Aziz; Abdul Aziz,Al-Qaida,2015-10-02,Russian Federation,Iraq; Russian Federation; Syrian Arab Republic,1975-09-07,Passport Russian foreign travel passport number 622641887; National Identification Number 8304661431 Russian Federation,,2020-11-24,"As at Aug. 2015, one of the leaders of the Army of Emigrants and Supporters (QDe.148). Wanted by the authorities of the Russian Federation for terrorist crimes committed in its territory. Photo available for inclusion in the INTERPOL-UN Security Council Special Notice INTERPOL-UN Security Council Special Notice:https://www.interpol.int/en/How-we-work/Notices/View-UN-Notices-Individuals"
QDi.368,individual,SHAMIL MAGOMEDOVICH ISMAILOV,Шамиль Магомедович Измайлов,Shamil Magomedovich Aliev,Abu Hanifa,Al-Qaida,2015-10-02,Russian Federation,Iraq; Russian Federation; Syrian Arab Republic,1980-10-29,Passport 514448632 Russian Federation; National Identification Number 1200075689 Russian Federation,,2020-11-24,"As at Aug. 2015, leader of Jamaat Abu Hanifa, a terrorist group that was part of the Al-Nusrah Front for the People of the Levant (formerly listed). Physical description: eye colour: brown, hair colour: black, build: slim, height 175-180 cm. Distinguishing marks: long face, speech defect. Wanted by the authorities of the Russian Federation for terrorist crimes committed in its territory. Photo available for inclusion in the INTERPOL-UN Security Council Special Notice INTERPOL-UN Security Council Special Notice:https://www.interpol.int/en/How-we-work/Notices/View-UN-Notices-Individuals"
QDi.369,individual,MU’TASSIM YAHYA ‘ALI AL-RUMAYSH,,,Rayhanah; Abu-Rayhanah; Handalah; Abu-Rayhanah al-'Ansari al-Jeddawi,Al-Qaida,2015-09-29,Yemen,Yemen,1973-01-04,Passport 01055336 Yemen; National Identification Number alien registration number 2054275397 Saudi Arabia,,2019-12-06; 2023-10-30,"Financial and foreign fighter facilitator for Islamic State in Iraq and the Levant, listed as Al-Qaida in Iraq (QDe.115). Member of Al-Qaida in the Arabian Peninsula (AQAP) (QDe.129) since at least Jun. 2014 INTERPOL-UN Security Council Special Notice:https://www.interpol.int/en/How-we-work/Notices/View-UN-Notices-Individuals"
QDi.370,individual,TARAD MOHAMMAD Alnori Alfares ALJARBA,,Tarad Aljarba,Abu-Muhammad al-Shimali,Al-Qaida,2015-09-29,Saudi Arabia,Saudi Arabia,1979-11-20,Passport E704088; National Identification Number 1121628414,,2019-12-06; 2020-09-10; 2023-10-30,"Border emir of Islamic State in Iraq and the Levant (ISIL), listed as Al-Qaida in Iraq (QDe.115) as of Apr. 2015, and ISIL’s leader for operations outside of the Syrian Arab Republic and Iraq as of mid-2014. Facilitated the travel from Turkey to the Syrian Arab Republic of prospective ISIL fighters from Australia, Europe, and the Middle East. Managed ISIL’s guesthouse in Azaz, Syrian Arabic Republic as of 2014 INTERPOL-UN Security Council Special Notice:https://www.interpol.int/en/How-we-work/Notices/View-UN-Notices-Individuals"
QDi.371,individual,ABD AL-BASET AZZOUZ,,Abdelbassed Azouz; Abdul Baset Azouz,AA,Al-Qaida,2016-02-29,Libya,Libya,1966-02-07,Passport 223611 Libya; Passport British passport number C00146605,,2020-11-24,"Key operative in Al-Qaida (QDe.004). Under the direction of Aiman al-Zawahiri (QDi.006), recruited 200 militants in the eastern part of Libya INTERPOL-UN Security Council Special Notice:https://www.interpol.int/en/How-we-work/Notices/View-UN-Notices-Individuals"
QDi.372,individual,GULMUROD KHALIMOV,,,,Al-Qaida,2016-02-29,Tajikistan,Afghanistan; Tajikistan,1975-05-14; 1975,,,2020-11-24; 2025-08-22,"Syria-based military expert, member and recruiter of Islamic State in Iraq and the Levant, listed as Al-Qaida in Iraq (QDe.115). Wanted by the Government of Tajikistan INTERPOL-UN Security Council Special Notice:https://www.interpol.int/en/How-we-work/Notices/View-UN-Notices-Individuals"
QDi.374,individual,NUSRET IMAMOVIC,,Nusret Sulejman Imamovic,,Al-Qaida,2016-02-29,Bosnia and Herzegovina,Bosnia and Herzegovina; Syrian Arab Republic,1971-09-26; 1977-09-26,Passport 349054 Bosnia and Herzegovina; Passport 3490054 Bosnia and Herzegovina,,2019-03-29; 2019-05-01; 2022-11-08,Believed to be fighting with Al-Nusrah Front for the People of the Levant (formerly listed) in Syrian Arab Republic and reported to be a leader in the group as of Apr. 2015 INTERPOL-UN Security Council Special Notice:https://www.interpol.int/en/How-we-work/Notices/View-UN-Notices-Individuals
QDi.375,individual,BOUBAKER BEN HABIB BEN AL-HAKIM,,Boubakeur el-Hakim; Boubaker el Hakim,Abou al Moukatel; Abou Mouqatel; Abu-Muqatil al-Tunisi; El Hakim Boubakeur,Al-Qaida,2015-09-29,France; Tunisia,France; Syrian Arab Republic; Tunisia,1983-08-01,,,2016-06-24; 2021-11-15; 2026-08-18,"French-Tunisian foreign terrorist fighter for Islamic State in Iraq and the Levant (ISIL), listed as Al-Qaida in Iraq (QDe.115). Reportedly killed in Raqqa, Syria on 26 November 2016. INTERPOL-UN Security Council Special Notice:https://www.interpol.int/en/How-we-work/Notices/View-UN-Notices-Individuals"
QDi.376,individual,PETER CHERIF,,,,Al-Qaida,2015-09-29,France,France; Yemen,1982-08-26,,,2016-06-24; 2021-11-15; 2026-08-18,Member of Al-Qaida in the Arabian Peninsula (AQAP) (QDe.129). Convicted in absentia to five years in prison in France in 2012. Wanted by French authorities as of 2015. Sentenced to life imprisonment by a French court on 3 October 2024. INTERPOL-UN Security Council Special Notice:https://www.interpol.int/en/How-we-work/Notices/View-UN-Notices-Individuals
QDi.377,individual,MUHANNAD AL-NAJDI,,'Ali Manahi 'Ali al-Mahaydali al-'Utaybi,Ghassan al-Tajiki,Al-Qaida,2016-02-29,Saudi Arabia,Saudi Arabia,1984-05-19,,,2020-11-24,Syria-based Al-Qaida (QDe.004) facilitator. Involved in the development of improvised explosive devices for use in Afghanistan and Syrian Arab Republic since at least 2010 INTERPOL-UN Security Council Special Notice:https://www.interpol.int/en/How-we-work/Notices/View-UN-Notices-Individuals
QDi.378,individual,MAXIME HAUCHARD,,,Abou Abdallah al Faransi,Al-Qaida,2015-09-29,France,France; Syrian Arab Republic,1992-03-17,National Identification Number French national identity card number 101127200129,,2016-06-24; 2021-11-15,"French foreign terrorist fighter for Islamic State in Iraq and the Levant, listed as Al-Qaida in Iraq (QDe.115). French arrest warrant issued on 20 Jan. 2015 by a magistrate of the anti-terrorism division of the Prosecutor’s Office in Paris for murder in connection with a terrorist entity and participation in a terrorist criminal association INTERPOL-UN Security Council Special Notice:https://www.interpol.int/en/How-we-work/Notices/View-UN-Notices-Individuals"
QDi.380,individual,ABD AL-LATIF BIN ABDALLAH SALIH MUHAMMAD AL-KAWARI,عبداللطیف بن عبدلله صالح محمد الكواري,Abd-al-Latif Abdallah Salih al-Kawari; Abd-al-Latif Abdallah Salih al-Kuwari; Abd-al-Latif Abdallah al-Kawwari; Abd-al-Latif Abdallah al-Kawari; Abu Ali al-Kawari,,Al-Qaida,2015-09-21,Qatar,Qatar,1973-09-28,Passport 01020802 Qatar; Passport 00754833 Qatar; Passport 00490327 Qatar; Passport 01538029 Qatar; National Identification Number 27363400684 Qatar,,2019-05-01; 2021-03-23; 2022-11-08,"Qatar-based facilitator who provides financial services to, or in support of, Al-Qaida (QDe.004) INTERPOL-UN Security Council Special Notice:https://www.interpol.int/en/How-we-work/Notices/View-UN-Notices-Individuals"
QDi.382,individual,SA'D BIN SA'D MUHAMMAD SHARIYAN AL-KA'BI,,Sa'd bin Sa'd Muhammad Shiryan al-Ka'bi; Sa'd Sa'd Muhammad Shiryan al-Ka'bi; Sa'd al-Sharyan al-Ka'bi,Abu Haza'; Abu Hazza'; Umar al-Afghani; Abu Sa'd; Abu Suad,Al-Qaida,2015-09-21,Qatar,Qatar,1972-02-15,Passport 00966737 Qatar; National Identification Number 27263401275 Qatar,,2019-05-01; 2021-03-23,"Qatar-based facilitator who provides financial services to, or in support of, Al-Nusrah Front for the People of the Levant (formerly listed) INTERPOL-UN Security Council Special Notice:https://www.interpol.int/en/How-we-work/Notices/View-UN-Notices-Individuals"
QDi.383,individual,MORAD LAABOUDI,,,Abu Ismail; Abu Ismail al-Maghribi,Al-Qaida,2016-02-29,Morocco,Morocco; Turkey,1993-02-26,Passport UZ6430184 Morocco; National Identification Number CD595054 Morocco,,2021-11-15,"Facilitator for travel of foreign terrorist fighters to join Islamic State in Iraq and the Levant, listed as Al-Qaida in Iraq (QDe.115), in Syrian Arab Republic INTERPOL-UN Security Council Special Notice:https://www.interpol.int/en/How-we-work/Notices/View-UN-Notices-Individuals"
QDi.384,individual,ALI MUSA AL-SHAWAKH,,'Ali Musa al-Shawagh; Ali al-Hamoud al-Shawakh; Ibrahim al-Shawwakh; Muhammad 'Ali al-Shawakh,Abu Luqman; Ali Hammud; Abdullah Shuwar al-Aujayd; Ali Awas; 'Ali Derwish; 'Ali al-Hamud; Abu Luqman al-Sahl; Abu Luqman al-Suri; Abu Ayyub,Al-Qaida,2016-02-29,Syrian Arab Republic,Syrian Arab Republic,1973,,,2019-12-06; 2020-03-18; 2023-10-30,"A leader of Islamic State in Iraq and the Levant (ISIL), listed as Al-Qaida in Iraq (QDe.115). As of Jun, 2015, al-Shawakh was the ISIL governor of Aleppo INTERPOL-UN Security Council Special Notice:https://www.interpol.int/en/How-we-work/Notices/View-UN-Notices-Individuals"
QDi.385,individual,HASAN AL-SALAHAYN SALIH AL-SHA’ARI,,Husayn al-Salihin Salih al-Sha‘iri,Abu Habib al-Libi; Hasan Abu Habib,Al-Qaida,2016-02-29,Libya,Libya,1975,Passport 542858 Libya; National Identification Number national identification number 55252 Libya,,2021-11-15,"Facilitator for Islamic State in Iraq and the Levant (ISIL), listed as Al-Qaida in Iraq (QDe.115) INTERPOL-UN Security Council Special Notice:https://www.interpol.int/en/How-we-work/Notices/View-UN-Notices-Individuals"
QDi.386,individual,MOUNIR BEN DHAOU BEN BRAHIM BEN HELAL,,,Mounir Helel; Mounir Hilel; Abu Rahmah; Abu Maryam al-Tunisi,Al-Qaida,2016-02-29,Tunisia,Tunisia,1983-05-10,National Identification Number 08619445,,2021-11-15; 2022-05-27,"Foreign terrorist fighter facilitator experienced in establishing and securing travel routes. Deeply involved in providing material support to the Organization of Al-Qaida in the Islamic Maghreb (QDe.014) in North Africa. Assisted foreign terrorist fighters’ travel throughout North Africa and to Syrian Arab Republic to join Islamic State in Iraq and the Levant, listed as Al-Qaida in Iraq (QDe.115). Profession: farm worker. Mother's name: Mbarka Helali INTERPOL-UN Security Council Special Notice:https://www.interpol.int/en/How-we-work/Notices/View-UN-Notices-Individuals"
QDi.387,individual,MOHAMMED ABDEL-HALIM HEMAIDA SALEH,,Muhammad Hameida Saleh; Muhammad Abd-al-Halim Humaydah; Faris Baluchistan,,Al-Qaida,2016-02-29,Egypt,Egypt,1988-09-22; 1989-09-22,,,2021-11-15,"Member of Al-Qaida (QDe.004). Involved in recruiting suicide bombers to go to Syrian Arab Republic and planning terrorist activities against targets in Europe. Arrested in Cairo, Egypt in 2013 INTERPOL-UN Security Council Special Notice:https://www.interpol.int/en/How-we-work/Notices/View-UN-Notices-Individuals"
QDi.388,individual,SALIM BENGHALEM,,,,Al-Qaida,2016-02-29,France,France; Syrian Arab Republic,1980-07-06,,,2021-11-15,"Syria-based French violent extremist and member of Islamic State in Iraq and the Levant, listed as Al-Qaida in Iraq (QDe.115). Subject to a European Arrest Warrant INTERPOL-UN Security Council Special Notice:https://www.interpol.int/en/How-we-work/Notices/View-UN-Notices-Individuals"
QDi.389,individual,ABU UBAYDAH YUSUF AL-ANABI,,Abou Obeida Youssef Al-Annabi; Abu-Ubaydah Yusuf Al-Inabi,Mebrak Yazid; Youcef Abu Obeida; Mibrak Yazid; Yousif Abu Obayda Yazid; Yazid Mebrak; Yazid Mabrak; Yusuf Abu Ubaydah; Abou Youcef,Al-Qaida,2016-02-29,Algeria,Algeria,1969-02-07,,,2021-11-15; 2026-08-18,A leader of the Organization of Al-Qaida in the Islamic Maghreb (AQIM) (QDe.014). Father’s name is Omar Mebrak. Mother’s name is Zohra Mebrak. Photo available for inclusion in the INTERPOL-UN Security Council Special Notice. INTERPOL-UN Security Council Special Notice:https://www.interpol.int/en/How-we-work/Notices/View-UN-Notices-Individuals
QDi.392,individual,FAYSAL AHMAD BIN ALI AL-ZAHRANI,فيصل احمد بن علي الزهراني,Faisal Ahmed Ali Alzahrani,Abu Sarah al-Saudi; Abu Sara Zahrani,Al-Qaida,2016-04-20,Saudi Arabia,Saudi Arabia; Syrian Arab Republic,1986-01-19,Passport K142736 Saudi Arabia; Passport G579315 Saudi Arabia,,2019-05-01; 2022-11-08; 2023-07-21,"Reportedly deceased. Was the lead oil and gas division official of Islamic State in Iraq and the Levant (ISIL), listed as Al-Qaida in Iraq (QDe.115), for Al Barakah Governorate, Syrian Arab Republic, as of May 2015 INTERPOL-UN Security Council Special Notice:https://www.interpol.int/en/How-we-work/Notices/View-UN-Notices-Individuals"
QDi.394,individual,HUSAYN JUAYTHINI,,Hussein Mohammed Hussein Aljeithni; Husayn Muhammad al-Juaythini; Husayn Muhammad Husayn al-Juaythini; Husayn Muhamad Husayn al-Juaythini; Husayn Muhammad Husayn Juaythini,Abu Muath al-Juaitni,Al-Qaida,2016-04-20,State of Palestine,State of Palestine,1977-05-03,Passport 0363464,,2021-11-15,"Link between Islamic State in Iraq and the Levant (ISIL), listed as Al-Qaida in Iraq (QDe.115), leader Abu Bakr al-Baghdadi, listed as Ibrahim Awwad Ibrahim Ali al-Badri al-Samarrai (QDi.299), and armed groups in Gaza. Was using money to build an ISIL presence in Gaza INTERPOL-UN Security Council Special Notice:https://www.interpol.int/en/How-we-work/Notices/View-UN-Notices-Individuals"
QDi.395,individual,MUHAMMAD SHOLEH IBRAHIM,,Mohammad Sholeh Ibrahim; Muhammad Sholeh Ibrohim; Muhammad Soleh Ibrahim; Sholeh Ibrahim; Muh Sholeh Ibrahim,,Al-Qaida,2016-04-20,Indonesia,Indonesia,1958,National Identification Number 3311092409580002 Indonesia; National Identification Number 3311092409580003 Indonesia,,2021-11-15; 2022-05-27,"Has served as the acting emir of Jemmah Anshorut Tauhid (JAT) (QDe.133) since 2014 and has supported Islamic State in Iraq and the Levant (ISIL), listed as Al-Qaida in Iraq (QDe.115). Profession: Lecturer/Private Teacher INTERPOL-UN Security Council Special Notice:https://www.interpol.int/en/How-we-work/Notices/View-UN-Notices-Individuals"
QDi.396,individual,ASLAN AVGAZAROVICH BYUTUKAEV,Аслан Авгазарович Бютукаев,,Amir Khazmat (original script: Амир Хазмат); Abubakar (original script: Абубакар),Al-Qaida,2016-08-03,Russian Federation,Russian Federation,1974-10-22,,,2021-11-15,Wanted by the authorities of the Russian Federation for terrorist crimes. Commands a suicide battalion of Riyadus-Salikhin Reconnaissance and Sabotage Battalion of Chechen Martyrs (RSRSBCM) (QDe.100) INTERPOL-UN Security Council Special Notice:https://www.interpol.int/en/How-we-work/Notices/View-UN-Notices-Individuals
QDi.397,individual,AYRAT NASIMOVICH VAKHITOV,Айрат Насимович Вахитов,Salman Bulgarskiy,,Al-Qaida,2016-08-03,Russian Federation,Russian Federation,1977-03-27,,,2021-11-15,"May use a fake passport of a Syrian or Iraqi citizen. Member of the Al-Nusrah Front for the People of the Levant (ANF) (formerly listed), “Bulgar Group”, leads a group of 100 fighters. Photo available for inclusion in the INTERPOL-UN Security Council Special Notice INTERPOL-UN Security Council Special Notice:https://www.interpol.int/en/How-we-work/Notices/View-UN-Notices-Individuals"
QDi.398,individual,RUSTAM MAGOMEDOVICH ASELDEROV,,,Abu Muhammad (original script: Абу Мухаммад); Abu Muhammad Al-Kadari (original script: Абу Мухаммад Аль-Кадари); Muhamadmuhtar (original script: Мухамадмухтар),Al-Qaida,2016-12-12,Russian Federation,Russian Federation,1981-03-09,Passport Russian passport number 8208 No. 555627,,2017-08-09; 2019-05-01; 2021-11-15,"Led a group of over 160 terrorist fighters, which operates in the Republics of Dagestan, Chechnya and Ingushetia, Russian Federation. Killed on 3 December 2016 in Makhachkala, the Republic of Dagestan, Russian Federation. Photo available for inclusion in the INTERPOL-UN Security Council Special Notice INTERPOL-UN Security Council Special Notice:https://www.interpol.int/en/How-we-work/Notices/View-UN-Notices-Individuals"
QDi.399,individual,BASSAM AHMAD AL-HASRI,بسام أحمد الحصري,Bassam Ahmad Husari,Abu Ahmad Akhlaq; Abu Ahmad al-Shami,Al-Qaida,2017-02-22,Syrian Arab Republic; State of Palestine,State of Palestine; Syrian Arab Republic,1969-01-01; 1971,,,2022-11-08,Leader of Al-Nusrah Front for the People of the Levant (formerly listed) for southern Syrian Arab Republic since July 2016 INTERPOL-UN Security Council Special Notice:https://www.interpol.int/en/How-we-work/Notices/View-UN-Notices-Individuals
QDi.400,individual,IYAD NAZMI SALIH KHALIL,إياد نظمي صالح خليل,Ayyad Nazmi Salih Khalil; Eyad Nazmi Saleh Khalil,Iyad al-Toubasi; Iyad al-Tubasi; Abu al-Darda'; Abu-Julaybib al-Urduni; Abu-Julaybib,Al-Qaida,2017-02-22,Jordan,Jordan; Syrian Arab Republic,1974,Passport Jordan 654781; Passport Jordan 286062,,2022-11-08,Leader of Al-Nusrah Front for the People of the Levant (formerly listed) for coastal area of Syrian Arab Republic since March 2016 INTERPOL-UN Security Council Special Notice:https://www.interpol.int/en/How-we-work/Notices/View-UN-Notices-Individuals
QDi.401,individual,GHALIB ABDULLAH AL-ZAIDI,,Ghalib Abdallah al-Zaydi; Ghalib Abdallah Ali al-Zaydi,Ghalib al Zaydi,Al-Qaida,2017-02-22,Yemen,Yemen,1975; 1970,,,2019-12-06; 2023-10-30,"A leader of Al-Qaida in the Arabian Peninsula (AQAP) (QDe.129) in Marib Governorate, Yemen since 2015. Provided AQAP with weapons, funding and recruits INTERPOL-UN Security Council Special Notice:https://www.interpol.int/en/How-we-work/Notices/View-UN-Notices-Individuals"
QDi.403,individual,FARED SAAL,,,Abu Luqmaan Al Almani; Abu Lugmaan,Al-Qaida,2017-06-16,Germany; Algeria,Algeria; Germany,1989-02-18,National Identification Number national identity card number 5802098444 Germany,,2022-11-08,"German foreign terrorist fighter for Islamic State in Iraq and the Levant, listed as Al-Qaida in Iraq (QDe.115). Physical description: eye colour: brown; hair colour: black; height: 178cm; weight: 80kg. European arrest warrant issued by the investigating judge of the German Federal Supreme Court on 13 Aug. 2014 INTERPOL-UN Security Council Special Notice:https://www.interpol.int/en/How-we-work/Notices/View-UN-Notices-Individuals"
QDi.404,individual,MUHAMMAD BAHRUM NAIM ANGGIH TAMTOMO,,Bahrun Naim; Anggih Tamtomo,Abu Rayyan; Abu Rayan; Abu Aisyah,Al-Qaida,2017-07-20,Indonesia,Indonesia; Syrian Arab Republic,1983-09-06,,,2022-11-08; 2023-02-02,"Syrian-based Indonesian national who has served in a variety of roles supporting the Islamic State in Iraq and the Levant, listed as Al-Qaida in Iraq (QDe.115) INTERPOL-UN Security Council Special Notice:https://www.interpol.int/en/How-we-work/Notices/View-UN-Notices-Individuals"
QDi.405,individual,Malik Ruslanovich Barkhanoev,,,Saifuddin; Saifuddin al-Ingushi; Saifuddin Ingushi,Al-Qaida,2017-07-20,Russian Federation,Iraq; Russian Federation,1992-03-14,,,2022-11-08,"Joined the Islamic State in Iraq and the Levant (ISIL), listed as Al-Qaida in Iraq (QDe.115) in September 2016 INTERPOL-UN Security Council Special Notice:https://www.interpol.int/en/How-we-work/Notices/View-UN-Notices-Individuals"
QDi.406,individual,Murad Iraklievich Margoshvili,,Zurab Iraklievich Margoshvili; Murad Akhmedovich Madayev; Lova Madayev; Abu-Muslim Al-Shishani,Muslim; Lava; John; George; Arthur; Sedoy,Al-Qaida,2017-07-20,Russian Federation; Georgia,Georgia; Russian Federation,1970-01-15,,,2022-11-08,"Associated with Jabhat al-Nusrah, formerly listed as Al-Nusrah Front for the People of the Levant INTERPOL-UN Security Council Special Notice:https://www.interpol.int/en/How-we-work/Notices/View-UN-Notices-Individuals"
QDi.407,individual,OMAN ROCHMAN,,Oman Rahman; Abu Sulaiman Aman Abdurrahman Al-Arkhabiliy; Aman Abdul Rahman; Aman Abdurahman; Aman Abdurrachman; Oman Abdulrohman; Oman Abdurrahman; Aman Abdurrahman,,Al-Qaida,2017-07-20,Indonesia,Indonesia,1972-01-05,,,2022-11-08; 2023-02-02,"De facto leader for all Islamic State in Iraq and the Levant, listed as Al-Qaida in Iraq (QDe.115), supporters in Indonesia, despite his incarceration in Indonesia since December 2010. Sentenced to death by the Indonesian Supreme Court INTERPOL-UN Security Council Special Notice:https://www.interpol.int/en/How-we-work/Notices/View-UN-Notices-Individuals"
QDi.408,individual,ALEXANDA AMON KOTEY,,Alexe Kotey; Alexanda Kote,,Al-Qaida,2017-07-20,United Kingdom of Great Britain and Northern Ireland,United Kingdom of Great Britain and Northern Ireland; United States of America,1983-12-13,Passport 094477324 United Kingdom of Great Britain and Northern Ireland,,2022-11-08; 2023-02-02,"Foreign terrorist fighter with Islamic State in Iraq and the Levant (ISIL), listed as Al-Qaida in Iraq (QDe.115), in the Syrian Arab Republic. Sentenced to life imprisonment on 29 April 2022 in the United States of America, Federal Bureau of Prisons inmate number 11685-509. Physical description: eye colour: dark brown; hair colour: black; complexion: dark. Distinguishing marks: beard. Ethnic background: Ghanaian Cypriot INTERPOL-UN Security Council Special Notice:https://www.interpol.int/en/How-we-work/Notices/View-UN-Notices-Individuals"
QDi.409,individual,ELSHAFEE EL SHEIKH,,El Shafee Elsheikh; Alshafee El-Sheikh,,Al-Qaida,2017-07-20,United Kingdom of Great Britain and Northern Ireland,United Kingdom of Great Britain and Northern Ireland; United States of America,1988-07-16,Passport 801121547 United Kingdom of Great Britain and Northern Ireland,,2022-11-08; 2023-02-02,"Foreign terrorist fighter with Islamic State in Iraq and the Levant (ISIL), listed as Al-Qaida in Iraq (QDe.115), in the Syrian Arab Republic. Sentenced to life imprisonment on 19 August 2022 in the United States of America, Federal Bureau of Prisons inmate number 11698-509. Physical description: eye colour: dark brown; hair colour: black; complexion: dark. Distinguishing marks: beard. Mother’s name: Maha Elgizouli INTERPOL-UN Security Council Special Notice:https://www.interpol.int/en/How-we-work/Notices/View-UN-Notices-Individuals"
QDi.410,individual,SHANE DOMINIC CRAWFORD,,,Asadullah; Abu Sa’d at-Trinidadi; Asad,Al-Qaida,2017-08-18,Trinidad and Tobago,Syrian Arab Republic; Trinidad and Tobago; Turkey,1986-02-22,Passport TA959547 Trinidad and Tobago; Passport T1071839 Trinidad and Tobago; National Identification Number 19860222007 Trinidad and Tobago; National Identification Number B394445 Trinidad and Tobago; National Identification Number 892124B Trinidad and Tobago,,2022-11-08,"English language propagandist for Islamic State in Iraq and the Levant (ISIL), listed as Al-Qaida in Iraq (AQI) (QDe.115). Wanted in Trinidad and Tobago for possession of ammunition and firearms and receiving stolen goods. Physical description: eye colour: brown; hair colour: dark; complexion: light brown; build: medium; height: 174cm; weight: 64kg; speaks English, Arabic INTERPOL-UN Security Council Special Notice:https://www.interpol.int/en/How-we-work/Notices/View-UN-Notices-Individuals"
QDi.411,individual,SALIM MUSTAFA MUHAMMAD AL-MANSUR,سالم مصطفى محمد ال منصور,Salim Mustafa Muhammad Mansur Al-Ifri; Saleem Al-Ifri; Salim Mansur Mustafa; Salim Mansur; Hajji Salim Al-Shaklar,,Al-Qaida,2018-03-06,Iraq,Iraq,1962-02-20; 1959,Passport A6489694 Iraq; National Identification Number 00813602 Iraq; National Identification Number 300397 Iraq,,2023-10-30; 2024-12-02,": Finance “emir” for Islamic State in Iraq and the Levant, listed as Al-Qaida in Iraq (QDe.115). Mother’s name: Khadijah Mustafa Salih, Held in detention by the Iraqi intelligence service since 2019 and has been sentenced to death, Physical description: hair colour: black; eye colour: honey; height: 170 cm. Speaks Arabic INTERPOL-UN Security Council Special Notice:https://www.interpol.int/en/How-we-work/Notices/View-UN-Notices-Individuals"
QDi.412,individual,UMAR MAHMUD IRHAYYIM AL-KUBAYSI,عمر محمود إرحيم الفياض الكبيسي,Umar Mahmud Rahim al-Kubaysi; Omar Mahmood Irhayyim Al-Fayyadh; Umar Mahmud Rahim; Umar Mahmud Rahim Al-Qubaysi; Umar Mahmud Al-Kubaysi Arhaym; Umar Mahmud Arhaym; Omar Mahmood Irhayyim; Omar Mahmood Irhayyim Al-Fayyadh Al-Kobaisi; Umar al-Kubaysi,,Al-Qaida,2018-03-06,Iraq,Iraq,1967-06-16; 1967-01-01,Passport A4059346 Iraq; National Identification Number 00405771 Iraq; National Identification Number 540763 Iraq,,2023-10-30,"Financial facilitator for Islamic State in Iraq and the Levant, listed as Al-Qaida in Iraq (QDe.115). Director of Al-Kawthar Money Exchange (QDe.157). Physical description: sex: male, hair colour: black; height: 175 cm. Speaks Arabic INTERPOL-UN Security Council Special Notice:https://www.interpol.int/en/How-we-work/Notices/View-UN-Notices-Individuals"
QDi.413,individual,MYRNA AJIJUL MABANZA,,Myrna Adijul Mabanza; Myrna Ajilul Mabanza,,Al-Qaida,2018-06-18,Philippines,Philippines; Saudi Arabia,1991-07-11,National Identification Number 73320881AG1191MAM20000; National Identification Number 200801087; National Identification Number 140000900032,,2023-10-30,"Facilitator for the Islamic State in Iraq and the Levant (ISIL), listed as Al-Qaida in Iraq (QDe.115). Gender: female INTERPOL-UN Security Council Special Notice:https://www.interpol.int/en/How-we-work/Notices/View-UN-Notices-Individuals"
QDi.414,individual,ABDULPATTA ESCALON ABUBAKAR,,Abdulpatta Abubakar Escalon; Abdul Patta Escalon Abubakar; Abdul Patta Abu Bakar,,Al-Qaida,2018-06-18,Philippines,Philippines; Saudi Arabia,1965-03-03; 1965-01-01; 1965-01-11,Passport EC6530802 Philippines; Passport EB2778599 Philippines; National Identification Number 2135314355 Saudi Arabia; National Identification Number 202112421 Saudi Arabia,,2023-10-30,"Facilitator for the Islamic State in Iraq and the Levant (ISIL), listed as Al-Qaida in Iraq (QDe.115). Gender: male INTERPOL-UN Security Council Special Notice:https://www.interpol.int/en/How-we-work/Notices/View-UN-Notices-Individuals"
QDi.415,individual,ADNAN ABOU WALID AL-SAHRAOUI,عدنان أبو وليد الصحراوي,Lahbib Idrissi ould Sidi Abdi ould Said ould El Bachir; Adnan Abu Walid al-Sahrawi; Abu Walid al Sahrawi; Adnan Abu Walid al-Sahraoui; Adnan Abu Waleed al-Sahrawi; Lehbib Ould Ali Ould Said Ould Joumani,,Al-Qaida,2018-08-09,,Mali,1973-02-16,,,2022-11-08; 2023-02-02,"Reportedly Deceased. Former spokesperson of the Mouvement pour l’Unification et le Jihad en Afrique de l’Ouest (MUJAO) (QDe.134). Emir of the Al-Mourabitoun (QDe.141) group in Mali. Pledged allegiance to Islamic State in Iraq and the Levant (ISIL), listed as Al-Qaida in Iraq (QDe.115) in May 2015 INTERPOL-UN Security Council Special Notice:https://www.interpol.int/en/How-we-work/Notices/View-UN-Notices-Individuals"
QDi.416,individual,MOHAMMED YUSIP KARIM,,,Abu Walid al Indunisi; Zidni Elma; Udtadz Syaifudin; Mohammad Yusef Karim Faiz; Muh Saifudin; Kembar Khalid; Mohamad Yusuf Karim Saifullah Faiz; Mohammad Saifuddin Mohammad Yusuf Faiz; Ustadz Faiz; Saifudin Faiz; Kholid Faiz; Abdullah Faiz; Fauz Faturohman,Al-Qaida,2018-08-23,Indonesia,Indonesia; Syrian Arab Republic,1978-10-11,,,2023-10-30,"Senior member of Islamic State in Iraq and the Levant (ISIL), listed as Al-Qaida in Iraq (QDe.115). Recruited for ISIL and instructed individuals to perpetrate terrorist acts via online video. Physical description: hair colour: black; build: slight. Speaks Indonesian, Arabic and Mindanao dialect INTERPOL-UN Security Council Special Notice:https://www.interpol.int/en/How-we-work/Notices/View-UN-Notices-Individuals"
QDi.417,individual,MOHAMAD RAFI BIN UDIN,,,Mohd Radi Bin Udin; Abu Awn al Malizi; Muhammad Ratin; Muhammad Rafiuddin; Abu Una al Malayzie; Mhammad Rahim Bin Udin; Abu Ayn Tok Cit; Muhammad Ratin Bin Nurdin,Al-Qaida,2018-08-23,Malaysia; Indonesia,Indonesia; Malaysia; Syrian Arab Republic,1966-06-03,Passport A31142734 Malaysia; National Identification Number 660603-05-5267 Malaysia,,2023-10-30; 2023-12-14,"Senior member of Islamic State in Iraq and the Levant (ISIL), listed as Al-Qaida in Iraq (QDe.115). Recruited for ISIL and instructed individuals to perpetrate terrorist acts via online video. Reportedly deceased. Physical description: eye colour: brown; hair colour: brown; complexion: dark. Speaks Malay, English, limited Arabic INTERPOL-UN Security Council Special Notice:https://www.interpol.int/en/How-we-work/Notices/View-UN-Notices-Individuals"
QDi.418,individual,MUHAMMED REZA LAHAMAN KIRAM,,,Abdul Rahman; Abu Abdul Rahman al Filipini; Abtol Rahman,Al-Qaida,2018-08-23,Philippines,Philippines; Syrian Arab Republic,1990-03-03,Passport XX3966391 Philippines; Passport EC3524065 Philippines,,2023-10-30,"Senior member of Islamic State in Iraq and the Levant (ISIL), listed as Al-Qaida in Iraq (QDe.115). Recruited for ISIL and instructed individuals to perpetrate terrorist acts via online video. Physical description: height: 156cm; weight: 60 kg (as at Sep. 2016); eye colour: black; hair colour: black; build: medium; high cheekbones. Speaks Tagalog, English, Arabic INTERPOL-UN Security Council Special Notice:https://www.interpol.int/en/How-we-work/Notices/View-UN-Notices-Individuals"
QDi.419,individual,ANJEM CHOUDARY,,,Abu Luqman,Al-Qaida,2018-10-15,United Kingdom of Great Britain and Northern Ireland,United Kingdom of Great Britain and Northern Ireland,1967-01-18,Passport 516384722 United Kingdom of Great Britain and Northern Ireland,,2019-10-11; 2023-10-30,"Pledged allegiance to Islamic State in Iraq and the Levant (ISIL), listed as Al-Qaida in Iraq (QDe.115) in July 2014 and subsequently released on licence in October 2018 which expires in July 2021 INTERPOL-UN Security Council Special Notice:https://www.interpol.int/en/How-we-work/Notices/View-UN-Notices-Individuals"
QDi.420,individual,TAHA IBRAHIM ABDALLAH BAKR AL KHUWAYT,,Hajji Abdelnasser; Hajji Abd al-Nasr; Hajji 'Abd Al-Nasir,Taha al-Khuwayt; Mullah Taha; Mullah Khuwayt,Al-Qaida,2018-11-19,Iraq,Iraq,1965-1969,,,2022-05-27,"Former ISIL governor of al-Jazira Province, military leader in the Syrian Arab Republic as well as member and chair of the ISIL Delegated Committee, which exercises administrative control of ISIL's affairs. In custody of Iraq since 2019. Photo available for inclusion in the INTERPOL-UN Security Council Special Notice INTERPOL-UN Security Council Special Notice:https://www.interpol.int/en/How-we-work/Notices/View-UN-Notices-Individuals"
QDi.421,individual,HAMZA USAMA MUHAMMAD BIN LADEN,حمزة أسامة محمد بن لادن,,,Al-Qaida,2019-02-28,,,1989-05-09,,,2019-03-13; 2025-03-11,Son of Usama bin Laden (deceased). Announced by Aiman Muhammed Rabi al-Zawahiri (QDi.006) as an official member of Al-Qaida (QDe.004). Has called for followers of Al-Qaida to commit terror attacks. Was seen as the most probable successor of al-Zawahiri. Reportedly killed in a counterterrorism operation as of September 2019 in the Afghanistan/Pakistan region INTERPOL-UN Security Council Special Notice:https://www.interpol.int/en/How-we-work/Notices/View-UN-Notices-Individuals
QDi.422,individual,MOHAMMED MASOOD AZHAR ALVI,,,Masud Azhar; Wali Adam Isah; Wali Adam Esah,Al-Qaida,2019-05-01,Pakistan,Pakistan,1968-07-10; 1968-06-10,,,,Founder of Jaish-i-Mohammed (QDe.019). Former leader of Harakat ul-Mujahidin / HUM (QDe.008) INTERPOL-UN Security Council Special Notice:https://www.interpol.int/en/How-we-work/Notices/View-UN-Notices-Individuals
QDi.423,individual,ALI MAYCHOU,علي ما يشو,Abderahmane al Maghrebi; Abderrahmane le Marocain,Abou Abderahmane Sanhaji,Al-Qaida,2019-08-14,Morocco,Mali; Morocco,1983-05-25,Passport V06359364 Morocco; National Identification Number AB704306 Morocco,,,"Member of Al Qaida in the Islamic Maghreb (AQIM) (QDe.014), Ansar Eddine (QDe.135), and Jama'a Nusrat ul-Islam wa al-Muslimin (JNIM) (QDe.159). Physical description: height: 185 cm; weight: 80 kg INTERPOL-UN Security Council Special Notice:https://www.interpol.int/en/How-we-work/Notices/View-UN-Notices-Individuals"
QDi.424,individual,BAH AG MOUSSA,,Ag Mossa; Ammi Salim,,Al-Qaida,2019-08-14,Mali,Mali,1958-01-01; 1952-12-31; 1956-10-28,,,2019-08-20; 2022-11-08,"Founding member of Ansar Eddine (QDe.135), operational leader of Jama'a Nusrat ul-Islam wa al-Muslimin (JNIM) (QDe.159) INTERPOL-UN Security Council Special Notice:https://www.interpol.int/en/How-we-work/Notices/View-UN-Notices-Individuals"
QDi.425,individual,AMADOU KOUFA,,Amadou Barry; Amadou Kouffa; Hamadoun Koufa; Hamadoun Kouffa; Hamadou Koufa; Hamadou Kouffa,,Al-Qaida,2020-02-04,,Mali,1958,,,,"Founder of the Katiba Macina of Jama'a Nusrat ul-Islam wa al-Muslimin (JNIM) (QDe.159), executive of the Organization of Al-Qaida in the Islamic Maghreb (AQIM) (QDe.014). Eye colour: brown. Hair colour: dark INTERPOL-UN Security Council Special Notice:https://www.interpol.int/en/How-we-work/Notices/View-UN-Notices-Individuals"
QDi.426,individual,Amir Muhammad Sa’id Abdal-Rahman al-Salbi,أمیر محمد سعید عبد الرحمن السلبي,Abu Ibrahim al-Hashimi al-Qurashi; Hajji Abdallah; Abu ‘Umar al-Turkmani; Abdullah Qardash; Abu ‘Abdullah Qardash; al-Hajj Abdullah Qardash; Hajji Abdullah Al-Afari; `Abdul Amir Muhammad Sa'id Salbi; Muhammad Sa'id `Abd-al-Rahman al-Mawla; Amir Muhammad Sa’id ‘Abd-al-Rahman Muhammad al-Mula; Amir Muhammad Sa’id Abdal-Rahman al-Mawla,Al-Ustadh; Ustadh Ahmad,Al-Qaida,2020-05-21,Iraq,Iraq; Syrian Arab Republic,1976-10-05; 1976-10-01; 1976-01-06,National Identification Number 00278640,,2022-05-27,"Leader of Islamic State in Iraq and the Levant, listed as Al-Qaida in Iraq (QDe.115). Mother’s name: Samira Shareef (سميرة شريف) or Sahra Sharif Abd al-Qader (سهرة شريف عبد القادر). Height 170 cm, right leg amputated. Photo available for inclusion in the INTERPOL-UN Security Council Special Notice. Arrest warrant issued by Iraq 2018. Reportedly deceased as of 3 February 2022 INTERPOL-UN Security Council Special Notice:https://www.interpol.int/en/How-we-work/Notices/View-UN-Notices-Individuals"
QDi.427,individual,NOOR WALI MEHSUD,,Abu Mansoor Asim,,Al-Qaida,2020-07-16,Pakistan,Afghanistan; Pakistan,1978-06-26,,,2023-10-30; 2023-12-19,Leader of Tehrik-e Taliban Pakistan (TTP) (QDe.132) following the death of former TTP leader Maulana Fazlullah (QDi.352) INTERPOL-UN Security Council Special Notice:https://www.interpol.int/en/How-we-work/Notices/View-UN-Notices-Individuals
QDi.428,individual,JAMAL HUSSEIN HASSAN ZEINIYE,جمال حسين حسن زينيه,Jamal Husayn Zayniyah,Abu Malek El Talleh; Abu Hussein; abu-Malik al-Ansari; Abu-Malik al-Shami; Abu-Malik al-Talli,Al-Qaida,2020-10-08,Syrian Arab Republic,Lebanon; Syrian Arab Republic,1972-08-17; 1972-01-01,Passport 3987189 Syrian Arab Republic; National Identification Number 13080011550; National Identification Number 5877002 Syrian Arab Republic,,,"Leader of Al-Nusrah Front for the People of the Levant (formerly listed) in West Kalamoun, Syrian Arab Republic. Mother’s name is Amina Tohmeh INTERPOL-UN Security Council Special Notice:https://www.interpol.int/en/How-we-work/Notices/View-UN-Notices-Individuals"
QDi.429,individual,MOHAMMAD ALI AL HABBO,محمد علي الحبو,Mohamad Abdulkarim; Muhammad Abd-al-Karim,Al-Hebo; Al-Habu; Alhobo; Habo; Hebbo; Habu,Al-Qaida,2021-06-17,Syrian Arab Republic,Syrian Arab Republic; Turkey,1983-10-01; 1983-03-15; 1980-01-01,Passport 00814L001424 Syrian Arab Republic; National Identification Number 10716775 Syrian Arab Republic; National Identification Number 2020316097 Syrian Arab Republic; National Identification Number 2020409266 Syrian Arab Republic,,,"Turkey-based facilitator who provides financial services to, or in support of, Islamic State in Iraq and the Levant, listed as Al-Qaida in Iraq (QDe.115) INTERPOL-UN Security Council Special Notice:https://www.interpol.int/en/How-we-work/Notices/View-UN-Notices-Individuals"
QDi.430,individual,EMRAAN ALI,,,Abu Jihad TNT,Al-Qaida,2021-11-23,Trinidad and Tobago; United States of America,Trinidad and Tobago; United States of America,1967-07-04,Passport TB162181 Trinidad and Tobago; Passport 420985453 United States of America; National Identification Number 19670704052 Trinidad and Tobago,,2022-04-01,"Senior member of Islamic State in Iraq and the Levant (ISIL), listed as Al-Qaida in Iraq (QDe.115). Recruited for ISIL and instructed individuals to perpetrate terrorist acts. Physical description: height 176 cm, weight 73 kg, medium built, colour of eyes- brown, colour of hair- black/bald, complexion- brown. Speaks English INTERPOL-UN Security Council Special Notice:https://www.interpol.int/en/How-we-work/Notices/View-UN-Notices-Individuals"
QDi.431,individual,SANAULLAH GHAFARI,ثناء اللہ غفاری,Dr. Shahab al Muhajir; Shahab Muhajer; Shahab Mohajir; Shahab Mahajar; Shihab al Muhajir; Shihab Muhajer; Shihab Mohajir; Shihab Mahajar,,Al-Qaida,2021-12-21,Afghanistan,Afghanistan,1994-10-28; 1990-05-24,Passport O1503093 Afghanistan,,2024-04-25; 2026-09-04,Leader of the Islamic State of Iraq and the Levant - Khorasan (ISIL - K) (QDe.161). Information Technology Expert. Father’s name: Abdul Jabbar. Grandfather’s name: Abdul Ghaffar. Photo is available for inclusion in the INTERPOL-UN Security Council Special Notice INTERPOL-UN Security Council Special Notice:https://www.interpol.int/en/How-we-work/Notices/View-UN-Notices-Individuals
QDi.432,individual,ASHRAF AL-QIZANI,أشرف القيزاني,Ashraf al-Gizani; Abu ‘Ubaydah al-Kafi; Achref Ben Fethi Ben Mabrouk Guizani; Achraf Ben Fathi Ben Mabrouk Guizani,,Al-Qaida,2021-12-29,Tunisia,Tunisia,1991-10-05,National Identification Number 13601334 Tunisia,,,"Senior member of Islamic State in Iraq and the Levant (ISIL), listed as Al-Qaida in Iraq (QDe.115). Recruited for ISIL and instructed individuals to perpetrate terrorist acts via online video INTERPOL-UN Security Council Special Notice:https://www.interpol.int/en/How-we-work/Notices/View-UN-Notices-Individuals"
QDi.434,individual,MAULAWI RAJAB,,Maulawi Rajab Salahudin,,Al-Qaida,2023-04-26,Afghanistan,Afghanistan,1976,,,,Senior leader of the Islamic State in Iraq and the Levant - Khorasan (ISIL - K) (QDe.161) INTERPOL-UN Security Council Special Notice:https://www.interpol.int/en/How-we-work/Notices/View-UN-Notices-Individuals
QDi.435,individual,SULTAN AZIZ AZAM,,,,Al-Qaida,2023-04-26,,Afghanistan,1985,,,,Spokesperson of the Islamic State in Iraq and the Levant - Khorasan (ISIL - K) (QDe.161) INTERPOL-UN Security Council Special Notice:https://www.interpol.int/en/How-we-work/Notices/View-UN-Notices-Individuals
QDi.436,individual,ABUBAKAR SWALLEH,,ABUBAKER SWALEH; TOM KIYURIGE; ISAAC MUPETA,,Al-Qaida,2025-06-16,Uganda,Uganda,1992-01-13; 1993-03-16,Passport A00195974 Uganda; National Identification Number CM920231090NZA Uganda; National Identification Number Z15105123 Zambia,,2026-08-14; 2026-09-04,"Abubakar Swalleh provides financial, material, or technological support for, or financial or other services to, or in support of, ISIL (listed as Al-Qaida in Iraq (QDe.115)). He acted, since 2018, as an ISIL facilitator who provides financial and logistic support including recruitment for ISIL in East and Southern Africa. Phone number: +963936016952. Gender: Male. Photo available for inclusion in the INTERPOL-UN Security Council Special Notice. INTERPOL-UN Security Council Special Notice:https://www.interpol.int/en/How-we-work/Notices/View-UN-Notices-Individuals"
QDi.437,individual,SAMI JASIM MUHAMMAD JAATA AL-JABURI,ﺳﺎﻣﻲ ﺟﺎﺳم ﻣﺣﻣد ﺟﻌﺎطﺔ اﻟﺟﺑوري,MUSTAFA ADNAN AL-AZIZ; MUSTAFA ADNAN AL-AZEEZ,SAMI AL-AJUZ; HAJJI HAMID,Al-Qaida,2026-03-26,Iraq,Iraq,1974-07-01,,,,"Assumed multiples roles within ISIL (Da’esh) listed as Al-Qaida in Iraq (QDe.115), including overseeing ISIL’s finances, material affairs and sources of revenue. He was also a member of the so-called Delegated Committee, which is the decision-making body of ISIL (Da’esh). He also participated in several terrorist operations against security forces while ISIL was controlling territory and was involved in the smuggling of oil derivates. Mother’s name: A’ishah Hasan. Gender: Male, Physical description: eye colour: black; hair colour: black; Photo available for inclusion in the INTERPOL-UN Security Council Special Notice INTERPOL-UN Security Council Special Notice:https://www.interpol.int/en/How-we-work/Notices/View-UN-Notices-Individuals"
QDi.438,individual,ABD EL HAMID SALIM IBRAHIM BRUKAN AL-KHATOUNI,عبد الحميد سالم إبراهيم بروكان الخاتوني,ABU OMAR AL SARRAF,,Al-Qaida,2026-03-26,Iraq,Iraq,1970-09-01,,,,Served as a senior leader in ISIL (Da’esh) listed as Al-Qaida in Iraq (QDe.115) as its financial management officer. Mother’s name: Khadija Hattab Ismail. Gender: Male INTERPOL-UN Security Council Special Notice:https://www.interpol.int/en/How-we-work/Notices/View-UN-Notices-Individuals
QDi.439,individual,HAMIDA NABAGGALA,حميدة ناباجالا,,NABAGGALA; NABAGGAKA; HAMIDA; HAMIDAH,Al-Qaida,2026-03-30,Uganda,Democratic Republic of the Congo; Uganda,1989-02-23,National Identification Number CF89095102DDAE Uganda,,2026-07-08; 2026-08-14,"Works as a mediator in financing channels for ISIL in Central Africa, has been charged with financing a bombing that occurred in the Ugandan capital, Kampala, in 2021, attempted to coerce her three children in Uganda to send them to ISIL camps in the Democratic Republic of the Congo. Gender: Female. Photo available for inclusion in the INTERPOL-UN Security Council Special Notice. INTERPOL-UN Security Council Special Notice:https://www.interpol.int/en/How-we-work/Notices/View-UN-Notices-Individuals"
SDi.001,individual,GAFFAR MOHAMMED ELHASSAN,,Gaffar Mohmed Elhassan,,Sudan,2006-04-25,na,Sudan; na,1952-06-24,National Identification Number 4302,Major-General and Commander of the Western Military Region for the Sudanese Armed Forces (SAF),,Retired from the Sudanese Army. INTERPOL-UN Security Council Special Notice:https://www.interpol.int/en/How-we-work/Notices/View-UN-Notices-Individuals
SDi.002,individual,MUSA HILAL ABDALLA ALNSIEM,,,(Sheikh) Musa Hilal; Abd Allah; Abdallah; AlNasim; Al Nasim; AlNaseem; Al Naseem; AlNasseem; Al Nasseem,Sudan,2006-04-25,Sudan,Sudan,1964-01-01; 1959,Passport Diplomatic Passport D014433; Passport Diplomatic Passport D009889; National Identification Number A0680623,formerly Member of the National Assembly of Sudan from Al-Waha district; formerly special adviser to the Ministry of Federal Affairs; Paramount Chief of the Mahamid Tribe in North Darfur,2017-10-17; 2018-03-14,Photo available for inclusion in the INTERPOL-UN Security Council Special Notice. INTERPOL-UN Security Council Special Notice:https://www.interpol.int/en/How-we-work/Notices/View-UN-Notices-Individuals
SDi.004,individual,JIBRIL ABDULKARIM IBRAHIM MAYU,,General Gibril Abdul Kareem Barey; “Tek”; Gabril Abdul Kareem Badri,,Sudan,2006-04-25,Sudan; South Sudan,South Sudan; Sudan,1967-01-01,National Identification Number 192-3238459-9; National Identification Number 302581,National Movement for Reform and Development (NMRD) Field Commander,2018-03-14,Photo available for inclusion in the INTERPOL-UN Security Council Special Notice. INTERPOL-UN Security Council Special Notice:https://www.interpol.int/en/How-we-work/Notices/View-UN-Notices-Individuals
SDi.005,individual,ABDEL RAHMAN JUMA BARKALLA,,,,Sudan,2024-11-08,Sudan,Sudan,1969-01-01,Passport P07834700 Sudan; National Identification Number 21052659309 Sudan,Rapid Support Forces (RSF) Major General and West Darfur Commander,,Gender: Male. INTERPOL-UN Security Council Special Notice:https://www.interpol.int/en/How-we-work/Notices/View-UN-Notices-Individuals
SDi.006,individual,OSMAN MOHAMED HAMID MOHAMED,,,,Sudan,2024-11-08,Sudan,Sudan,1966-01-01,National Identification Number 11540384888 Sudan,Rapid Support Forces (RSF) Major General and Head of RSF Operations,,Gender: Male. INTERPOL-UN Security Council Special Notice:https://www.interpol.int/en/How-we-work/Notices/View-UN-Notices-Individuals
SDi.007,individual,GEDO HAMDAN AHMED,,ABU NASHUK,,Sudan,2026-02-24,Sudan,Sudan,,,Commander for the North Darfur section of the Rapid Support Forces,,Gender: Male.
SDi.008,individual,ABDUL RAHIM HAMDAN DAGALO,,,,Sudan,2026-02-24,Sudan,Sudan,1972-01-01,,Rapid Support Forces (RSF) Deputy Leader,,Gender: Male. INTERPOL-UN Security Council Special Notice:https://www.interpol.int/en/How-we-work/Notices/View-UN-Notices-Individuals
SDi.009,individual,AL-FATEH ABDULLAH IDRIS,,ABU LULU,,Sudan,2026-02-24,Sudan,Sudan,,,Brigadier General of Rapid Support Forces,,Gender: Male
SDi.010,individual,TIJANI IBRAHIM MOUSSA MOHAMED,,AL ZEIR SALEM,,Sudan,2026-02-24,Sudan,Sudan,,,Field Commander of the Rapid Support Forces,,Gender: Male
SDi.011,individual,AL-GONEY HAMDAN DAGALO,,ALGONEY HAMDAN DAGALO; AL-QONI HAMDAN DAGALO,,Sudan,2026-04-28,Sudan,Sudan; United Arab Emirates,1990-08-07,Passport B00017334 Sudan; Passport B00024943 Sudan; Passport AK1586127 Kenya; National Identification Number 784199014302485 United Arab Emirates,Procurement Director of the Rapid Support Forces,,Gender: Male INTERPOL-UN Security Council Special Notice:https://www.interpol.int/en/How-we-work/Notices/View-UN-Notices-Individuals
SDi.012,individual,ALVARO ANDRES QUIJANO BECERRA,,,,Sudan,2026-04-28,Colombia; Italy,Colombia; Italy,1967-07-18,Passport AP628498 Colombia; Passport YB7731256 Italy; National Identification Number Cedula No. 80413253 Colombia,Founder of International Services Agency (A4SI),,Gender: Male INTERPOL-UN Security Council Special Notice:https://www.interpol.int/en/How-we-work/Notices/View-UN-Notices-Individuals
SDi.013,individual,CLAUDIA VIVIANA OLIVEROS FORERO,,,,Sudan,2026-04-28,Colombia,Colombia,1973-01-02,Passport AZ321704 Colombia; National Identification Number Cedula No. 52252815 Colombia,Owner and manager of International Services Agency (A4SI),,Gender: Female. INTERPOL-UN Security Council Special Notice:https://www.interpol.int/en/How-we-work/Notices/View-UN-Notices-Individuals
SDi.014,individual,MATEO ANDRES DUQUE BOTERO,,,,Sudan,2026-04-28,Colombia; Spain,Colombia; Spain,1975-04-07,Passport AS272175 Colombia; Passport XDD789846 Spain; Passport BF868819 Colombia; National Identification Number Cedula No. 79782423 Colombia,,,Gender: Male INTERPOL-UN Security Council Special Notice:https://www.interpol.int/en/How-we-work/Notices/View-UN-Notices-Individuals
SOe.001,entity,AL-SHABAAB,,AL-SHABAB; SHABAAB; THE YOUTH; MUJAHIDIN AL-SHABAAB MOVEMENT; MUJAHIDEEN YOUTH MOVEMENT; MUJAHIDIN YOUTH MOVEMENT; MYM; HARAKAT SHABAB AL-MUJAHIDIN; HIZBUL SHABAAB; HISB’UL SHABAAB; AL-SHABAAB AL-ISLAMIYA; YOUTH WING; AL-SHABAAB AL-ISLAAM; AL-SHABAAB AL-JIHAAD; THE UNITY OF ISLAMIC YOUTH; HARAKAT AL - SHABAAB AL - MUJAAHIDIIN; HARAKATUL SHABAAB AL MUJAAHIDIIN; MUJAAHIDIIN YOUTH MOVEMENT,,Somalia,2010-04-12,,,,,,,INTERPOL-UN Security Council Special Notice:https://www.interpol.int/en/How-we-work/Notices/View-UN-Notices-Entities
SOi.001,individual,Yasin Ali Baynah,,"ALI, Yasin Baynah; ALI, Yassin Mohamed; BAYNAH, Yasin; BAYNAH, Yassin; BAYNAX, Yasiin Cali; BEENAH, Yasin; BEENAH, Yassin; BEENAX, Yasin; BEENAX, Yassin; BENAH, Yasin; BENAH, Yassin; BENAX, Yassin; BEYNAH, Yasin; BINAH, Yassin; CALI, Yasiin Baynax",,Somalia,2010-04-12,Somalia; Sweden,Somalia; Sweden,1965-12-24,,,,INTERPOL-UN Security Council Special Notice:https://www.interpol.int/en/How-we-work/Notices/View-UN-Notices-Individuals
SOi.002,individual,HASSAN DAHIR AWEYS,,"ALI, Sheikh Hassan Dahir Aweys; AWES, Hassan Dahir; AWES, Shaykh Hassan Dahir; AWEYES, Hassen Dahir; AWEYS, Ahmed Dahir; AWEYS, Sheikh; AWEYS, Sheikh Hassan Dahir; DAHIR, Aweys Hassan; IBRAHIM, Mohammed Hassan; OAIS, Hassan Tahir; UWAYS, Hassan Tahir; ""HASSAN, Sheikh""",,Somalia,2010-04-12,Somalia,Somalia,1935,,,,INTERPOL-UN Security Council Special Notice:https://www.interpol.int/en/How-we-work/Notices/View-UN-Notices-Individuals
SOi.003,individual,HASSAN ABDULLAH HERSI AL-TURKI,,"AL-TURKI, Hassan; TURKI, Hassan; TURKI, Hassan Abdillahi Hersi; TURKI, Sheikh Hassan; XIRSI, Xasan Cabdilaahi; XIRSI, Xasan Cabdulle",,Somalia,2010-04-12,Somalia,Somalia,1944,,,,INTERPOL-UN Security Council Special Notice:https://www.interpol.int/en/How-we-work/Notices/View-UN-Notices-Individuals
SOi.004,individual,AHMED ABDI AW-MOHAMED,,"ABU ZUBEYR, Muktar Abdirahman; ABUZUBAIR, Muktar Abdulrahim; AW MOHAMMED, Ahmed Abdi; AW-MOHAMUD, Ahmed Abdi; ""GODANE""; ""GODANI""; ""MUKHTAR, Shaykh""; ""ZUBEYR, Abu""",,Somalia,2010-04-12,Somalia,Somalia,1977-07-10,,,,INTERPOL-UN Security Council Special Notice:https://www.interpol.int/en/How-we-work/Notices/View-UN-Notices-Individuals
SOi.005,individual,FUAD MOHAMED KHALAF,,Fuad Mohamed Khalif; Fuad Mohamed Qalaf; Fuad Mohammed Kalaf; Fuad Mohamed Kalaf; Fuad Mohammed Khalif; Fuad Khalaf; Fuad Shongale; Fuad Shongole; Fuad Shangole; Fuad Songale; Fouad Shongale; Fuad Muhammad Khalaf Shongole,,Somalia,2010-04-12,Somalia,Somalia,,,,,
SOi.006,individual,BASHIR MOHAMED MAHAMOUD,,"Bashir Mohamed Mahmoud; Bashir Mahmud Mohammed; Bashir Mohamed Mohamud; Bashir Mohamed Mohamoud; Bashir Yare; Bashir Qorgab; Gure Gap; ""Abu Muscab""; ""Qorgab""",,Somalia,2010-04-12,Somalia,Somalia,1979; 1980; 1981; 1982,,,,INTERPOL-UN Security Council Special Notice:https://www.interpol.int/en/How-we-work/Notices/View-UN-Notices-Individuals
SOi.008,individual,FARES MOHAMMED MANA'A,,Faris Mana'a; Fares Mohammed Manaa,,Somalia,2010-04-12,,,1965-02-08,Passport 00514146; National Identification Number 1417576,,,INTERPOL-UN Security Council Special Notice:https://www.interpol.int/en/How-we-work/Notices/View-UN-Notices-Individuals
SOi.009,individual,HASSAN MAHAT OMAR,,Hassaan Hussein Adam; Hassane Mahad Omar; Xassaan Xuseen Adan; Asan Mahad Cumar; Abu Salman; Abu Salmaan; Sheikh Hassaan Hussein,,Somalia,2011-07-28,Ethiopia,Ethiopia; Kenya,1979-04-10,Passport A1180173; National Identification Number 23446085,,,INTERPOL-UN Security Council Special Notice:https://www.interpol.int/en/How-we-work/Notices/View-UN-Notices-Individuals
SOi.010,individual,OMAR HAMMAMI,,Abu Maansuur Al-Amriki; Abu Mansour Al-Amriki; Abu Mansuur Al-Amriki; Umar Hammami; Abu Mansur Al-Amriki,,Somalia,2011-07-28,United States of America,Somalia; United States of America,1986-05-06,Passport 403062567 (US); National Identification Number Social Security Number 423-31-3021 (US),,,Married to a Somali woman. Lived in Egypt in 2005 and moved to Somalia in 2009. INTERPOL-UN Security Council Special Notice:https://www.interpol.int/en/How-we-work/Notices/View-UN-Notices-Individuals
SOi.011,individual,ABOUD ROGO MOHAMMED,,Aboud Mohammad Rogo; Aboud Seif Rogo; Aboud Mohammed Rogo; Sheikh Aboud Rogo; Aboud Rogo Muhammad; Aboud Rogo Mohamed,,Somalia,2012-07-25,,,1960-11-11; 1967-11-11; 1969-11-11; 1969-01-01,,,,INTERPOL-UN Security Council Special Notice:https://www.interpol.int/en/How-we-work/Notices/View-UN-Notices-Individuals
SOi.012,individual,ABUBAKER SHARIFF AHMED,,Makaburi; Sheikh Abubakar Ahmed; Abubaker Shariff Ahmed; Abu Makaburi Shariff; Abubaker Shariff; Abubakar Ahmed,,Somalia,2012-08-23,,Kenya,1962; 1967,,,,INTERPOL-UN Security Council Special Notice:https://www.interpol.int/en/How-we-work/Notices/View-UN-Notices-Individuals
SOi.013,individual,MAALIM SALMAN,,Mu’alim Salman; Mualem Suleiman; Ameer Salman; Ma’alim Suleiman; Maalim Salman Ali; Maalim Selman Ali; Ma’alim Selman; Ma’alin Sulayman,,Somalia,2014-09-23,,Somalia,1979,,,,INTERPOL-UN Security Council Special Notice:https://www.interpol.int/en/How-we-work/Notices/View-UN-Notices-Individuals
SOi.014,individual,AHMED DIRIYE,,Sheikh Ahmed Umar Abu Ubaidah; Sheikh Omar Abu Ubaidaha; Sheikh Ahmed Umar; Sheikh Mahad Omar Abdikarim; Abu Ubaidah; Abu Diriye,,Somalia,2014-09-24,,Somalia,1972,,,,INTERPOL-UN Security Council Special Notice:https://www.interpol.int/en/How-we-work/Notices/View-UN-Notices-Individuals
SOi.016,individual,Ahmad Iman Ali,,Sheikh Ahmed Iman Ali; Shaykh Ahmad Iman Ali; Ahmed Iman Ali; Abu Zinira,,Somalia,2018-03-08,Kenya,Kenya,1973; 1974,,,,INTERPOL-UN Security Council Special Notice:https://www.interpol.int/en/How-we-work/Notices/View-UN-Notices-Individuals
SOi.017,individual,Abdifatah Abubakar Abdi,,Musa Muhajir,,Somalia,2018-03-08,Somalia,Kenya; Somalia,1982-04-15,,,,INTERPOL-UN Security Council Special Notice:https://www.interpol.int/en/How-we-work/Notices/View-UN-Notices-Individuals
SOi.018,individual,ABUKAR ALI ADAN,,Abukar Ali Aden; Ibrahim Afghan; Sheikh Abukar,,Somalia,2021-02-26,,,1972; 1971; 1973,,Deputy leader of Al-Shabaab,,"Listed pursuant to paragraph 8(a) of resolution 1844 (2008) as “Engaging in or providing support for acts that threaten the peace, security or stability of Somalia, including acts that threaten the Djibouti Agreement of 18 August 2008 or the political process, or threaten the TFIs or AMISOM by force.” Adan is also associated with Al-Qaida affiliates, Al-Qaida in the Arabian Peninsula (AQAP – QDe.129) and Al-Qaida in the Islamic Maghreb (AQIM – Qde.014). INTERPOL-UN Security Council Special Notice:https://www.interpol.int/en/How-we-work/Notices/View-UN-Notices-Individuals"
SOi.019,individual,MAALIM AYMAN,,Ma’alim Ayman; Mo’alim Ayman; Nuh Ibrahim Abdi; Ayman Kabo; Abdiaziz Dubow Ali,,Somalia,2021-02-26,,Somalia,1973; 1983,,"Founder and leader of Jaysh Ayman, an al-Shabaab unit conducting attacks and operations in Kenya and Somalia",,"Listed pursuant to paragraph 8(a) of resolution 1844 (2008) as “Engaging in or providing support for acts that threaten the peace, security or stability of Somalia, including acts that threaten the Djibouti Agreement of 18 August 2008 or the political process, or threaten the TFIs or AMISOM by force.” Ayman helped with preparations for the 5 January 2020 attack on Camp Simba in Lamu County, Kenya. INTERPOL-UN Security Council Special Notice:https://www.interpol.int/en/How-we-work/Notices/View-UN-Notices-Individuals"
SOi.020,individual,MAHAD KARATE,,Mahad Mohamed Ali Karate; Mahad Warsame Qalley Karate; Abdirahim Mohamed Warsame,,Somalia,2021-02-26,,Somalia,1957-1962,,,,"Listed pursuant to paragraph 8(a) of resolution 1844 (2008) as “Engaging in or providing support for acts that threaten the peace, security or stability of Somalia, including acts that threaten the Djibouti Agreement of 18 August 2008 or the political process, or threaten the TFIs or AMISOM by force.” Karate played a key role in the Amniyat, the wing of al-Shabaab responsible for the recent attack on Garissa University College in Kenya that resulted in nearly 150 deaths. The Amniyat is al-Shabaab’s intelligence wing, which plays a key role in the execution of suicide attacks and assassinations in Somalia, Kenya, and other countries in the region, and provides logistics and support for al-Shabaab’s terrorist activities. INTERPOL-UN Security Council Special Notice:https://www.interpol.int/en/How-we-work/Notices/View-UN-Notices-Individuals"
SOi.021,individual,ALI MOHAMED RAGE,,Ali Mohammed Rage; Ali Dheere; Ali Dhere; Ali Mohamed Rage Cali Dheer; Ali Mohamud Rage,,Somalia,2022-02-18,Somalia,Somalia,1966,,Spokesperson of Al-Shabaab,,"Listed pursuant to paragraph 43(a) of resolution 2093 (2013) as “Engaging in or providing support for acts that threaten the peace, security or stability of Somalia, including acts that threaten the peace and reconciliation process in Somalia, or threaten the Federal Government of Somalia or AMISOM by force.” As a spokesperson for Al-Shabaab, Rage is involved in promulgating and supporting the group’s terrorist activities. INTERPOL-UN Security Council Special Notice:https://www.interpol.int/en/How-we-work/Notices/View-UN-Notices-Individuals"
SOi.022,individual,ABDULLAHI OSMAN MOHAMED CADDOW,,Cabdullahi Cusman Maxamed Caddow,Dhagacade; Faracade; Injineer Ismaaciil; Eng. Ismail,Somalia,2023-05-26,Somalia,Somalia,,,,,Gender: Male.
SOi.023,individual,ABDIKADIR MOHAMED ABDIKADIR,,,ABDUKADIR; ABDUKADIR MOHAMED ABDUKADIR; ABDULKADIR; ABDULKADIR MOHAMED ABDULKADIR; IKRIMA,Somalia,2024-05-21,Somalia; Kenya,Kenya; Somalia,1985,,Designation: Senior Al-Shabaab leader,,"Gender: Male. Listed pursuant to paragraph 26(b) of resolution 2662 (2022): (i) participating in the financing, planning, facilitating, preparing, or perpetrating of acts or activities by, in conjunction with, under the name of, on behalf of, or in support of Al-Shabaab and (iii) recruiting for, or otherwise supporting acts or activities of Al-Shabaab or any cell, affiliate, splinter group or derivative thereof. INTERPOL-UN Security Council Special Notice:https://www.interpol.int/en/How-we-work/Notices/View-UN-Notices-Individuals"
SOi.024,individual,MOHAMED MOHAMUD MIRE,,,MOHAMED MIRE,Somalia,2024-05-21,Somalia,Somalia,1962; 1960; 1955,,Previously in charge of Zakat; member of Shura of Al-Shabaab,,"Gender: Male. Listed pursuant to paragraph 26 of resolution 2662 (2022): (a) having engaged in, or provided support for, acts that threatened the peace, security or stability of Somalia, including acts that threatened the peace and reconciliation process in Somalia, or threatened the Federal Government of Somalia or ATMIS by force; and (b)(i) participating in the financing, planning, facilitating, preparing, or perpetrating of acts or activities by, in conjunction with, under the name of, on behalf of, or in support of Al-Shabaab. INTERPOL-UN Security Council Special Notice:https://www.interpol.int/en/How-we-work/Notices/View-UN-Notices-Individuals"
SOi.025,individual,MOHAMED OMAR MOHAMED,,MA’D UMUROW; MOHAMED OMAR HAJI; MOHAMED OMAR MA’ALIN; MOHAMED HAJI OMAR,MO’ALIN,Somalia,2024-05-21,,Somalia,1976,,Leader (Wali) of the Al-Shabaab group in Diinsor,,"Gender: Male. Listed pursuant to paragraph 26(b) of resolution 2662 (2022): (i) participating in the financing, planning, facilitating, preparing, or perpetrating of acts or activities by, in conjunction with, under the name of, on behalf of, or in support of Al-Shabaab; and (iii) recruiting for, or otherwise supporting acts or activities of Al-Shabaab or any cell, affiliate, splinter group or derivative thereof. INTERPOL-UN Security Council Special Notice:https://www.interpol.int/en/How-we-work/Notices/View-UN-Notices-Individuals"
SSi.001,individual,GABRIEL JOK RIAK MAKOL,,Gabriel Jok; Jok Riak; Jock Riak,,SouthSudan,2015-07-01-04:00,South Sudan,South Sudan,1966-01-01,Passport D00008623 South Sudan; National Identification Number M6600000258472,Former Sudan People’s Liberation Army’s (SPLA) Sector One Commander; Chief of Defence Forces,2018-11-21,"Appointed as Chief of Defence Forces on 2 May 2018. Commanded SPLA Sector One, which operates primarily within Unity State, since January 2013. In his position as the SPLA Sector One commander, he has expanded or extended the conflict in South Sudan through breaches of the Cessation of Hostilities Agreement. The SPLA is a South Sudanese military entity that has engaged in actions that have extended the conflict in South Sudan, including breaches of the January 2014 Cessation of Hostilities Agreement and the May 9, 2014 Agreement to Resolve the Crisis in South Sudan, which was a re-commitment to the CoHA and has obstructed the activities of IGAD’s Monitoring and Verification Mechanism. INTERPOL-UN Security Council Special Notice:https://www.interpol.int/en/How-we-work/Notices/View-UN-Notices-Individuals"
SSi.002,individual,SIMON GATWECH DUAL,,Simon Gatwich Dual; Simon Getwech Dual; Simon Gatwec Duel; Simon Gatweach; Simon Gatwick; Simon Gatwech; Simon Garwich,General Gaduel; Dhual,SouthSudan,2015-07-01-04:00,,South Sudan; Sudan,1953,,"Chief of General Staff, SPLA in Opposition",2016-11-03,"Is the SPLM-IO Chief of General Staff and was previously the commander of opposition forces in Jonglei State. His forces conducted an early February 2015 attack in Jonglei State, and as of March 2015, he had tried to destroy the peace in Jonglei State through attacks on the civilian population. Photograph available for inclusion in the INTERPOL-UN Security Council Special Notice. INTERPOL-UN Security Council Special Notice:https://www.interpol.int/en/How-we-work/Notices/View-UN-Notices-Individuals"
SSi.003,individual,JAMES KOANG CHUOL,,James Koang Chol Ranley; James Koang Chol; Koang Chuol Ranley; James Koang Chual,,SouthSudan,2015-07-01-04:00,South Sudan,South Sudan,1961,"Passport R00012098, South Sudan",,,"Appointed commander of the Sudan People’s Liberation Army in Opposition (SPLA-IO) Special Division in December 2014. His forces have been engaged in attacks against civilians. In February 2014, forces under his command attacked United Nations camps, hospitals, churches, and schools, engaging in widespread rape, torture, and the destruction of property, in an attempt to flush out civilians, soldiers, and policemen allied with the government. INTERPOL-UN Security Council Special Notice:https://www.interpol.int/en/How-we-work/Notices/View-UN-Notices-Individuals"
SSi.004,individual,SANTINO DENG WOL,,Santino Deng Wuol; Santino Deng Kuol,,SouthSudan,2015-07-01-04:00,,,1962-11-09,,Commander of the SPLA’s Third Division,,"Has led and directed military actions against opposition forces and conducted confrontational troop movements in violation of the CoHA. During May 2015, forces under his command killed children, women and old men, burned property, and stole livestock as they advanced through Unity State towards Thorjath oil field. INTERPOL-UN Security Council Special Notice:https://www.interpol.int/en/How-we-work/Notices/View-UN-Notices-Individuals"
SSi.005,individual,MARIAL CHANUONG YOL MANGOK,,Marial Chinuong; Marial Chan; Marial Chanoung Yol; Marial Chinoum,,SouthSudan,2015-07-01-04:00,South Sudan,South Sudan,1960-01-01,"Passport R00005943, South Sudan","Sudan People’s Liberation Army Major General; Commander, Presidential Guard Unit",,"His Presidential Guard led the slaughter of Nuer civilians in and around Juba, many who were buried in mass graves. One such grave was purported to contain 200-300 civilians. INTERPOL-UN Security Council Special Notice:https://www.interpol.int/en/How-we-work/Notices/View-UN-Notices-Individuals"
SSi.006,individual,PETER GADET,,Peter Gatdet Yaka; Peter Gadet Yak; Peter Gadet Yaak; Peter Gatdet Yaak; Peter Gatdet; Peter Gatdeet Yaka,,SouthSudan,2015-07-01-04:00,,,1957-1959,,,,"Appointed the SPLA-IO’s Deputy Chief of Staff for Operations on December 21, 2014. Forces under his command targeted civilians, including women, in April 2014 during an assault on Bentiu, including targeted killings on the basis of ethnicity. INTERPOL-UN Security Council Special Notice:https://www.interpol.int/en/How-we-work/Notices/View-UN-Notices-Individuals"
SSi.007,individual,MALEK REUBEN RIAK RENGU,,Malek Ruben,,SouthSudan,2018-07-13,South Sudan,South Sudan,1960-01-01,,Deputy Chief of General Staff for Logistics; Deputy Chief of Defence Staff and Inspector General of the Army,,"As SPLA Deputy Chief of Staff for Logistics, Riak was one of the senior officials of the Government of South Sudan who planned and oversaw an offensive in Unity state in 2015 that resulted in widespread destruction and large population displacement. INTERPOL-UN Security Council Special Notice:https://www.interpol.int/en/How-we-work/Notices/View-UN-Notices-Individuals"
SSi.008,individual,PAUL MALONG AWAN ANEI,,Paul Malong Awan Anei; Paul Malong; Bol Malong,,SouthSudan,2018-07-13,South Sudan; Uganda,South Sudan; Uganda,1962; 1960-12-04; 1960-04-12; 1962-01-01,Passport S00004370 South Sudan; Passport D00001369 South Sudan; Passport 003606 Sudan; Passport 00606 Sudan; Passport B002606 Sudan; Passport DA025963 Uganda,"Former Chief of Staff of the Sudan People’s Liberation Army (SPLA); Former Governor, Northern Bahr el-Ghazal State",2019-06-25,"As Chief of General Staff of the SPLA, Malong expanded or extended the conflict in South Sudan through breaches of the Cessation of Hostilities Agreement and breaches of the 2015 Agreement on the Resolution of the Conflict in South Sudan (ARCSS). He reportedly directed efforts to kill opposition leader Riek Machar. He ordered SPLA units to prevent the transport of humanitarian supplies. Under Malong’s leadership, the SPLA attacked civilians, schools and hospitals; forced the displacement of civilians; carried out enforced disappearances; arbitrarily detained civilians; and conducted acts of torture, and rape. He mobilized the Mathiang Anyoor Dinka tribal militia, which uses child soldiers. Under his leadership, the SPLA restricted UNMISS, the Joint Monitoring and Evaluation Commission (JMEC), and CTSAMM access to sites to investigate and document abuses. INTERPOL-UN Security Council Special Notice:https://www.interpol.int/en/How-we-work/Notices/View-UN-Notices-Individuals"
TAe.010,entity,HAJI KHAIRULLAH HAJI SATTAR MONEY EXCHANGE,حاجی خيرالله و حاجی ستار صرافی,Haji Khairullah-Haji Sattar Sarafi; Haji Khairullah and Abdul Sattar and Company; Haji Khairullah Money Exchange; Haji Khair Ullah Money Service; Haji Salam Hawala; Haji Hakim Hawala; Haji Alim Hawala; Sarafi-yi Haji Khairullah Haji Satar Haji Esmatullah,,Taliban,2012-06-29,,,,,,2012-08-13; 2012-10-25; 2026-04-15,Afghan Money Service Provider License Number: 044. Haji Khairullah Haji Sattar Money Exchange was used by Taliban leadership to transfer money to Taliban commanders to fund fighters and operations in Afghanistan as of 2011. Active in Kunar Province. Associated with Abdul Sattar Abdul Manan (TAi.162) and Khairullah Barakzai Khudai Nazar (TAi.163) INTERPOL-UN Security Council Special Notice:https://www.interpol.int/en/How-we-work/Notices/View-UN-Notices-Entities
TAe.011,entity,ROSHAN MONEY EXCHANGE,صرافی روشان,Roshan Sarafi; Roshan Trading Company; Rushaan Trading Company; Roshan Shirkat; Maulawi Ahmed Shah Hawala; Mullah Ahmed Shah Hawala; Haji Ahmad Shah Hawala; Ahmad Shah Hawala,,Taliban,2012-06-29,,,,,,2012-10-25,Roshan Money Exchange stores and transfers funds to support Taliban military operations and narcotics trade in Afghanistan. Owned by Ahmed Shah Noorzai Obaidullah (TAi.166) INTERPOL-UN Security Council Special Notice:https://www.interpol.int/en/How-we-work/Notices/View-UN-Notices-Entities
TAe.012,entity,HAQQANI NETWORK (HQN),شبکه حقانی,,,Taliban,2012-11-05,,,,,,,"Network of Taliban fighters centered around the border between Khost Province, Afghanistan and North Waziristan, Pakistan. Founded by Jalaluddin Haqqani (TAi.040) and currently headed by his son Sirajuddin Jallaloudine Haqqani (TAi.144). Other listed members include Nasiruddin Haqqani (TAi.146), Sangeen Zadran Sher Mohammad (TAi.152), Abdul Aziz Abbasin (TAi.155), Fazl Rabi (TAi.157), Ahmed Jan Wazir (TAi.159), Bakht Gul (TAi.161), Abdul Rauf Zakir (TAi.164). Responsible for suicide attacks and targeted assassination as well as kidnappings in Kabul and other provinces of Afghanistan. Linked to Al-Qaida (QDe.004), Islamic Movement of Uzbekistan (QDe.010), Tehrik-e Taliban Pakistan (QDe.132), Lashkar I Jhangvi (QDe.096), and Jaish-IMohammed (QDe.019) INTERPOL-UN Security Council Special Notice:https://www.interpol.int/en/How-we-work/Notices/View-UN-Notices-Entities"
TAe.013,entity,RAHAT LTD.,راحت لمتد,Rahat Trading Company; Haji Muhammad Qasim Sarafi; New Chagai Trading; Musa Kalim Hawala,,Taliban,2012-11-21,,,,,,2013-06-27,Rahat Ltd. was used by Taliban leadership to transfer funds originating from external donors and narcotics trafficking to finance Taliban activity as of 2011 and 2012. Owned by Mohammed Qasim Mir Wali Khudai Rahim (TAi.165). Also associated Mohammad Naim Barich Khudaidad (TAi.013) INTERPOL-UN Security Council Special Notice:https://www.interpol.int/en/How-we-work/Notices/View-UN-Notices-Entities
TAe.014,entity,HAJI BASIR AND ZARJMIL COMPANY HAWALA,د حاجی بصیر او ضرجمیل کمپنی حواله,"Haji Bashir and Zarjmil Hawala Company; Haji Abdul Basir and Zar Jameel Hawala; Haji Basir Hawala; Haji Baseer Hawala; Haji Abdul Basir Exchange Shop; Haji Basir and Zarjamil Currency Exchange; Haji Zar Jamil, Haji Abdul Baseer Money Changer",,Taliban,2015-03-27-04:00,,Afghanistan; Iran (Islamic Republic of); Pakistan; United Arab Emirates,,,,,Money service provider used by senior Taliban leaders to transfer funds to Taliban commanders in the region. Owned by Abdul Basir Noorzai (TAi.173) INTERPOL-UN Security Council Special Notice:https://www.interpol.int/en/How-we-work/Notices/View-UN-Notices-Entities
TAi.002,individual,MOHAMMAD HASSAN AKHUND,محمد حسن آخوند,,,Taliban,2001-01-25,Afghanistan,Afghanistan,1955-1958; 1945-1950,Passport P04581926 Afghanistan,"First Deputy, Council of Ministers under the Taliban regime (1996-2001); Foreign Minister under the Taliban regime (1996-2001); Governor of Kandahar under the Taliban regime(1996-2001); Political Advisor of Mullah Mohammed Omar",2003-09-03; 2005-12-20; 2007-07-09; 2007-09-21; 2011-11-29; 2026-03-10; 2026-04-13,A close associate of Mullah Mohammed Omar (TAi.004). Member of Taliban Supreme Council as at Dec. 2009. Belongs to Baabar tribe INTERPOL-UN Security Council Special Notice:https://www.interpol.int/en/How-we-work/Notices/View-UN-Notices-Individuals
TAi.003,individual,ABDUL KABIR MOHAMMAD JAN,عبد الکبیر محمد جان,A. Kabir; ABDUL KABIR MUHAMMAD JAN,,Taliban,2001-01-25,Afghanistan,Afghanistan,1963; 1972-01-30,Passport D0009925 Afghanistan,"Second Deputy, Economic Affairs, Council of Ministers under the Taliban regime (1996-2001); Governor of Nangarhar Province under the Taliban regime(1996-2001); Head of Eastern Zone under the Taliban regime (1996-2001)",2003-09-03; 2005-12-20; 2007-07-18; 2007-09-21; 2012-02-13; 2012-08-13; 2013-12-31; 2026-03-10; 2026-04-28,"Active in terrorist operations in Eastern Afghanistan. Collects money from drug traffickers. Member of the Taliban Supreme Council as at 2009. Family is originally from Neka District, Paktia Province, Afghanistan. Responsible for attack on Afghan parliamentarians in November 2007 in Baghlan; owns land in central Baghlan Province. Belongs to Zadran tribe. Height 185 cm. Photo available for inclusion in the INTERPOL-UN Security Council Special Notice INTERPOL-UN Security Council Special Notice:https://www.interpol.int/en/How-we-work/Notices/View-UN-Notices-Individuals"
TAi.004,individual,MOHAMMED OMAR GHULAM NABI,محمد عمر غلام نبی,,,Taliban,2000-04-12,Afghanistan,Afghanistan,1966; 1960; 1953,,"Leader of the Faithful ('Amir ul-Mumineen'), Afghanistan",2003-09-03; 2007-09-21; 2011-11-29; 2013-12-31; 2016-09-07,"Father's name is Ghulam Nabi, also known as Mullah Musafir. Left eye missing. Brother-in-law of Ahmad Jan Akhundzada Shukoor Akhundzada (TAi.109). Believed to be in Afghanistan/Pakistan border area. Belongs to Hotak tribe. Reportedly deceased as of April 2013 INTERPOL-UN Security Council Special Notice:https://www.interpol.int/en/How-we-work/Notices/View-UN-Notices-Individuals"
TAi.005,individual,MUHAMMAD TAHER ANWARI,محمد طاهر أنوري,Mohammad Taher Anwari; Muhammad Tahir Anwari; Mohammad Tahre Anwari,Haji Mudir,Taliban,2001-02-23,Afghanistan,Afghanistan,1961,,a) Director of Administrative Affairs under the Taliban regime; Minister of Finance under the Taliban regime,2003-09-03; 2007-07-09; 2007-09-21; 2011-11-29,Belongs to Andar tribe INTERPOL-UN Security Council Special Notice:https://www.interpol.int/en/How-we-work/Notices/View-UN-Notices-Individuals
TAi.006,individual,SAYYED MOHAMMED HAQQANI,سيد محمد حقانی,Sayyed Mohammad Haqqani,,Taliban,2001-01-31,Afghanistan,Afghanistan,1965,,Director of Administrative Affairs under the Taliban regime; Head of Information and Culture in Kandahar Province under the Taliban regime,2003-09-03; 2005-12-20; 2007-07-18; 2007-09-21; 2011-11-29; 2016-09-07,"Graduate of the Haqqaniya madrasa in Akora Khattak, Pakistan. Believed to have had close relations with Taliban Leader Mullah Mohammed Omar (TAi.004). Believed to be in Afghanistan/Pakistan border area. Member of Taliban Supreme Council as at June 2010. Belongs to Barakzai tribe. Photo available for inclusion in the INTERPOL-UN Security Council Special Notice. Reportedly deceased as of January 2016 INTERPOL-UN Security Council Special Notice:https://www.interpol.int/en/How-we-work/Notices/View-UN-Notices-Individuals"
TAi.007,individual,ABDUL LATIF MANSUR,عبد اللطيف منصور,Abdul Latif Mansoor; Wali Mohammad,,Taliban,2001-01-31,Afghanistan,Afghanistan,1968; 1967-11-12,Passport D0009720 Afghanistan; Passport D0010442 Afghanistan,Minister of Agriculture under the Taliban regime (1996-2001),2003-09-03; 2007-07-18; 2007-09-21; 2012-02-13; 2012-05-18; 2013-04-22; 2026-03-10; 2026-04-28,Taliban Shadow Governor for Logar Province as of late 2012. Belongs to Sahak tribe (Ghilzai). Height 170 cm. Photo available for inclusion in the INTERPOL-UN Security Council Special Notice INTERPOL-UN Security Council Special Notice:https://www.interpol.int/en/How-we-work/Notices/View-UN-Notices-Individuals
TAi.008,individual,SHAMS UR-RAHMAN ABDUL ZAHIR,شمس الرحمن عبد الظاهر,Shamsurrahman; Shams-u-Rahman; Shamsurrahman Abdurahman,Shams ur-Rahman Sher Alam,Taliban,2001-02-23,Afghanistan,Afghanistan,1969,National Identification Number 2132370; National Identification Number 812673,Deputy Minister of Agriculture under the Taliban regime,2003-09-03; 2007-09-21; 2010-04-12; 2011-11-29; 2012-05-18,Believed to be in Afghanistan/Pakistan border area. Involved in drug trafficking. Belongs to Ghilzai tribe INTERPOL-UN Security Council Special Notice:https://www.interpol.int/en/How-we-work/Notices/View-UN-Notices-Individuals
TAi.009,individual,ATTIQULLAH AKHUND,عتیق الله آخوند,,,Taliban,2001-02-23,Afghanistan,Afghanistan,1953,,Deputy Minister of Agriculture under the Taliban regime,2003-09-03; 2007-09-21; 2011-11-29,Member of Taliban Supreme Military Council as well as Taliban Supreme Council as at June 2010. Belongs to Popalzai tribe INTERPOL-UN Security Council Special Notice:https://www.interpol.int/en/How-we-work/Notices/View-UN-Notices-Individuals
TAi.011,individual,AKHTAR MOHAMMAD MANSOUR SHAH MOHAMMED,اختر محمد منصور شاه محمد,Akhtar Mohammad Mansour Khan Muhammad; Akhtar Muhammad Mansoor; Akhtar Mohammad Mansoor,Naib Imam,Taliban,2001-01-25,Afghanistan,Afghanistan,1960; 1966,Passport SE-011697 Afghanistan,Minister of Civil Aviation and Transportation under the Taliban regime,2003-09-03; 2007-07-18; 2007-09-21; 2008-02-01; 2011-11-29; 2016-12-23,"Involved in drug trafficking as of 2011, primarily through Gerd-e-Jangal, Afghanistan. Active in the provinces of Khost, Paktia and Paktika, Afghanistan as of May 2007. Taliban ""Governor"" of Kandahar as of May 2007. Deputy to Mullah Abdul Ghani Baradar (TAi.024) in the Taliban Supreme Council as of 2009. Taliban official responsible for four southern provinces of Afghanistan. Following the arrest of Mullah Baradar in February 2010 he was temporarily-in-charge of the Taliban Supreme Council. Believed to be in Afghanistan/Pakistan border area. Belongs to Ishaqzai tribe. Reportedly killed in May 2016 INTERPOL-UN Security Council Special Notice:https://www.interpol.int/en/How-we-work/Notices/View-UN-Notices-Individuals"
TAi.013,individual,MOHAMMAD NAIM BARICH KHUDAIDAD,محمد نعيم بريخ خدايداد,Mullah Naeem Barech; Mullah Naeem Baraich; Mullah Naimullah; Mullah Naim Bareh; Mohammad Naim; Mullah Naim Barich; Mullah Naim Barech; Mullah Naim Barech Akhund; Mullah Naeem Baric; Naim Berich; Haji Gul Mohammed Naim Barich; Gul Mohammad; Haji Ghul Mohammad; Gul Mohammad Kamran; Mawlawi Gul Mohammad,Spen Zrae,Taliban,2001-02-23,Afghanistan,Afghanistan,1975,,Deputy Minister of Civil Aviation under the Taliban regime,2003-09-03; 2007-07-09; 2007-09-21; 2012-02-13; 2012-08-13; 2013-04-22; 2013-12-31,Member of the Taliban Military Commission as at mid-2013. Believed to be in Afghanistan/Pakistan border area. Belongs to Barich tribe INTERPOL-UN Security Council Special Notice:https://www.interpol.int/en/How-we-work/Notices/View-UN-Notices-Individuals
TAi.014,individual,HIDAYATULLAH,هدايت الله,Abu Turab,,Taliban,2001-03-08,Afghanistan,Afghanistan,1968,,Deputy Minister of Civil Aviation and Tourism under the Taliban regime,2003-09-03; 2007-09-21; 2008-02-28; 2008-10-03; 2011-11-29,Believed to be in Afghanistan/Pakistan border area. Belongs to Ghilzai tribe INTERPOL-UN Security Council Special Notice:https://www.interpol.int/en/How-we-work/Notices/View-UN-Notices-Individuals
TAi.015,individual,YAR MOHAMMAD RAHIMI,یار محمد رحیمی,,,Taliban,2001-01-25,Afghanistan,Afghanistan,1953,,Minister of Communication under the Taliban regime,2003-09-03; 2007-09-21; 2011-11-29,Member of Taliban Supreme Council as at 2009. Believed to be in Afghanistan/Pakistan border area. Belongs to Nurzai tribe INTERPOL-UN Security Council Special Notice:https://www.interpol.int/en/How-we-work/Notices/View-UN-Notices-Individuals
TAi.016,individual,ALLAH DAD TAYEB WALI MUHAMMAD,الله داد طیب ولی محمد,Allah Dad Tayyab; Allah Dad Tabeeb,,Taliban,2001-01-25,Afghanistan,Afghanistan,1963,,Deputy Minister of Communication under the Taliban regime,2003-09-03; 2007-07-18; 2007-09-21; 2011-11-29; 2012-05-18; 2016-09-07,Belongs to Popalzai tribe. Photo available for inclusion in the INTERPOL-UN Security Council Special Notice. Deceased as of November 2015 INTERPOL-UN Security Council Special Notice:https://www.interpol.int/en/How-we-work/Notices/View-UN-Notices-Individuals
TAi.019,individual,NIK MOHAMMAD DOST MOHAMMAD,نیک محمد دوست محمد,Nik Mohammad,,Taliban,2001-01-31,Afghanistan,Afghanistan,1957,,Deputy Minister of Commerce under the Taliban regime,2003-09-03; 2007-09-21; 2011-11-29; 2012-08-13; 2012-10-19; 2013-12-31,Leads a commission to register enemies of the Taliban as of mid-2013. Believed to be in Afghanistan/Pakistan border area. Belongs to Nurzai tribe INTERPOL-UN Security Council Special Notice:https://www.interpol.int/en/How-we-work/Notices/View-UN-Notices-Individuals
TAi.020,individual,MATIULLAH,مطيع الله,,,Taliban,2001-02-23,Afghanistan,Afghanistan,1973,,"Director, Kabul Custom House under the Taliban regime",2003-09-03; 2007-09-21; 2008-10-03; 2011-11-29; 2013-12-31,Works on recruitment for the Taliban movement as of mid-2013. Believed to be in Afghanistan/Pakistan border area. Belongs to Popalzai tribe INTERPOL-UN Security Council Special Notice:https://www.interpol.int/en/How-we-work/Notices/View-UN-Notices-Individuals
TAi.021,individual,ALLAH DAD MATIN,الله داد متین,Allahdad; Shahidwror,Akhund,Taliban,2001-01-31,Afghanistan,Afghanistan,1953; 1960,,Minister of Urban Development under the Taliban regime; President of Central Bank (Da Afghanistan Bank) under the Taliban regime; Head of Ariana Afghan Airlines under the Taliban regime,2003-09-03; 2007-09-21; 2011-11-29; 2013-12-31,One foot lost in landmine explosion. Believed to be in Afghanistan/Pakistan border area. Belongs to Nurzai tribe INTERPOL-UN Security Council Special Notice:https://www.interpol.int/en/How-we-work/Notices/View-UN-Notices-Individuals
TAi.022,individual,UBAIDULLAH AKHUND YAR MOHAMMAD AKHUND,عبیدالله آخوند یار محمد آخوند,Obaidullah Akhund; Obaid Ullah Akhund,,Taliban,2001-01-25,Afghanistan,Afghanistan,1968; 1969,,Minister of Defence under the Taliban regime,2003-09-03; 2007-07-18; 2007-09-21; 2011-11-29; 2012-05-18; 2013-12-31,"He was one of the deputies of Mullah Mohammed Omar (TAi.004) and a member of the Taliban's Supreme Council, in charge of military operations. Arrested in 2007 and was in custody in Pakistan. Confirmed deceased in March 2010 and buried in Karachi, Pakistan. Linked by marriage to Saleh Mohammad Kakar Akhtar Muhammad (TAi.149). Belonged to Alokozai tribe INTERPOL-UN Security Council Special Notice:https://www.interpol.int/en/How-we-work/Notices/View-UN-Notices-Individuals"
TAi.023,individual,FAZL MOHAMMAD MAZLOOM,فضل محمد مظلوم,Molah Fazl; Fazel Mohammad Mazloom; MOHAMMAD FADEL AAKHUND,,Taliban,2001-02-23,Afghanistan,Afghanistan,1963-1968; 1971-10-24,Passport D0009726 Afghanistan,Deputy Chief of Army Staff of the Taliban regime (1996-2001),2003-09-03; 2007-09-21; 2008-10-03; 2013-12-31; 2016-09-07; 2026-03-10; 2026-04-28,Missing left leg since 1996. Serious injury on his right foot. Height 168 cm. Photo available for inclusion in the INTERPOL-UN Security Council Special Notice INTERPOL-UN Security Council Special Notice:https://www.interpol.int/en/How-we-work/Notices/View-UN-Notices-Individuals
TAi.024,individual,ABDUL GHANI BARADAR ABDUL AHMAD TURK,عبدالغنی برادر عبد الاحمد ترک,Mullah Baradar Akhund; Abdul Ghani Baradar,,Taliban,2001-02-23,Afghanistan,Afghanistan,1968; 1963-09-29,Passport D0009751 Afghanistan; Passport P04999950 Afghanistan,Deputy Minister of Defence under the Taliban regime (1996-2001),2003-09-03; 2007-07-18; 2007-09-21; 2012-02-13; 2026-03-10; 2026-04-13,Belongs to Popalzai tribe. Height 173 cm. Photo available for inclusion in the INTERPOL-UN Security Council Special Notice INTERPOL-UN Security Council Special Notice:https://www.interpol.int/en/How-we-work/Notices/View-UN-Notices-Individuals
TAi.025,individual,ABDUL RAUF KHADEM,عبدالروف خادم,Mullah Abdul Rauf Aliza,,Taliban,2001-02-23,Afghanistan,Afghanistan,1958-1963; 1970,,Commander of Central Corps under the Taliban regime,2003-09-03; 2007-09-21; 2012-02-13,"Member of the Taliban Quetta Shura as at 2009. Taliban member responsible for Uruzgan Province, Afghanistan, as at 2011 INTERPOL-UN Security Council Special Notice:https://www.interpol.int/en/How-we-work/Notices/View-UN-Notices-Individuals"
TAi.026,individual,AMIR KHAN MOTAQI,امیر خان متقی,Amir Khan Muttaqi; AMIR KHAN MUTAQI,,Taliban,2001-01-25,Afghanistan,Afghanistan,1968; 1970-12-25; 1971,Passport D0009716 Afghanistan; Passport D0009803 Afghanistan,Minister of Education under the Taliban regime (1996-2001); Taliban representative in UN-led talks under the Taliban regime (1996-2001),2003-09-03; 2007-09-21; 2011-11-29; 2026-03-10; 2026-04-13,Member of the Taliban Supreme Council as of June 2007. Belongs to Sulaimankhel tribe. Height 170 cm. Photo available for inclusion in the INTERPOL-UN Security Council Special Notice INTERPOL-UN Security Council Special Notice:https://www.interpol.int/en/How-we-work/Notices/View-UN-Notices-Individuals
TAi.027,individual,ABDUL SALAM HANAFI ALI MARDAN QUL,عبدالسلام حنفی علی مردان قل,Abdussalam Hanifi; Hanafi Saheb; ABDUL SALAM HANAFI,,Taliban,2001-02-23,Afghanistan,Afghanistan,1968; 1969-01-01,Passport D00009723 Afghanistan; Passport D0010098 Afghanistan; Passport P03078281,Deputy Minister of Education under the Taliban regime (1996-2001),2003-09-03; 2007-07-18; 2007-09-21; 2007-09-27; 2008-02-01; 2011-11-29; 2026-03-10; 2026-04-28; 2026-08-27,Taliban member responsible for Jawzjan Province in Northern Afghanistan until 2008. Involved in drug trafficking. Height 178 cm. Photo available for inclusion in the INTERPOL-UN Security Council Special Notice. INTERPOL-UN Security Council Special Notice:https://www.interpol.int/en/How-we-work/Notices/View-UN-Notices-Individuals
TAi.028,individual,SAID AHMED SHAHIDKHEL,سيد أحمد شهيد خيل,,,Taliban,2001-02-23,Afghanistan,Afghanistan,1975,,Deputy Minister of Education under the Taliban regime,2003-09-03; 2005-12-20; 2007-09-21; 2011-11-29; 2013-12-31,"In July 2003 he was in custody in Kabul, Afghanistan. Released from custody in 2007. Believed to be in Afghanistan/Pakistan border area. Member of the Taliban leadership council as of mid-2013. Belongs to Andar tribe INTERPOL-UN Security Council Special Notice:https://www.interpol.int/en/How-we-work/Notices/View-UN-Notices-Individuals"
TAi.030,individual,AREFULLAH AREF GHAZI MOHAMMAD,عارف الله عارف غازی محمد,Arefullah Aref,,Taliban,2001-01-31,Afghanistan,Afghanistan,1958,,Deputy Minister of Finance under the Taliban regime; Governor of Ghazni Province under the Taliban regime; Governor of Paktia Province under the Taliban regime,2003-09-03; 2007-09-21; 2011-11-29; 2013-12-31,"Directs Taliban ""front"" in Gelan District, Ghazni Province, Afghanistan as of mid-2013. Believed to be in Afghanistan/Pakistan border area. Belongs to Andar tribe INTERPOL-UN Security Council Special Notice:https://www.interpol.int/en/How-we-work/Notices/View-UN-Notices-Individuals"
TAi.031,individual,MOHAMMAD AHMADI,محمد احمدی,,,Taliban,2001-02-23,Afghanistan,Afghanistan,1963,,President of Central Bank (Da Afghanistan Bank) under the Taliban regime; Minister of Finance under the Taliban regime,2003-09-03; 2007-09-21; 2011-11-29; 2013-12-31,Believed to be in Afghanistan/Pakistan border area. Belongs to Kakar tribe. He is a member of the Taliban Supreme Council INTERPOL-UN Security Council Special Notice:https://www.interpol.int/en/How-we-work/Notices/View-UN-Notices-Individuals
TAi.033,individual,ABDUL RAHMAN ZAHED,عبدالرحمان زاهد,Abdul Rehman Zahid,,Taliban,2001-01-25,Afghanistan,Afghanistan,1963,,Deputy Minister of Foreign Affairs under the Taliban regime,2003-09-03; 2007-07-18; 2007-09-21; 2011-11-29,Believed to be in Afghanistan/Pakistan border area INTERPOL-UN Security Council Special Notice:https://www.interpol.int/en/How-we-work/Notices/View-UN-Notices-Individuals
TAi.034,individual,ABDUL JALIL HAQQANI WALI MOHAMMAD,عبد الجليل حقانی ولی محمد,"Abdul Jalil Akhund; Akhter Mohmad son of Noor Mohmad (اختر محمد ولد نور محمد ),; Haji Gulab Gul (حاجی گلاب گل ولد حاجی حضرت گل ); Abdul Jalil Haqqani",Nazar Jan,Taliban,2001-01-25,Afghanistan,Afghanistan,1963,Passport OR1961825 Afghanistan; Passport TR024417 Afghanistan,Deputy Minister of Foreign Affairs under the Taliban regime,2003-09-03; 2007-07-18; 2007-09-21; 2007-09-27; 2012-02-13; 2013-02-11; 2013-12-31; 2014-05-16,Believed to be in Afghanistan/Pakistan border area. Member of the Taliban Supreme Council as of May 2007. Member of the Financial Commission of the Taliban Council. Responsible for logistics for the Taliban and also active as a businessman in his personal capacity as at mid-2013. Belongs to Alizai tribe. Brother of Atiqullah Wali Mohammad (TAi.070) INTERPOL-UN Security Council Special Notice:https://www.interpol.int/en/How-we-work/Notices/View-UN-Notices-Individuals
TAi.036,individual,FAIZ,فيض,,,Taliban,2001-02-23,Afghanistan,Afghanistan,1969,,"Head of the Information Department, Ministry of Foreign Affairs under the Taliban regime",2003-09-03; 2007-07-09; 2007-09-21; 2011-11-29,INTERPOL-UN Security Council Special Notice:https://www.interpol.int/en/How-we-work/Notices/View-UN-Notices-Individuals
TAi.038,individual,ABDUL BAQI BASIR AWAL SHAH,عبد الباقي بصير أول شاه,Abdul Baqi; ABDUL BAQI HAQQANI,,Taliban,2001-02-23,Afghanistan,Afghanistan,1960-1962; 1967-01-01,Passport D0009724 Afghanistan,"Governor of Khost and Paktika provinces under the Taliban regime (1996-2001); Vice-Minister of Information and Culture under the Taliban regime (1996-2001); Consular Department, Ministry of Foreign Affairs under the Taliban regime (1996-2001)",2003-09-03; 2007-09-07; 2007-09-21; 2011-11-29; 2012-08-13; 2026-03-10; 2026-04-28,Taliban member responsible for Nangarhar Province as at 2008. Until 7 Sep. 2007 he was also listed under number TAi.048. Height 175 cm. Photo available for inclusion in the INTERPOL-UN Security Council Special Notice INTERPOL-UN Security Council Special Notice:https://www.interpol.int/en/How-we-work/Notices/View-UN-Notices-Individuals
TAi.039,individual,MOHAMMAD JAWAD WAZIRI,محمد جواد وزیری,,,Taliban,2001-02-23,Afghanistan,Afghanistan,1960,,"UN Department, Ministry of Foreign Affairs under the Taliban regime",2003-09-03; 2007-09-21; 2011-11-29; 2012-05-18,Believed to be in Afghanistan/Pakistan border area. Belongs to Wazir tribe INTERPOL-UN Security Council Special Notice:https://www.interpol.int/en/How-we-work/Notices/View-UN-Notices-Individuals
TAi.040,individual,JALALUDDIN HAQQANI,جلال الدين حقانى,Jalaluddin Haqani; Jallalouddin Haqqani; Jallalouddine Haqani,,Taliban,2001-01-31,Afghanistan,Afghanistan,1942; 1948,,Minister of Frontier Affairs under the Taliban regime,2003-09-03; 2007-07-18; 2007-09-21; 2007-09-27; 2008-02-01; 2008-07-31; 2008-10-03; 2011-11-29; 2014-02-11; 2019-01-30,"Father of Sirajuddin Jallaloudine Haqqani (TAi.144), Nasiruddin Haqqani (TAi.146) and Badruddin Haqqani (deceased). Brother of Mohammad Ibrahim Omari (TAi.042) and Khalil Ahmed Haqqani (TAi.150). He is an active Taliban leader. Believed to be in Afghanistan/Pakistan border area. Head of the Taliban Miram Shah Shura as at 2008. Belongs to Zadran tribe. Reportedly deceased as of September 2018 INTERPOL-UN Security Council Special Notice:https://www.interpol.int/en/How-we-work/Notices/View-UN-Notices-Individuals"
TAi.042,individual,MOHAMMAD IBRAHIM OMARI,محمد ابراهیم عمری,Ibrahim Haqqani,,Taliban,2001-02-23,Afghanistan,Afghanistan,1958,,Deputy Minister of Frontier Affairs under the Taliban regime,2003-09-03; 2007-09-21; 2011-07-29; 2011-11-29,Brother of Jalaluddin Haqqani (TAi.040) Believed to be in Afghanistan/Pakistan border area INTERPOL-UN Security Council Special Notice:https://www.interpol.int/en/How-we-work/Notices/View-UN-Notices-Individuals
TAi.043,individual,DIN MOHAMMAD HANIF,دین محمد حنیف,Qari Din Mohammad; Iadena Mohammad; IADENAMOHAMMAD NAZRI MOHAMMAD,,Taliban,2001-01-25,Afghanistan,Afghanistan,1955; 1964-01-01,Passport D0009731 Afghanistan; Passport OA 454044,Minister of Planning under the Taliban regime (1996-2001); Minister of Higher Education under the Taliban regime (1996-2001),2003-09-03; 2007-07-09; 2007-09-21; 2011-11-29; 2012-10-25; 2016-09-07; 2026-03-10; 2026-04-28,Member of Taliban Supreme Council responsible for Takhar and Badakhshan provinces. Height 172 cm. Photo available for inclusion in the INTERPOL-UN Security Council Special Notice INTERPOL-UN Security Council Special Notice:https://www.interpol.int/en/How-we-work/Notices/View-UN-Notices-Individuals
TAi.044,individual,HAMDULLAH NOMANI,حمد الله نعمانى,HAMDULLAH NUMANI,,Taliban,2001-02-23,Afghanistan,Afghanistan,1968; 1965-08-28,Passport D0010694 Afghanistan,Minister of Higher Education under the Taliban regime (1996-2001); Mayor of Kabul City under the Taliban regime (1996-2001),2003-09-03; 2007-09-21; 2008-10-03; 2011-11-29; 2026-04-28; 2026-07-30,Member of the Taliban Supreme Council. Believed to be in Afghanistan/Pakistan border area. Height 174 cm. Photo available for inclusion in the INTERPOL-UN Security Council Special Notice INTERPOL-UN Security Council Special Notice:https://www.interpol.int/en/How-we-work/Notices/View-UN-Notices-Individuals
TAi.047,individual,QUDRATULLAH JAMAL,قدرت الله جمال,Haji Sahib,,Taliban,2001-01-25,Afghanistan,Afghanistan,1963,Passport D00010126 Afghanistan,Minister of Information under the Taliban regime (1996-2001),2003-09-03; 2007-07-18; 2007-09-21; 2011-11-29; 2026-03-10,Member of Taliban Supreme Council and member of Taliban Cultural Commission as at 2010 INTERPOL-UN Security Council Special Notice:https://www.interpol.int/en/How-we-work/Notices/View-UN-Notices-Individuals
TAi.049,individual,ABDUL RAHMAN AHMAD HOTTAK,عبدالرحمان احمد هوتک,Hottak Sahib,,Taliban,2001-01-25,Afghanistan,Afghanistan,1957,,Deputy (Cultural) Minister of Information and Culture under the Taliban regime; Head of Consular Department of Ministry of Foreign Affairs under the Taliban regime,2003-09-03; 2007-07-09; 2007-09-21; 2011-11-29,Believed to be in Afghanistan/Pakistan border area. Belongs to Hotak tribe INTERPOL-UN Security Council Special Notice:https://www.interpol.int/en/How-we-work/Notices/View-UN-Notices-Individuals
TAi.051,individual,ABDULHAI MOTMAEN,عبدالحی مطمئن,Abdul Haq son of M. Anwar Khan (عبد الحق ولد محمد انور خان),,Taliban,2001-02-23,Afghanistan,Afghanistan,1973,Passport OA462456 Afghanistan,Director of the Information and Culture Department in Kandahar Province under the Taliban regime; Spokesperson of the Taliban regime,2003-09-03; 2007-09-21; 2011-11-29; 2013-12-31; 2014-05-16,"Family is originally from Zabul, but settled later in Helmand. Member of the Taliban Supreme Council and spokesperson for Mullah Mohammed Omar (TAi.004) as of 2007. Believed to be in Afghanistan/Pakistan border area. Belongs to Kharoti tribe INTERPOL-UN Security Council Special Notice:https://www.interpol.int/en/How-we-work/Notices/View-UN-Notices-Individuals"
TAi.052,individual,MOHAMMAD YAQOUB,محمد يعقوب,,,Taliban,2001-02-23,Afghanistan,Afghanistan,1966,,Head of Bakhtar Information Agency (BIA) under the Taliban regime,2003-09-03; 2007-09-21; 2011-11-29; 2012-06-01; 2013-12-31,"Member of Taliban Cultural Commission. Directs a Taliban ""front"" and coordinates all military activities of Taliban forces in Maiwand District, Kandahar Province, Afghanistan as of mid-2013. Believed to be in Afghanistan/Pakistan border area. Belongs to Kharoti (Taraki) tribe INTERPOL-UN Security Council Special Notice:https://www.interpol.int/en/How-we-work/Notices/View-UN-Notices-Individuals"
TAi.053,individual,ABDUL RAZAQ AKHUND LALA AKHUND,عبد الرزاق آخوند لا لا آخوند,,,Taliban,2001-01-25,Afghanistan,Afghanistan,1958,,Minister of Interior Affairs under the Taliban regime; Chief of Kabul Police under the Taliban regime,2003-09-03; 2007-07-18; 2007-09-21; 2011-11-29; 2013-12-31,Member of Taliban Supreme Council as at June 2008. Deputy of Mullah Mohammed Omar (TAi.004) as at Mar. 2010. Member of the Supervision Commission of the Taliban as of mid-2013. Involved in drug trafficking. Believed to be in Afghanistan/Pakistan border area. Belongs to Achekzai tribe INTERPOL-UN Security Council Special Notice:https://www.interpol.int/en/How-we-work/Notices/View-UN-Notices-Individuals
TAi.057,individual,SAYED MOHAMMAD AZIM AGHA,سید محمد عظیم ﺁغا,Sayed Mohammad Azim Agha; Agha Saheb,,Taliban,2001-02-23,Afghanistan,Afghanistan,1966; 1969,,Director of the Passport and Visa Department in the Ministry of Interior under the Taliban regime,2003-09-03; 2007-07-09; 2007-09-21; 2011-11-29; 2013-12-31,"Directs a Taliban ""front""(mahaz) and serves as member of the military commission of the Taliban as of mid-2013. Believed to be in Afghanistan/Pakistan border area INTERPOL-UN Security Council Special Notice:https://www.interpol.int/en/How-we-work/Notices/View-UN-Notices-Individuals"
TAi.058,individual,NOORUDDIN TURABI MUHAMMAD QASIM,نورالدین ترابی محمد قاسم,Noor ud Din Turabi; MULLAH NOORDIN TORABI,Haji Karim,Taliban,2001-01-25,Afghanistan,Afghanistan,1963; 1956; 1955; 1969-07-30,Passport P00429243 Afghanistan,Minister of Justice under the Taliban regime (1996-2001),2003-09-03; 2007-09-21; 2010-04-12; 2011-11-29; 2026-03-10; 2026-04-28,Deputy to Mullah Mohammed Omar (TAi.004). Height 165 cm. Photo available for inclusion in the INTERPOL-UN Security Council Special Notice INTERPOL-UN Security Council Special Notice:https://www.interpol.int/en/How-we-work/Notices/View-UN-Notices-Individuals
TAi.060,individual,MOHAMMAD ESSA AKHUND,محمد عیسی آخوند,MOHAMMAD EISA SANI,,Taliban,2001-01-25,Afghanistan,Afghanistan,1958; 1957-02-22,Passport D0010402 Afghanistan,"Minister of Water, Sanitation and Electricity under the Taliban regime (1996-2001)",2003-09-03; 2007-09-21; 2011-11-29; 2026-03-10; 2026-04-28,Belongs to Nurzai tribe. Height 185 cm. Photo available for inclusion in the INTERPOL-UN Security Council Special Notice INTERPOL-UN Security Council Special Notice:https://www.interpol.int/en/How-we-work/Notices/View-UN-Notices-Individuals
TAi.063,individual,MOHAMMAD AZAM ELMI,محمد اعظم علمی,Muhammad Azami,,Taliban,2001-02-23,Afghanistan,Afghanistan,1968,,Deputy Minister of Mines and Industries under the Taliban regime,2003-09-03; 2007-07-18; 2007-09-21; 2011-11-29,Reportedly deceased in 2005 INTERPOL-UN Security Council Special Notice:https://www.interpol.int/en/How-we-work/Notices/View-UN-Notices-Individuals
TAi.064,individual,EZATULLAH HAQQANI KHAN SAYYID,عزت الله حقاني خان سيد,Ezatullah Haqqani (previously listed as),,Taliban,2001-02-23,Afghanistan,Afghanistan,1957,,Deputy Minister of Planning under the Taliban regime,2003-09-03; 2007-07-18; 2007-09-21; 2007-09-27; 2011-11-29; 2012-05-18,Member of the Taliban Peshawar Shura as of 2008. Believed to be in Afghanistan/Pakistan border area INTERPOL-UN Security Council Special Notice:https://www.interpol.int/en/How-we-work/Notices/View-UN-Notices-Individuals
TAi.066,individual,MOHAMMAD ABBAS AKHUND,محمد عباس آخوند,,,Taliban,2001-01-25,Afghanistan,Afghanistan,1963,,Mayor of Kandahar under the Taliban regime; Minister of Public Health under the Taliban regime,2003-09-03; 2007-09-21; 2011-11-29; 2013-12-31,Member of Taliban Supreme Council in charge of the Medical Committee as of Jan. 2011. Directly supervises three medical centers caring for wounded Taliban fighters as of mid-2013. Believed to be in Afghanistan/Pakistan border area. Belongs to Barakzai tribe INTERPOL-UN Security Council Special Notice:https://www.interpol.int/en/How-we-work/Notices/View-UN-Notices-Individuals
TAi.067,individual,SHER MOHAMMAD ABBAS STANEKZAI PADSHAH KHAN,شیر محمد عباس استانکزی پادشاه خان,,,Taliban,2001-01-25,Afghanistan,Afghanistan,1963,,Deputy Minister of Public Health under the Taliban regime; Deputy Minister of Foreign Affairs under the Taliban regime,2003-09-03; 2007-09-21; 2011-11-29; 2016-09-07,Believed to be in Afghanistan/Pakistan border area. Picture available for inclusion in the INTERPOL-UN Security Council Special Notice INTERPOL-UN Security Council Special Notice:https://www.interpol.int/en/How-we-work/Notices/View-UN-Notices-Individuals
TAi.068,individual,MOHAMMADULLAH MATI,محمد الله مطيع,Mawlawi Nanai,,Taliban,2001-01-25,Afghanistan,Afghanistan,1961,,Minister of Public Works under the Taliban regime,2003-09-03; 2007-09-21; 2008-10-03; 2011-11-29; 2013-12-31,Lost one leg in 1980s. Interim leader of Taliban Supreme Council from February to April 2010. In charge of recruitment activities as of mid-2013. Believed to be in Afghanistan/Pakistan border area. Belongs to Isakzai tribe INTERPOL-UN Security Council Special Notice:https://www.interpol.int/en/How-we-work/Notices/View-UN-Notices-Individuals
TAi.069,individual,RUSTUM HANAFI HABIBULLAH,رستم حنفی حبیب الله,Rostam Nuristani,Hanafi Sahib,Taliban,2001-01-25,Afghanistan,Afghanistan,1963,,Deputy Minister of Public Works under the Taliban regime,2003-09-03; 2007-07-18; 2007-09-21; 2011-11-29; 2012-05-18; 2012-08-13,"Taliban member responsible for Nuristan Province, Afghanistan, as of May 2007. Belongs to Nuristani tribe. Reportedly deceased in early 2012 INTERPOL-UN Security Council Special Notice:https://www.interpol.int/en/How-we-work/Notices/View-UN-Notices-Individuals"
TAi.070,individual,ATIQULLAH WALI MOHAMMAD,عتیق الله ولی محمد,Atiqullah,,Taliban,2001-01-31,Afghanistan,Afghanistan,1962,,"Director of Foreign Relations, Kandahar Province under the Taliban regime; Director of Public Works, Kandahar Province under the Taliban regime; First Deputy Minister of Agriculture under the Taliban regime; Deputy Minister of Public Works under the Taliban regime",2003-09-03; 2007-09-21; 2011-11-29; 2012-10-19; 2013-02-11; 2013-12-31,"Originally from Uruzgan, settled and lived later in Kandahar. Was a member of Taliban Supreme Council Political Commission in 2010. No specific role in the Taliban movement, active as a businessman in his personal capacity as of mid-2013. Believed to be in Afghanistan/Pakistan border area. Belongs to Alizai tribe. Brother of Abdul Jalil Haqqani Wali Mohammad (TAi.034) INTERPOL-UN Security Council Special Notice:https://www.interpol.int/en/How-we-work/Notices/View-UN-Notices-Individuals"
TAi.071,individual,NAJIBULLAH HAQQANI HIDAYATULLAH,نجیب الله حقانی هدايت الله,Najibullah Haqani; NAJEEBULLAH HAYAT,,Taliban,2001-02-23,Afghanistan,Afghanistan,1971; 1972-10-24,National Identification Number 545167; Passport D0009871 Afghanistan,Deputy Minister of Finance under the Taliban regime (1996-2001),2003-09-03; 2007-07-18; 2007-09-21; 2007-09-27; 2011-11-29; 2014-05-16; 2026-03-10; 2026-04-28,Cousin of Moulavi Noor Jalal. Grandfather’s name is Salam. Taliban member responsible for Laghman Province as of late 2010. Photo available for inclusion in the INTERPOL-UN Security Council Special Notice INTERPOL-UN Security Council Special Notice:https://www.interpol.int/en/How-we-work/Notices/View-UN-Notices-Individuals
TAi.072,individual,SAYYED GHIASSOUDDINE AGHA,سيد غیاث الدین آغا,Sayed Ghias; Sayed Ghiasuddin Sayed Ghousuddin; Sayyed Ghayasudin,,Taliban,2001-01-31,Afghanistan,Afghanistan,1961,,Minister of Haj and Religious Affairs under the Taliban regime; Education Minister under the Taliban regime,2003-09-03; 2007-07-18; 2007-09-21; 2008-02-01; 2011-11-29,"Taliban member responsible for Faryab, Jawzjan, Sari Pul and Balkh Provinces, Afghanistan as at June 2010. Involved in drug trafficking. Member of Taliban Supreme Council and Taliban Military Council as at December 2009. Believed to be in Afghanistan/Pakistan border area. Belongs to Sadat ethnic group INTERPOL-UN Security Council Special Notice:https://www.interpol.int/en/How-we-work/Notices/View-UN-Notices-Individuals"
TAi.073,individual,MOHAMMAD MOSLIM HAQQANI MUHAMMADI GUL,محمد مسلم حقانى محمدی گل,Moslim Haqqani,,Taliban,2001-01-25,Afghanistan,Afghanistan,1965,,Deputy Minister of Haj and Religious Affairs under the Taliban regime; Deputy Minister of Higher Education under the Taliban regime,2003-09-03; 2007-07-18; 2007-09-21; 2008-10-03; 2011-11-29; 2013-12-31,"Ethnic Pashtun from Baghlan Province. Believed to be in Afghanistan/Pakistan border area. Speaks fluent English, Urdu and Arabic INTERPOL-UN Security Council Special Notice:https://www.interpol.int/en/How-we-work/Notices/View-UN-Notices-Individuals"
TAi.075,individual,ABDUL RAQIB TAKHARI,عبدالرقیب تخاری,,,Taliban,2001-01-25,Afghanistan,Afghanistan,1968-1973,,Minister of Repatriation under the Taliban regime,2003-09-03; 2007-09-21; 2011-11-29; 2013-12-31; 2014-05-16,"Member of Taliban Supreme Council responsible for Takhar and Badakhshan provinces as at Dec. 2009. Confirmed killed on 17 February in Peshawar, Pakistan and buried in Takhar Province, Afghanistan INTERPOL-UN Security Council Special Notice:https://www.interpol.int/en/How-we-work/Notices/View-UN-Notices-Individuals"
TAi.078,individual,MOHAMMAD WALI MOHAMMAD EWAZ,محمد ولی محمد عوض,Mohammad Wali,,Taliban,2001-01-31,Afghanistan,Afghanistan,1965,,Minister of Ministry of Preventing Vice and Propagating Virtue under the Taliban regime,2003-09-03; 2007-09-21; 2011-11-29; 2012-08-13; 2013-12-31,"Reportedly deceased in December 2006 and buried in Panjwai District, Kandahar Province, Afghanistan. Belonged to Ghilzai tribe INTERPOL-UN Security Council Special Notice:https://www.interpol.int/en/How-we-work/Notices/View-UN-Notices-Individuals"
TAi.079,individual,MOHAMMAD SALIM HAQQANI,محمد سلیم حقانی,,,Taliban,2001-01-31,Afghanistan,Afghanistan,1966-1967,,Deputy Minister of Preventing Vice and Propagating Virtue under the Taliban regime,2003-09-03; 2007-07-18; 2007-09-21; 2011-11-29,Deputy Commander of Ezatullah Haqqani Khan Sayyid (TAi.064) as at Mar. 2010. Member of Taliban Peshawar Military Council as at June 2010. Belongs to Pashai ethnic group INTERPOL-UN Security Council Special Notice:https://www.interpol.int/en/How-we-work/Notices/View-UN-Notices-Individuals
TAi.080,individual,SAYED ESMATULLAH ASEM ABDUL QUDDUS,سید عصمت الله عاصم عبد القدوس,Esmatullah Asem; Asmatullah Asem; Sayed Esmatullah Asem,,Taliban,2001-02-23,Afghanistan,Afghanistan,1967,,Deputy Minister of Preventing Vice and Propagating Virtue under the Taliban regime; Secretary General of the Afghan Red Crescent Society (ARCS) under the Taliban regime,2003-09-03; 2007-07-18; 2007-09-21; 2007-09-27; 2011-11-29; 2012-08-13,"Member of the Taliban Supreme Council as of May 2007. Believed to be in Afghanistan/Pakistan border area. Member of the Taliban Peshawar Shura. Responsible for Afghan Taliban activity in Federally Administrated Tribal Areas, Pakistan as at 2008. A leading expert in IED and suicide attacks as of 2012 INTERPOL-UN Security Council Special Notice:https://www.interpol.int/en/How-we-work/Notices/View-UN-Notices-Individuals"
TAi.082,individual,ABDUL-HAQ WASSIQ,عبد الحق وثيق,Abdul-Haq Wasseq; Abdul Haq Wasiq; ABDULHAQ WASEEQ,,Taliban,2001-01-31,Afghanistan,Afghanistan,1971; 1975; 1968-09-20,Passport D0009755 Afghanistan; Passport D0010689 Afghanistan,Deputy Minister of Security (Intelligence) under the Taliban regime (1996-2001),2003-09-03; 2007-09-21; 2008-10-03; 2011-11-29; 2013-12-31; 2014-02-11; 2016-09-07; 2026-03-10; 2026-04-28; 2026-07-30,Height 168 cm. Photo available for inclusion in the INTERPOL-UN Security Council Special Notice INTERPOL-UN Security Council Special Notice:https://www.interpol.int/en/How-we-work/Notices/View-UN-Notices-Individuals
TAi.083,individual,EHSANULLAH SARFIDA HESAMUDDIN AKHUNDZADA,احسان الله سرفدا حسام الدین آخوندزاده,Ehsanullah Sarfadi; Ehsanullah Sarfida,,Taliban,2001-02-23,Afghanistan,Afghanistan,1962-1963,,Deputy Minister of Security (Intelligence) under the Taliban regime,2003-09-03; 2007-09-21; 2012-02-13; 2012-05-18; 2013-12-31,"As of mid-2007, he provided support to the Taliban in the form of weapons and money. Believed to be in the Gulf region. Belongs to Taraki tribe INTERPOL-UN Security Council Special Notice:https://www.interpol.int/en/How-we-work/Notices/View-UN-Notices-Individuals"
TAi.084,individual,HABIBULLAH RESHAD,حبیب الله رشاد,,,Taliban,2001-02-23,Afghanistan,Afghanistan,1968-1973,,"Head of Investigation Department, Ministry of Security (Intelligence) under the Taliban regime",2003-09-03; 2007-09-21; 2011-11-29,Deputy Head (Intelligence) of the Quetta Military Council as of 2009. Believed to be in Afghanistan/Pakistan border area INTERPOL-UN Security Council Special Notice:https://www.interpol.int/en/How-we-work/Notices/View-UN-Notices-Individuals
TAi.085,individual,AHMED JAN AKHUNDZADA WAZIR,احمد جان آخوندزاده وزیر,Haji Ahmad Jan; Ahmed Jan Akhund,,Taliban,2001-01-25,Afghanistan,Afghanistan,1953-1958,,Minister of Water and Electricity under the Taliban regime,2003-09-03; 2007-09-21; 2011-11-29,Member of Taliban Supreme Military Council as at 2009. Believed to be in Afghanistan/Pakistan border area INTERPOL-UN Security Council Special Notice:https://www.interpol.int/en/How-we-work/Notices/View-UN-Notices-Individuals
TAi.087,individual,SADUDDIN SAYYED,سعد الدين سيد,Sadudin Sayed; Sadruddin,,Taliban,2001-01-25,Afghanistan,Afghanistan,1968,,Vice-Minister of Work and Social Affairs under the Taliban regime; Mayor of Kabul City under the Taliban regime,2003-09-03; 2007-09-21; 2008-10-03; 2011-11-29; 2013-12-31,Advisor to the Taliban Supreme Council as of mid-2013. Believed to be in Afghanistan/Pakistan border area. Belongs to Barakzai tribe INTERPOL-UN Security Council Special Notice:https://www.interpol.int/en/How-we-work/Notices/View-UN-Notices-Individuals
TAi.088,individual,ABDUL JABBAR OMARI,عبدالجبار عمری,,Mullah Jabbar; Muawin Jabbar,Taliban,2001-02-23,Afghanistan,Afghanistan,1958,,Governor of Baghlan Province under the Taliban regime,2003-09-03; 2007-09-21; 2011-11-29; 2013-04-22,Belongs to Hottak tribe INTERPOL-UN Security Council Special Notice:https://www.interpol.int/en/How-we-work/Notices/View-UN-Notices-Individuals
TAi.089,individual,NURULLAH NURI,نور الله نوری,Norullah Noori,,Taliban,2001-01-25,Afghanistan,Afghanistan; Qatar,1958; 1967-01-01,,Governor of Balkh Province under the Taliban Regime; Head of Northern Zone under the Taliban regime,2003-09-03; 2007-09-21; 2011-11-29; 2013-12-31; 2016-09-07,Belongs to Tokhi tribe INTERPOL-UN Security Council Special Notice:https://www.interpol.int/en/How-we-work/Notices/View-UN-Notices-Individuals
TAi.091,individual,JANAN AGHA,جانان آغا,Abdullah Jan Agha,,Taliban,2001-02-23,Afghanistan,Afghanistan,1958; 1953,,Governor of Faryab Province under the Taliban regime,2003-09-03; 2007-09-21; 2011-11-29; 2013-12-31,"Member of Taliban Supreme Council and advisor to Mullah Mohammed Omar (TAi.004) as at June 2010. Leads a Taliban ""front"" (mahaz) as of mid-2013. Believed to be in Afghanistan/Pakistan border area. Belongs to Sadat ethnic group INTERPOL-UN Security Council Special Notice:https://www.interpol.int/en/How-we-work/Notices/View-UN-Notices-Individuals"
TAi.092,individual,DOST MOHAMMAD,دوست محمد,Doost Mohammad,,Taliban,2001-01-25,Afghanistan,Afghanistan,1968-1973,,Governor of Ghazni Province under the Taliban regime,2003-09-03; 2007-07-18; 2007-09-21; 2012-02-13; 2013-12-31,Associated with Mullah Jalil Haqqani (TAi.034). Believed to be in Afghanistan/Pakistan border area. Belongs to Popalzai tribe INTERPOL-UN Security Council Special Notice:https://www.interpol.int/en/How-we-work/Notices/View-UN-Notices-Individuals
TAi.093,individual,KHAIRULLAH KHAIRKHWAH,خيرالله خيرخواه,"Mullah Khairullah Khairkhwah; Khirullah Said Wali Khairkhwa, born in Kandahar on 01 Jan.1967; KHIRULLAH KHAIRKHWA",,Taliban,2001-01-25,Afghanistan,Afghanistan,1963; 1969-06-04,Passport D0009770 Afghanistan,Governor of Herat Province under the Taliban regime (1996-2001); Spokesperson of the Taliban regime (1996-2001); Governor of Kabul province under the Taliban regime (1996-2001); Minister of Internal Affairs under the Taliban regime (1996-2001),2003-09-03; 2007-09-21; 2008-10-03; 2010-04-12; 2011-11-29; 2013-12-31; 2016-09-07; 2026-03-10; 2026-04-28,Belongs to Popalzai tribe. Height 176 cm. Photo available for inclusion in the INTERPOL-UN Security Council Special Notice INTERPOL-UN Security Council Special Notice:https://www.interpol.int/en/How-we-work/Notices/View-UN-Notices-Individuals
TAi.094,individual,ABDUL BARI AKHUND,عبد الباری ﺁخوند,Haji Mullah Sahib,Zakir,Taliban,2001-02-23,Afghanistan,Afghanistan,1953,,Governor of Helmand Province under the Taliban regime,2003-09-03; 2007-07-18; 2007-09-21; 2012-02-13,"Member of the Taliban Supreme Council as of 2009. Believed to be in Afghanistan/Pakistan border area. Belongs to Alokozai tribe. Member of Taliban leadership in Helmand Province, Afghanistan INTERPOL-UN Security Council Special Notice:https://www.interpol.int/en/How-we-work/Notices/View-UN-Notices-Individuals"
TAi.095,individual,WALIJAN,ولی جان,,,Taliban,2001-02-23,Afghanistan,Afghanistan,1968,,Governor of Jawzjan Province under the Taliban regime,2003-09-03; 2007-09-21; 2011-11-29,Member of the Taliban Gerd-e-Jangal Shura and Head of the Taliban Prisoners and Refugees Committee. Belongs to Ishaqzai tribe INTERPOL-UN Security Council Special Notice:https://www.interpol.int/en/How-we-work/Notices/View-UN-Notices-Individuals
TAi.096,individual,MOHAMMAD HASAN RAHMANI,محمد حسن رحمانی,Gud Mullah Mohammad Hassan,,Taliban,2001-02-23,Afghanistan,Afghanistan,1963,,Governor of Kandahar Province under the Taliban regime,2003-09-03; 2007-09-21; 2011-11-29; 2013-12-31; 2016-09-07,"Has a prosthetic right leg. Member of Taliban Supreme Council as of mid-2013, acted as deputy of Mullah Mohammed Omar (TAi.004) in Mar. 2010. Believed to be in Afghanistan/Pakistan border area. Belongs to Achekzai tribe. Deceased as of 9 February 2016 INTERPOL-UN Security Council Special Notice:https://www.interpol.int/en/How-we-work/Notices/View-UN-Notices-Individuals"
TAi.097,individual,ABDUL MANAN NYAZI,عبدالمنان نیازی,Abdul Manan Nayazi; Abdul Manan Niazi,Baryaly; Baryalai,Taliban,2001-01-25,Afghanistan,Afghanistan,1968,,Governor of Kabul Province under the Taliban regime; Governor of Balk Province under the Taliban regime,2003-09-03; 2007-07-18; 2007-09-21; 2010-04-12; 2011-11-29; 2012-02-13; 2013-12-31,"Taliban member responsible for Herat, Farah and Nimroz provinces as at mid-2013. Member of the Taliban Supreme Council and Quetta Shura. Believed to be in Afghanistan/Pakistan border area. Belongs to Achekzai tribe. Involved in transporting suicide bombers to Afghanistan INTERPOL-UN Security Council Special Notice:https://www.interpol.int/en/How-we-work/Notices/View-UN-Notices-Individuals"
TAi.098,individual,ABDUL WAHED SHAFIQ,عبد الواحد شفيق,,,Taliban,2001-02-23,Afghanistan,Afghanistan,1968,,Deputy Governor of Kabul Province under the Taliban regime,2003-09-03; 2007-09-21; 2008-10-03; 2011-11-29,INTERPOL-UN Security Council Special Notice:https://www.interpol.int/en/How-we-work/Notices/View-UN-Notices-Individuals
TAi.099,individual,MOHAMMAD SHAFIQ MOHAMMADI,محمد شفیق محمدی,,,Taliban,2001-01-25,Afghanistan,Afghanistan,1948,,"Governor of Khost Province under the Taliban regime; Governor General of Paktia, Paktika, Khost and Ghazni Provinces under the Taliban regime",2003-09-03; 2007-09-21; 2011-11-29; 2013-12-31,Supervises two military training centers of the Taliban as of mid-2013. Believed to be in Afghanistan/Pakistan border area. Belongs to Hotak tribe INTERPOL-UN Security Council Special Notice:https://www.interpol.int/en/How-we-work/Notices/View-UN-Notices-Individuals
TAi.100,individual,NAZIR MOHAMMAD ABDUL BASIR,نظر محمدعبد البصیر,Nazar Mohammad,,Taliban,2001-02-23,Afghanistan,Afghanistan,1954,,"Mayor of Kunduz City; Acting, Governor of Kunduz Province under the Taliban regime",2003-09-03; 2007-09-21; 2012-05-18; 2013-12-31,"Alternative title: Sar Muallim. Reconciled after the fall of the Taliban regime, and assumed duties under the new Government on district level in Kunduz Province. Confirmed assassinated by Taliban on 9 November 2008 INTERPOL-UN Security Council Special Notice:https://www.interpol.int/en/How-we-work/Notices/View-UN-Notices-Individuals"
TAi.101,individual,MOHAMMAD ESHAQ AKHUNZADA,محمد اسحاق آخوند زاده,Mohammad Ishaq Akhund born in 1963,,Taliban,2001-02-23,Afghanistan,Afghanistan,1963-1968,,Governor of Laghman Province under the Taliban regime,2003-09-03; 2007-09-21; 2011-11-29,Taliban commander for Ghazni Province as at 2008. Belongs to Andar tribe INTERPOL-UN Security Council Special Notice:https://www.interpol.int/en/How-we-work/Notices/View-UN-Notices-Individuals
TAi.102,individual,ZIA-UR-RAHMAN MADANI,ضیا الرحمان مدنی,Ziaurrahman Madani; Zaia u Rahman Madani; Madani Saheb; Diya’ al-Rahman Madani,,Taliban,2001-02-23,Afghanistan,Afghanistan,1960,,Governor of Logar Province under the Taliban regime,2003-09-03; 2007-07-18; 2007-09-21; 2007-09-27; 2008-02-01; 2012-02-13; 2013-12-31,"Involved in drug trafficking. Taliban member responsible for military affairs in Takhar province, Afghanistan, as of May 2007. Facilitated fund raising in the Gulf on behalf of the Taliban since 2003. Also facilitated meetings between Taliban officials and wealthy supporters and arranged for more than a dozen individuals to travel to Kabul, Afghanistan, for suicide attacks. Believed to be in the Gulf region INTERPOL-UN Security Council Special Notice:https://www.interpol.int/en/How-we-work/Notices/View-UN-Notices-Individuals"
TAi.103,individual,SHAMSUDDIN,شمس الدین,Pahlawan Shamsuddin,,Taliban,2001-02-23,Afghanistan,Afghanistan,1968,,Governor of Wardak (Maidan) Province under the Taliban regime,2003-09-03; 2007-09-21; 2011-11-29; 2013-12-31,Believed to be in Afghanistan/Pakistan/Iran border area INTERPOL-UN Security Council Special Notice:https://www.interpol.int/en/How-we-work/Notices/View-UN-Notices-Individuals
TAi.104,individual,MOHAMMAD RASUL AYYUB,محمد رسول ایوب,Gurg,,Taliban,2001-02-23,Afghanistan,Afghanistan,1958-1963,,Governor of Nimroz Province under the Taliban regime,2003-09-03; 2007-09-21; 2011-11-29,Member of the Taliban Quetta Shura. Believed to be in Afghanistan/Pakistan border area. Belongs to Nurzai tribe INTERPOL-UN Security Council Special Notice:https://www.interpol.int/en/How-we-work/Notices/View-UN-Notices-Individuals
TAi.105,individual,AHMAD TAHA KHALID ABDUL QADIR,احمد طه خالد عبد القادر,,,Taliban,2001-02-23,Afghanistan,Afghanistan,1963,,Governor of Paktia Province under the Taliban regime,2003-09-03; 2007-09-21; 2008-10-03; 2011-11-29; 2012-08-13,Taliban member responsible for Nangarhar Province as at 2011. Believed to be in Afghanistan/Pakistan border area. Belongs to Zadran tribe. Close associate of Sirajuddin Jallaloudine Haqqani (TAi.144) INTERPOL-UN Security Council Special Notice:https://www.interpol.int/en/How-we-work/Notices/View-UN-Notices-Individuals
TAi.106,individual,MOHAMMAD SHAFIQULLAH AHMADI FATIH KHAN,محمد شفیق الله احمدی فاتح خان,Mohammad Shafiq Ahmadi; Mullah Shafiqullah,,Taliban,2001-02-23,Afghanistan,Afghanistan,1956-1957,,Governor of Samangan Province under the Taliban regime,2003-09-03; 2007-09-21; 2012-06-01; 2012-08-13; 2013-04-22; 2013-12-31; 2016-09-07,"Originally from Ghazni Province, but later lived in Uruzgan. Taliban Shadow Governor for Uruzgan Province as of late 2012. Serves as a member of the Military Commission as of July 2016. Belongs to Hotak tribe INTERPOL-UN Security Council Special Notice:https://www.interpol.int/en/How-we-work/Notices/View-UN-Notices-Individuals"
TAi.107,individual,AMINULLAH AMIN QUDDUS,امین الله امین قدوس,Muhammad Yusuf; Aminullah Amin,,Taliban,2001-02-23,Afghanistan,Afghanistan,1973,,Governor of Saripul Province under the Taliban regime,2003-09-03; 2007-09-21; 2011-11-29,Member of Taliban Supreme Council as at 2011. Belongs to Nurzai tribe INTERPOL-UN Security Council Special Notice:https://www.interpol.int/en/How-we-work/Notices/View-UN-Notices-Individuals
TAi.108,individual,ABDULHAI SALEK,عبدالحی سالک,,,Taliban,2001-02-23,Afghanistan,Afghanistan,1965,,Governor of Uruzgan Province under the Taliban regime,2003-09-03; 2007-09-21; 2009-03-24; 2011-11-29; 2012-05-18,Reportedly deceased in North Afghanistan in 1999. Belonged to Wardak tribe INTERPOL-UN Security Council Special Notice:https://www.interpol.int/en/How-we-work/Notices/View-UN-Notices-Individuals
TAi.109,individual,AHMAD JAN AKHUNDZADA SHUKOOR AKHUNDZADA,احمد جان آخوند زاده شكور آخوند زاده,Ahmad Jan Akhunzada; Ahmad Jan Akhund Zada,,Taliban,2001-01-25,Afghanistan,Afghanistan,1966-1967,,Governor of Zabol and Uruzgan Provinces under the Taliban regime,2003-09-03; 2007-09-21; 2010-04-12; 2011-11-29; 2012-06-01,"Taliban member responsible for Uruzgan Province, Afghanistan, as at early 2007. Brother-in-law of Mullah Mohammed Omar (TAi.004). Believed to be in Afghanistan/Pakistan border area INTERPOL-UN Security Council Special Notice:https://www.interpol.int/en/How-we-work/Notices/View-UN-Notices-Individuals"
TAi.110,individual,NOOR MOHAMMAD SAQIB,نور محمد ثاقب,NOOR MOHAMMED SAQEB,,Taliban,2001-01-25,Afghanistan,Afghanistan,1958; 1963-09-18; 1962-10-19,Passport D0009914 Afghanistan; Passport P09305451 Afghanistan; National Identification Number 544311,Chief Justice of Supreme Court under the Taliban regime (1996-2001),2003-09-03; 2007-09-21; 2011-11-29; 2026-03-10; 2026-04-28; 2026-07-30,Member of Taliban Supreme Council and Head of Taliban Religious Committee. Belongs to Ahmadzai tribe. Height 175 cm or 180 cm. Photo available for inclusion in the INTERPOL-UN Security Council Special Notice INTERPOL-UN Security Council Special Notice:https://www.interpol.int/en/How-we-work/Notices/View-UN-Notices-Individuals
TAi.111,individual,HAMDULLAH SUNANI,حمد الله سنانی,Sanani,,Taliban,2001-02-23,Afghanistan,Afghanistan,1923,,Head of Dar-ul-Efta (Fatwa Department) of Supreme Court under the Taliban regime,2003-09-03; 2007-09-21; 2011-11-29,Reportedly deceased in 2001. Belonged to Kakar tribe INTERPOL-UN Security Council Special Notice:https://www.interpol.int/en/How-we-work/Notices/View-UN-Notices-Individuals
TAi.113,individual,SHAHABUDDIN DELAWAR,شهاب الدين دلاور,,,Taliban,2001-02-23,Afghanistan,Afghanistan,1957; 1953,Passport Afghan passport number OA296623,Deputy of High Court under the Taliban regime,2003-09-03; 2007-07-18; 2007-09-21; 2011-11-29; 2013-04-22; 2016-09-07,"Deputy Head of Taliban Embassy in Riyadh, Saudi Arabia until 25 Sept. 1998. Believed to be in Afghanistan/Pakistan border area. Picture available for inclusion in the INTERPOL-UN Security Council Special Notice INTERPOL-UN Security Council Special Notice:https://www.interpol.int/en/How-we-work/Notices/View-UN-Notices-Individuals"
TAi.114,individual,ABDUL RAHMAN AGHA,عبدالرحمان آغا,,,Taliban,2001-01-25,Afghanistan; Pakistan,Afghanistan; Pakistan,1958,,Chief Justice of Military Court under the Taliban regime,2003-09-03; 2007-07-09; 2007-09-21; 2011-11-29,Believed to be in Afghanistan/Pakistan border area INTERPOL-UN Security Council Special Notice:https://www.interpol.int/en/How-we-work/Notices/View-UN-Notices-Individuals
TAi.118,individual,HAMIDULLAH AKHUND SHER MOHAMMAD,حمید الله آخوند شیر محمد,Janat Gul; Hamidullah Akhund; SAEED HAMIDULLAH,,Taliban,2001-01-25,Afghanistan,Afghanistan,1972-1973; 1973-03-22,Passport D0009721 Afghanistan,Head of Ariana Afghan Airlines under the Taliban regime (1996-2001),2003-09-03; 2007-07-09; 2007-09-21; 2011-11-29; 2012-08-13; 2026-03-10; 2026-04-28,Belongs to Ghilzai tribe. Height: 175 cm. Photo available for inclusion in the INTERPOL-UN Security Council Special Notice INTERPOL-UN Security Council Special Notice:https://www.interpol.int/en/How-we-work/Notices/View-UN-Notices-Individuals
TAi.119,individual,JAN MOHAMMAD MADANI IKRAM,جان محمد مدنی اکرام,,,Taliban,2001-01-25,Afghanistan,Afghanistan,1954-1955,,"Charge d'Affaires, Taliban Embassy, Abu Dhabi, United Arab Emirates",2003-09-03; 2007-09-21; 2011-11-29; 2012-08-15; 2016-09-07,Believed to be in Afghanistan/Pakistan border area. Belongs to Alizai tribe. Picture available for inclusion in the INTERPOL-UN Security Council Special Notice INTERPOL-UN Security Council Special Notice:https://www.interpol.int/en/How-we-work/Notices/View-UN-Notices-Individuals
TAi.121,individual,AZIZIRAHMAN ABDUL AHAD,عزیز الرحمان عبد الاحد,AZIZURAHMAN ABDUL AHAD,,Taliban,2001-01-25,Afghanistan,Afghanistan,1972; 1971-05-23,Passport P02504168 Afghanistan,"Third Secretary, Taliban Embassy, Abu Dhabi, United Arab Emirates (1996-2001)",2003-09-03; 2007-09-21; 2011-11-29; 2026-03-10; 2026-04-28,Belongs to Hotak tribe. Height 169 cm. Photo available for inclusion in the INTERPOL-UN Security Council Special Notice INTERPOL-UN Security Council Special Notice:https://www.interpol.int/en/How-we-work/Notices/View-UN-Notices-Individuals
TAi.122,individual,ABDUL MANAN MOHAMMAD ISHAK,عبدالمنان محمد اسحاق,,,Taliban,2001-01-25,Afghanistan,Afghanistan,1940-1941,,"First Secretary, Taliban Embassy, Riyadh, Saudi Arabia; Commercial Attache, Taliban Embassy, Abu Dhabi, United Arab Emirates",2003-09-03; 2007-09-21; 2011-11-29; 2012-08-15,INTERPOL-UN Security Council Special Notice:https://www.interpol.int/en/How-we-work/Notices/View-UN-Notices-Individuals
TAi.126,individual,MOHAMMAD SARWAR SIDDIQMAL MOHAMMAD MASOOD,محمد سرور صدیق مل ﻤﺣﻤﺩ ﻤﺴﻌﻮﺩ,Mohammad Sarwar Siddiqmal,,Taliban,2001-01-25,Afghanistan,Afghanistan,1963,,"Third Secretary, Taliban Embassy, Islamabad, Pakistan",2003-09-03; 2007-09-21; 2011-11-29,Belongs to Mangal tribe INTERPOL-UN Security Council Special Notice:https://www.interpol.int/en/How-we-work/Notices/View-UN-Notices-Individuals
TAi.127,individual,MOHAMMAD ZAHID,محمد زاهد,Jan Agha Ahmadzai; Zahid Ahmadzai,,Taliban,2001-01-25,Afghanistan,Afghanistan,1971,Passport D 001206 Afghanistan,"Third Secretary, Taliban Embassy, Islamabad, Pakistan",2003-09-03; 2006-07-25; 2007-09-21; 2011-11-29; 2016-09-07,Believed to be in Afghanistan/Pakistan border area. Picture available for inclusion in the INTERPOL-UN Security Council Special Notice INTERPOL-UN Security Council Special Notice:https://www.interpol.int/en/How-we-work/Notices/View-UN-Notices-Individuals
TAi.128,individual,ABDUL QADEER BASIR ABDUL BASEER,عبدالقدیر بصیر عبد البصير,Abdul Qadir; Ahmad Haji; Abdul Qadir Haqqani; Abdul Qadir Basir,,Taliban,2001-01-25,Afghanistan,Afghanistan,1964,Passport D 000974 Afghanistan,"Military Attache, Taliban Embassy, Islamabad, Pakistan",2003-09-03; 2006-07-25; 2007-04-23; 2007-07-18; 2007-09-21; 2011-11-29; 2012-08-13,Financial advisor to Taliban Peshawar Military Council and Head of Taliban Peshawar Financial Commission. Believed to be in Afghanistan/Pakistan border area INTERPOL-UN Security Council Special Notice:https://www.interpol.int/en/How-we-work/Notices/View-UN-Notices-Individuals
TAi.129,individual,NAZIRULLAH HANAFI WALIULLAH,نذیر الله حنفى ولى الله,Nazirullah Aanafi Waliullah,,Taliban,2001-01-25,Afghanistan,Afghanistan,1962,Passport D 000912 Afghanistan,"Commercial Attache, Taliban Embassy, Islamabad, Pakistan",2003-09-03; 2006-07-25; 2007-07-18; 2007-09-21; 2008-10-03; 2011-11-29,Believed to be in Afghanistan/Pakistan border area INTERPOL-UN Security Council Special Notice:https://www.interpol.int/en/How-we-work/Notices/View-UN-Notices-Individuals
TAi.130,individual,ABDUL GHAFAR QURISHI ABDUL GHANI,عبدالغفار قریشی عبد الغنی,Abdul Ghaffar Qureshi,,Taliban,2001-01-25,Afghanistan,Afghanistan,1970; 1967,Passport D 000933 Afghanistan; National Identification Number 55130 Afghanistan,"Repatriation Attache, Taliban Embassy, Islamabad, Pakistan",2003-09-03; 2007-07-18; 2007-09-21; 2011-11-29; 2013-12-31,Involved in drug trafficking. Belongs to Tajik ethnic group INTERPOL-UN Security Council Special Notice:https://www.interpol.int/en/How-we-work/Notices/View-UN-Notices-Individuals
TAi.132,individual,NAJIBULLAH MUHAMMAD JUMA,نجيب الله محمد جمعه,,Najib Ullah,Taliban,2001-01-25,Afghanistan,Afghanistan,1958,Passport 000737 Afghanistan,"Consul General, Taliban Consulate General, Peshawar, Pakistan",2003-09-03; 2006-07-25; 2007-04-23; 2007-09-21; 2011-11-29,Member of Taliban Peshawar Military Council as at 2010. Believed to be in Afghanistan/Pakistan border area INTERPOL-UN Security Council Special Notice:https://www.interpol.int/en/How-we-work/Notices/View-UN-Notices-Individuals
TAi.133,individual,ABDUL WALI SEDDIQI,عبدالولی صدیقی,,,Taliban,2001-01-25,Afghanistan,Afghanistan,1974,Passport D 000769,"Third Secretary, Taliban Consulate General, Peshawar, Pakistan",2003-09-03; 2006-07-25; 2007-09-21; 2011-11-29,Believed to be in Afghanistan/Pakistan border area INTERPOL-UN Security Council Special Notice:https://www.interpol.int/en/How-we-work/Notices/View-UN-Notices-Individuals
TAi.135,individual,ABDUL QUDDUS MAZHARI,عبد القدوس مظهری,Akhtar Mohammad Maz-hari,,Taliban,2001-01-25,Afghanistan,Afghanistan,1970,Passport Afghan passport number SE 012820,"Education Attache, Taliban Consulate General, Peshawar, Pakistan",2003-09-03; 2006-07-25; 2007-07-18; 2007-09-21; 2011-11-23,Belongs to Popalzai tribe INTERPOL-UN Security Council Special Notice:https://www.interpol.int/en/How-we-work/Notices/View-UN-Notices-Individuals
TAi.136,individual,MOHAMMAD SADIQ AMIR MOHAMMAD,محمد صادق امیر محمد,,,Taliban,2001-01-25,Afghanistan,Afghanistan,1934,Passport SE 011252 Afghanistan,"Head of Afghan Trade Agency, Peshawar, Pakistan",2003-09-03; 2006-07-25; 2007-04-23; 2007-09-21; 2011-11-29; 2012-08-13,Reportedly deceased INTERPOL-UN Security Council Special Notice:https://www.interpol.int/en/How-we-work/Notices/View-UN-Notices-Individuals
TAi.137,individual,RAHMATULLAH KAKAZADA,رحمت الله کاکا زاده,Rehmatullah; Kakazada,Mullah Nasir,Taliban,2001-01-25,Afghanistan,Afghanistan,1968,Passport D 000952,"Consul General, Taliban Consulate General, Karachi, Pakistan",2003-09-03; 2006-07-25; 2007-07-18; 2007-09-21; 2011-11-29,"Taliban member responsible for Ghazni Province, Afghanistan, as of May 2007. Head of an intelligence network. Believed to be in Afghanistan/Pakistan border area. Belongs to Suleimankheil tribe INTERPOL-UN Security Council Special Notice:https://www.interpol.int/en/How-we-work/Notices/View-UN-Notices-Individuals"
TAi.138,individual,MOHAMMAD ALEEM NOORANI,محمد علیم نورانی,,,Taliban,2001-01-25,Afghanistan,Afghanistan,1963,,"First Secretary, Taliban Consulate General, Karachi, Pakistan",2003-09-03; 2007-09-21; 2011-11-29,INTERPOL-UN Security Council Special Notice:https://www.interpol.int/en/How-we-work/Notices/View-UN-Notices-Individuals
TAi.139,individual,ABDUL GHAFAR SHINWARI,عبدالغفار شینواری,,,Taliban,2001-01-25,Afghanistan,Afghanistan,1965-03-29,Passport D 000763 Afghanistan,"Third Secretary, Taliban Consulate General, Karachi, Pakistan",2003-09-03; 2006-07-25; 2007-09-21; 2011-11-29,Believed to be in Afghanistan/Pakistan border area. Belongs to Safi tribe INTERPOL-UN Security Council Special Notice:https://www.interpol.int/en/How-we-work/Notices/View-UN-Notices-Individuals
TAi.140,individual,GUL AHMAD HAKIMI,گل احمد حكيمى,,,Taliban,2001-01-25,Afghanistan,Afghanistan,1964,,"Commercial Attache, Taliban Consulate General, Karachi, Pakistan",2003-09-03; 2007-09-21; 2008-10-03; 2011-11-29,Believed to be in Afghanistan/Pakistan border area INTERPOL-UN Security Council Special Notice:https://www.interpol.int/en/How-we-work/Notices/View-UN-Notices-Individuals
TAi.141,individual,ABDULLAH HAMAD MOHAMMAD KARIM,عبد الله حماد ﻤﺤﻤﺪ ﻛﺮﻴﻡ,al-Hammad,,Taliban,2001-01-25,Afghanistan,Afghanistan,1972,Passport D 000857 Afghanistan; National Identification Number Afghan national identification card (tazkira) number 300786,"Consul General, Taliban Consulate General, Quetta, Pakistan",2003-09-03; 2006-07-25; 2007-09-21; 2008-10-03; 2011-11-29,Believed to be in Afghanistan/Pakistan border area. Belongs to Baloch ethnic group INTERPOL-UN Security Council Special Notice:https://www.interpol.int/en/How-we-work/Notices/View-UN-Notices-Individuals
TAi.142,individual,ABDUL HAI HAZEM ABDUL QADER,عبد الحی عظیم عبد القادر,Abdul Hai Hazem,,Taliban,2001-01-25,Afghanistan,Afghanistan,1971,Passport D 0001203,"First Secretary, Taliban Consulate General, Quetta, Pakistan",2003-09-03; 2006-07-25; 2007-09-21; 2011-11-29; 2012-05-18,INTERPOL-UN Security Council Special Notice:https://www.interpol.int/en/How-we-work/Notices/View-UN-Notices-Individuals
TAi.143,individual,HAMDULLAH ALLAH NOOR,حمد الله الله نور,,,Taliban,2001-01-25,Afghanistan,Afghanistan,1973,National Identification Number Afghan national identification card (tazkira) number 4414,"Repatriation Attache, Taliban Consulate General, Quetta, Pakistan",2003-09-03; 2007-09-21; 2011-11-29,Believed to be in Afghanistan/Pakistan border area. Belongs to Baloch ethnic group. Additional title: Hafiz INTERPOL-UN Security Council Special Notice:https://www.interpol.int/en/How-we-work/Notices/View-UN-Notices-Individuals
TAi.144,individual,SIRAJUDDIN JALLALOUDINE HAQQANI,سراج الدين جلال الدين حقانى,Siraj Haqqani; Serajuddin Haqani; Siraj Haqani; Saraj Haqani; ABDUL SATAR ABDULLAH,Khalifa,Taliban,2007-09-13,Afghanistan,Afghanistan,1977-1978; 1981-12-30,Passport P00032260 Afghanistan; Passport D0010367 Afghanistan; Passport P05076602 Afghanistan,Na'ib Amir (Deputy Commander) (1996-2001),2013-04-22; 2026-03-10; 2026-04-28; 2026-07-30,"Heading the Haqqani Network (TAe.012) as of late 2012. Son of Jalaluddin Haqqani (TAi.040). Belongs to Sultan Khel section, Zadran tribe of Garda Saray of Paktia province, Afghanistan. Height 187 cm or 180cm. Photo available for inclusion in the INTERPOL-UN Security Council Special Notice INTERPOL-UN Security Council Special Notice:https://www.interpol.int/en/How-we-work/Notices/View-UN-Notices-Individuals"
TAi.145,individual,AMIR ABDULLAH,امیر عبد الله,,Amir Abdullah Sahib,Taliban,2010-07-20,Afghanistan,Afghanistan; Pakistan,1972,,Former Kandahar Province Deputy Taliban Governor,2011-11-29,"Has travelled to Kuwait, Saudi Arabia, the Libyan Arab Jamahiriya and the United Arab Emirates to raise funds for the Taliban. Treasurer to Abdul Ghani Baradar Abdul Ahmad Turk (TAi.024). Believed to be in Afghanistan/Pakistan border area INTERPOL-UN Security Council Special Notice:https://www.interpol.int/en/How-we-work/Notices/View-UN-Notices-Individuals"
TAi.146,individual,NASIRUDDIN HAQQANI,نصیر الدین حقانی,Dr. Alim Ghair; Naseer Haqqani; Dr. Naseer Haqqani; Nassir Haqqani; Nashir Haqqani,Naseruddin,Taliban,2010-07-20,Afghanistan,Afghanistan; Pakistan,1970-1973,,,2011-07-29; 2012-05-18; 2013-06-27; 2014-02-11,"A leader of the Haqqani Network (TAe.012), which operates out of North Waziristan in the Federally Administered Tribal Areas of Pakistan. Son of Jalaluddin Haqqani (TAi.040). Has travelled to Saudi Arabia and the United Arab Emirates to raise funds for the Taliban. Reportedly deceased as of 2013 INTERPOL-UN Security Council Special Notice:https://www.interpol.int/en/How-we-work/Notices/View-UN-Notices-Individuals"
TAi.147,individual,GUL AGHA ISHAKZAI,كُل آغا اسحاقزی,Mullah Gul Agha; Mullah Gul Agha Akhund; HIDAYATULLAH BADRI; HEDAYATULLAH HEDAYAT; HEDAYATULLAH BADRI,Hidayatullah; Haji Hidayatullah; Hayadatullah,Taliban,2010-07-20,Afghanistan,Afghanistan,1972; 1976-07-27,Passport D0010408 Afghanistan; Passport P03318995 Afghanistan; Passport D0010006 Afghanistan,,2011-11-29; 2013-12-31; 2026-03-10; 2026-04-13; 2026-07-30,Head of Taliban Financial Commission as at mid-2013. Associated with Mullah Mohammed Omar (TAi.004). Served as Omar's principal finance officer and one of his closest advisors. Belongs to Ishaqzai tribe. Height: 156 cm. Photo available for inclusion in the INTERPOL-UN Security Council Special Notice INTERPOL-UN Security Council Special Notice:https://www.interpol.int/en/How-we-work/Notices/View-UN-Notices-Individuals
TAi.148,individual,ABDUL HABIB ALIZAI,عبد الحبیب عالیزی,Haji Agha Jan Alizai; Hajji Agha Jan; Agha Jan Alazai; Haji Loi Lala; Loi Agha; Abdul Habib; Agha Jan Alizai اغا جان عالیزی,,Taliban,2010-11-04,Afghanistan,Afghanistan,1963-10-15; 1973-02-14; 1967; 1957,,,2012-08-13; 2013-12-31; 2014-02-11,"Has managed a drug trafficking network in Helmand Province, Afghanistan. Has regularly traveled to Pakistan INTERPOL-UN Security Council Special Notice:https://www.interpol.int/en/How-we-work/Notices/View-UN-Notices-Individuals"
TAi.149,individual,SALEH MOHAMMAD KAKAR AKHTAR MUHAMMAD,ﺻﺍﻠﺡ ﻤﺣﻤﺩ ﻛﺍﻛﺭ اختر محمد,Saleh Mohammad,,Taliban,2010-11-04,Afghanistan,Afghanistan,1962; 1961,,,2011-11-29; 2012-08-13; 2013-12-31; 2014-05-16,"Has run an organized smuggling network in Kandahar and Helmand provinces, Afghanistan. Previously operated heroin processing laboratories in Band-e Temur, Kandahar Province, Afghanistan. Has owned a car dealership in Mirwais Mena, Dand District in Kandahar Province, Afghanistan. Released from custody in Afghanistan in February 2014. Linked by marriage to Mullah Ubaidullah Akhund Yar Mohammad Akhund (TAi.022). Belongs to Kakar tribe INTERPOL-UN Security Council Special Notice:https://www.interpol.int/en/How-we-work/Notices/View-UN-Notices-Individuals"
TAi.150,individual,KHALIL AHMED HAQQANI,خلیل احمد حقانی,Khalil Al-Rahman Haqqani; Khalil ur Rahman Haqqani; Khaleel Haqqani,,Taliban,2011-02-09,Afghanistan,Afghanistan,1966-01-01; 1958-1964,,,2012-06-01; 2026-04-15,"Has previously traveled to, and raised funds in, Dubai, United Arab Emirates. Brother of Jalaluddin Haqqani (TAi.040) and uncle of Sirajuddin Jallaloudine Haqqani (TAi.144). Reportedly deceased as of 11 December 2024 INTERPOL-UN Security Council Special Notice:https://www.interpol.int/en/How-we-work/Notices/View-UN-Notices-Individuals"
TAi.153,individual,FAIZULLAH KHAN NOORZAI na,فیض الله خان نورزی,Haji Faizullah Noor; Faizullah Noorzai Akhtar Mohammed Mira Khan; حاجى فیض الله خان نورزى; Haji Faizullah Noori,Haji Pazullah Noorzai; Haji Mullah Faizullah,Taliban,2011-10-04,Afghanistan,Afghanistan; Pakistan,1966; 1961; 1968-1970; 1962,,,2011-11-29; 2012-06-01,"Prominent Taliban financier. As of mid-2009, supplied weapons, ammunition, explosives and medical equipment to Taliban fighters; and raised funds for the Taliban, and provided training to them, in the Afghanistan/Pakistan border region. Has previously organized and funded Taliban operations in Kandahar Province, Afghanistan. As of 2010, travelled to and owned businesses in Dubai, United Arab Emirates, and Japan. Belongs to Noorzai tribe, Miralzai sub-tribe. Brother of Malik Noorzai (TAi.154). Father’s name is Akhtar Mohammed (a.k.a.: Haji Mira Khan) INTERPOL-UN Security Council Special Notice:https://www.interpol.int/en/How-we-work/Notices/View-UN-Notices-Individuals"
TAi.154,individual,MALIK NOORZAI,مالک نورزى,حاجى مالك نورزى (Hajji Malik Noorzai; Hajji Malak Noorzai; Haji Malek Noorzai); Allah Muhammad,Haji Maluk; Haji Aminullah,Taliban,2011-10-04,Afghanistan,Afghanistan; Pakistan,1957; 1960; 1963-01-01,National Identification Number 54201-247561-5,,2011-11-29; 2012-06-01; 2014-02-11; 2026-03-10,"Taliban financier. Owns businesses in Japan and frequently travels to Dubai, United Arab Emirates, and Japan. As of 2009, facilitated Taliban activities, including through recruitment and the provision of logistical support. Belongs to Noorzai tribe. Brother of Faizullah Khan Noorzai (TAi.153). Father’s name is Haji Akhtar Muhammad INTERPOL-UN Security Council Special Notice:https://www.interpol.int/en/How-we-work/Notices/View-UN-Notices-Individuals"
TAi.155,individual,ABDUL AZIZ ABBASIN,عبد العزيز عباسین,Abdul Aziz Mahsud,,Taliban,2011-10-04,,,1969,,,2013-04-22,"Key commander in the Haqqani Network (TAe.012) under Sirajuddin Jallaloudine Haqqani (TAi.144). Taliban Shadow Governor for Orgun District, Paktika Province as of early 2010. Operated a training camp for non-Afghan fighters in Paktika Province. Has been involved in the transport of weapons to Afghanistan INTERPOL-UN Security Council Special Notice:https://www.interpol.int/en/How-we-work/Notices/View-UN-Notices-Individuals"
TAi.156,individual,AHMAD ZIA AGHA,احمد ضیا آغا,Zia Agha; Noor Ahmad; Noor Ahmed; NOOR AHMAD AGHA,Sia Agha Sayeed,Taliban,2012-01-06,Afghanistan,Afghanistan,1974; 1979-06-25,Passport D0010409 Afghanistan,,2026-03-10; 2026-04-28,"Senior Taliban official with military and financial responsibilities as at 2011. Leader of the Taliban’s Military Council as of 2010. In 2008 and 2009, served as a Taliban finance officer and distributed money to Taliban commanders in Afghanistan/Pakistan border area. Height: 180 cm. Photo available for inclusion in the INTERPOL-UN Security Council Special Notice INTERPOL-UN Security Council Special Notice:https://www.interpol.int/en/How-we-work/Notices/View-UN-Notices-Individuals"
TAi.157,individual,FAZL RABI,فضل ربيع,Fazl Rabbi; Fazal Rabi; Faisal Rabbi,,Taliban,2012-01-06,Afghanistan,Afghanistan,1972; 1975,,Senior official in Konar Province during the Taliban regime,2013-05-31,"Represents and provides financial and logistical support to the Haqqani Network (TAe.012), which is based in Afghanistan/Pakistan border area. Member of the Taliban Financial Council. Has travelled abroad to raise funds on behalf of Sirajuddin Jallaloudine Haqqani (TAi.144), Jalaluddin Haqqani (TAi.040), the Haqqani network and the Taliban. Believed to be in Afghanistan/Pakistan border area INTERPOL-UN Security Council Special Notice:https://www.interpol.int/en/How-we-work/Notices/View-UN-Notices-Individuals"
TAi.158,individual,MOHAMMAD AMAN AKHUND,محمد امان آخوند,Mohammed Aman; Mullah Mohammed Oman; Mullah Mohammad Aman Ustad Noorzai,Mullah Mad Aman Ustad Noorzai; Sanaullah,Taliban,2012-01-06,,,1970,,,2012-05-18; 2013-06-27,"Senior Taliban member as at 2011 with financial duties, including raising funds on behalf of the leadership. Has provided logistical support for Taliban operations and channeled proceeds from drug trafficking to arms purchases. Has acted as secretary to Taliban leader Mullah Mohammed Omar (TAi.004) and as his messenger at senior-level meetings of the Taliban. Also associated with Gul Agha Ishakzai (TAi.147). Member of Mullah Mohammed Omar’s (TAi.004) inner circle during the Taliban regime INTERPOL-UN Security Council Special Notice:https://www.interpol.int/en/How-we-work/Notices/View-UN-Notices-Individuals"
TAi.159,individual,AHMED JAN WAZIR AKHTAR MOHAMMAD,احمد جان وزیر اختر محمد,Ahmed Jan Kuchi; Ahmed Jan Zadran,,Taliban,2012-01-06,,,1963,,Official of the Ministry of Finance during the Taliban regime,2013-12-31; 2014-02-11,"Key commander of the Haqqani Network (TAe.012), which is based in Afghanistan/Pakistan border area. Acts as deputy, spokesperson and advisor for Haqqani Network senior leader Sirajuddin Jallaloudine Haqqani (TAi.144). Liaises with the Taliban Supreme Council. Has travelled abroad. Liaises with and provides Taliban commanders in Ghazni Province, Afghanistan, with money, weapons, communications equipment and supplies. Reportedly deceased as of 2013 INTERPOL-UN Security Council Special Notice:https://www.interpol.int/en/How-we-work/Notices/View-UN-Notices-Individuals"
TAi.160,individual,ABDUL SAMAD ACHEKZAI,عبد الصمد اچکزی,Abdul Samad,,Taliban,2012-03-02,Afghanistan,Afghanistan,1970,,,,Senior Taliban member responsible for the manufacturing of improvised explosive devices (IED). Involved in recruiting and deploying suicide bombers to conduct attacks in Afghanistan INTERPOL-UN Security Council Special Notice:https://www.interpol.int/en/How-we-work/Notices/View-UN-Notices-Individuals
TAi.161,individual,BAKHT GUL,بخت گل,Bakhta Gul; Bakht Gul Bahar; Shuqib,,Taliban,2012-06-27,Afghanistan,Afghanistan; Pakistan,1980,,,2014-02-11,"Communications assistant to Badruddin Haqqani (deceased). Also coordinates movement of Haqqani insurgents, foreign fighters and weapons in the Afghanistan/Pakistan border area. Belongs to Zadran tribe INTERPOL-UN Security Council Special Notice:https://www.interpol.int/en/How-we-work/Notices/View-UN-Notices-Individuals"
TAi.162,individual,ABDUL SATAR ABDUL MANAN,عبد الستار عبد المنان,Haji Abdul Sattar Barakzai; Haji Abdul Satar; Haji Satar Barakzai; Abdulasattar,,Taliban,2012-06-29,,Afghanistan; Pakistan,1964,Passport AM5421691; National Identification Number 5420250161699; National Identification Number 585629,,,Co-owner of Haji Khairullah Haji Sattar Money Exchange (TAe.010) and associated also with Khairullah Barakzai (TAi.163). Belongs to Barakzai tribe. Father’s name is Hajji ‘Abd-al-Manaf INTERPOL-UN Security Council Special Notice:https://www.interpol.int/en/How-we-work/Notices/View-UN-Notices-Individuals
TAi.163,individual,KHAIRULLAH BARAKZAI KHUDAI NAZAR,خيرالله بارکزی خدای نظر,Haji Khairullah; Haji Khair Ullah; Haji Kheirullah; Haji Karimullah; Haji Khair Mohammad,,Taliban,2012-06-29,,Pakistan,1965,Passport BP4199631; National Identification Number 5440005229635,,2014-02-11,Co-owner of Haji Khairullah Haji Sattar Money Exchange (TAe.010) and associated also with Abdul Satar Abdul Manan (TAi.162). Belongs to Barakzai tribe. Father’s name is Haji Khudai Nazar. Alternative father’s name is Nazar Mohammad INTERPOL-UN Security Council Special Notice:https://www.interpol.int/en/How-we-work/Notices/View-UN-Notices-Individuals
TAi.164,individual,ABDUL RAUF ZAKIR,عبد الروف ذاکر,Qari Zakir,,Taliban,2012-11-05,Afghanistan,Afghanistan,1969-1971,,,2013-05-31; 2026-04-15,"Chief of suicide operations for the Haqqani Network (TAe.012) under Sirajuddin Jallaloudine Haqqani (TAi.144) and in charge of all operations in Kabul, Takhar, Kunduz and Baghlan provinces. Oversees training of suicide attackers and provides instructions on how to construct improvised explosives devices (IEDs). Reportedly deceased as of 22 September 2018 INTERPOL-UN Security Council Special Notice:https://www.interpol.int/en/How-we-work/Notices/View-UN-Notices-Individuals"
TAi.165,individual,MOHAMMED QASIM MIR WALI KHUDAI RAHIM,محمد قاسم میر ولی خدايرحيم,Muhammad Qasim; Abdul Salam,,Taliban,2012-11-21,Afghanistan,Afghanistan,1975-1976,National Identification Number; National Identification Number,,2013-04-22,"Owner of Rahat Ltd. (TAe.013). Involved in the supply of weapons for Taliban, including improvised explosive devices (IED). Arrested in 2012 and in custody in Afghanistan as of January 2013. Associated with Rahat Ltd. (TAe.013) INTERPOL-UN Security Council Special Notice:https://www.interpol.int/en/How-we-work/Notices/View-UN-Notices-Individuals"
TAi.166,individual,AHMED SHAH NOORZAI OBAIDULLAH,احمد شاه نورزی عبیدالله,Mullah Ahmed Shah Noorzai; Haji Ahmad Shah; Haji Mullah Ahmad Shah; Maulawi Ahmed Shah; Mullah Mohammed Shah,,Taliban,2013-02-26,,Pakistan,1985-01-01; 1981,Passport NC5140251 Pakistan; National Identification Number 54401-2288025-9,,2014-02-11,Owns and operates the Roshan Money Exchange (TAe.011). Provided financial services to Ghul Agha Ishakzai (TAi.147) and other Taliban in Helmand Province. Alternative title is Maulavi INTERPOL-UN Security Council Special Notice:https://www.interpol.int/en/How-we-work/Notices/View-UN-Notices-Individuals
TAi.167,individual,ADAM KHAN ACHEKZAI,آدم خان اچکزی,Maulavi Adam Khan; Maulavi Adam,,Taliban,2013-04-16,Pakistan,Pakistan,1970; 1972; 1971; 1973; 1974; 1975,,,,"Improvised explosive device manufacturer and facilitator for the Taliban. Taliban member responsible for Badghis Province, Afghanistan, as at mid – 2010. Former Taliban member responsible for Sar-e Pul and Samangan Provinces, Afghanistan. As Taliban military commander in Kandahar Province, Afghanistan, he was involved in organizing suicide attacks in neighboring provinces. Associated with Abdul Samad Achekzai (TAi.160) INTERPOL-UN Security Council Special Notice:https://www.interpol.int/en/How-we-work/Notices/View-UN-Notices-Individuals"
TAi.168,individual,QARI SAIFULLAH TOKHI,قاري سیف الله توخى,Qari Saifullah; Qari Saifullah Al Tokhi; Saifullah Tokhi,Qari Sahab,Taliban,2014-03-19,Afghanistan,Afghanistan; Pakistan,1964,,,2014-05-16,"Believed to be in Afghanistan/Pakistan border area. Taliban Shadow Deputy Governor and operational commander in Zabul Province, Afghanistan, responsible for the laying of improvised explosive devices and the organisation of suicide attacks. Physical description: height: 180 cm; weight: approximately 90 kg; build: athletic build; eye colour: brown; hair colour: red; complexion: medium brown. Distinguishing physical marks: large round face, full beard, and walks with a limp due to plastic prosthesis in place of his left lower leg. Ethnic background: Pashtun; Belongs to Tokhi tribe, Barkozai sub-tribe (alternative tribe spelling: Torchi). Barkozai (alternative tribe spelling: Bakorzai, باکورزی) sub-tribe, Kishta Barkorzai (lower Barkorzai) clan. Marital Status: married. Father’s name: Agha Mohammad. Brother’s name: Humdullah INTERPOL-UN Security Council Special Notice:https://www.interpol.int/en/How-we-work/Notices/View-UN-Notices-Individuals"
TAi.169,individual,YAHYA HAQQANI,يحيى حقانی,Yaya,Qari Sahab,Taliban,2014-07-31,Afghanistan,Afghanistan,1982; 1978,,,,"Senior Haqqani Network (HQN) (TAe.012) member. Closely involved in the group’s military, financial, and propaganda activities. Injured leg. Father’s name is Hajji Meyawar Khan (deceased) INTERPOL-UN Security Council Special Notice:https://www.interpol.int/en/How-we-work/Notices/View-UN-Notices-Individuals"
TAi.170,individual,SAIDULLAH JAN,سعيدالله جان,Abid Khan,,Taliban,2014-07-31,,,1982,,,,Senior member of the Haqqani Network (HQN) (TE.H.12.12.) as of 2013. Provided critical facilitation support to drivers and vehicles transporting HQN ammunition. Also involved in the group’s recruiting efforts as of 2011. Father’s name is Bakhta Jan INTERPOL-UN Security Council Special Notice:https://www.interpol.int/en/How-we-work/Notices/View-UN-Notices-Individuals
TAi.171,individual,MUHAMMAD OMAR ZADRAN,محمد عمر ځدران,Mohammad-Omar Jadran,,Taliban,2014-07-31,,,1958,,,,"Haqqani Network (HQN) (TAe.012) leader in command of over 100 militants active in Khost Province, Afghanistan as of 2013. Involved in the preparation of attacks against Afghan and international forces in Afghanistan INTERPOL-UN Security Council Special Notice:https://www.interpol.int/en/How-we-work/Notices/View-UN-Notices-Individuals"
TAi.172,individual,RAHMATULLAH SHAH NAWAZ,رحمت الله شاه نواز,Qari Rahmat; Kari Rahmat,,Taliban,2014-08-21,Afghanistan,Afghanistan,1981; 1982,,,2016-07-21,"Physical description: eye colour brown, hair colour: black, weight: 77-81 kg, height: 178 cm short-to-medium black beard, short black hair. Belongs to Shinwari tribe, Sepahi sub-tribe. A Taliban commander since at least Feb. 2010. Collects taxes and bribes on behalf of the Taliban as of April 2015. Liaises with and provides Taliban operatives in Nangarhar Province, Afghanistan, with information, guidance, housing and weapons and has emplaced improvised explosive devices (IED) and conducted attacks against International Security Assistance Force (ISAF) and Afghan forces. Involved in drug trafficking and operates heroin laboratory in Abdulkhel village, Achin district, Nangarhar province, Afghanistan INTERPOL-UN Security Council Special Notice:https://www.interpol.int/en/How-we-work/Notices/View-UN-Notices-Individuals"
TAi.173,individual,ABDUL BASIR NOORZAI,عبد البصیر نورزی,Haji Abdul Basir; Haji ‘Abd Al-Basir; Haji Basir Noorzai; Abdul Baseer; Abdul Basir,,Taliban,2015-03-27-04:00,Afghanistan,Afghanistan; Pakistan,1965; 1960; 1963,Passport Pakistani passport number AA3829182; National Identification Number Pakistani national identification number 5420124679187,,,"Owner of Haji Basir and Zarjmil Company Hawala (TAe.014), which provides financial services to Taliban in the region INTERPOL-UN Security Council Special Notice:https://www.interpol.int/en/How-we-work/Notices/View-UN-Notices-Individuals"
TAi.174,individual,TOREK AGHA,تورک آغا,Sayed Mohammed Hashan,Torak Agha; Toriq Agha; Toriq Agha Sayed,Taliban,2015-11-02,,Pakistan,1960; 1962; 1965,National Identification Number 5430312277059 Pakistan,,2019-01-30,Key commander for Taliban military council involved in fundraising from Gulf-based donors. Photo available for inclusion in the INTERPOL-UN Security Council Special Notice. Reportedly deceased as of November 2018 INTERPOL-UN Security Council Special Notice:https://www.interpol.int/en/How-we-work/Notices/View-UN-Notices-Individuals
YEe.001,entity,THE HOUTHIS,,ANSARALLAH; ANSAR ALLAH; PARTISANS OF GOD; SUPPORTERS OF GOD,,Yemen,2022-02-28,,Yemen,,,,,"Listed pursuant to paragraph 5 of resolution 2624 (2022) as subject to the measures imposed by paragraph 14 of resolution 2216 (2015) (targeted arms embargo). The Houthis have engaged in acts that threaten the peace, security, and stability of Yemen. The Houthis have engaged in attacks striking civilians and civilian infrastructure in Yemen, implemented a policy of sexual violence and repression against politically active and professional women, engaged in the recruitment and use of children, incited violence against groups including on the basis of religion and nationality, and indiscriminately used landmines and improvised explosive devices on the West Coast of Yemen. The Houthis have also obstructed the delivery of humanitarian assistance to Yemen, or access to, or distribution of, humanitarian assistance in Yemen. The Houthis have conducted attacks on commercial shipping in the Red Sea using waterborne improvised explosive devices and sea mines. The Houthis have also perpetrated repeated cross-border terrorist attacks striking civilians and civilian infrastructure in the Kingdom of Saudi Arabia and the United Arab Emirates and threatened to intentionally target civilian sites. INTERPOL-UN Security Council Special Notice:https://www.interpol.int/en/How-we-work/Notices/View-UN-Notices-Entities"
YEi.001,individual,ABD AL-KHALIQ AL-HOUTHI,عبدالخالق الحوثي,Abd-al-Khaliq al-Huthi; Abd-al-Khaliq Badr-al-Din al Huthi; ‘Abd al-Khaliq Badr al-Din al-Huthi; Abd al-Khaliq al-Huthi,Abu-Yunus,Yemen,2014-11-07,Yemen,Yemen,1984,,Huthi military commander,2014-11-20; 2016-08-26,Gender [Male]. INTERPOL-UN Security Council Special Notice:https://www.interpol.int/en/How-we-work/Notices/View-UN-Notices-Individuals
YEi.002,individual,ABDULLAH YAHYA AL HAKIM,عبد الله يحيى الحاكم,Abu Ali al Hakim; Abu-Ali al-Hakim; Abdallah al-Hakim; Abu Ali Alhakim; Abdallah al-Mu’ayyad,,Yemen,2014-11-07,Yemen,Yemen,1985; 1984-1986,,Huthi group second-in-command,2014-11-20,Gender [Male]. INTERPOL-UN Security Council Special Notice:https://www.interpol.int/en/How-we-work/Notices/View-UN-Notices-Individuals
YEi.004,individual,ABDULMALIK AL-HOUTHI,,Abdulmalik al-Huthi,,Yemen,2015-04-14-04:00,,,,,,2016-08-26,"Leader of Yemen's Houthi Movement. Has engaged in acts that threaten the peace, security, or stability of Yemen."
YEi.006,individual,SULTAN SALEH AIDA AIDA ZABIN,,,Abu Saqar Zabin; Abu Sagar Zabin,Yemen,2021-02-25,Yemen,Yemen,1986-02-05,National Identification Number 10010095104 Yemen; National Identification Number 20432 Yemen,"Director, or General Manager, of the Criminal Investigation Department (CID), Sana’a based ministry of interior, in Sana’a, Yemen; Brigadier",2021-04-05,"Sultan Saleh Aida Aida Zabin has engaged in acts that threaten the peace, security and stability of Yemen, including violations of applicable international humanitarian law and human rights abuses in Yemen. Zabin has played a prominent role in a policy of intimidation and use of systematic arrest, detention, torture, sexual violence and rape against politically active women. Zabin as director for CID is directly responsible for, or by virtue of his authority responsible for, and complicit in the use of multiple places of detention including house arrest, police stations, formal prisons and detention centres and undisclosed detention centres. In these sites, women, including at least one minor, were forcibly disappeared, repeatedly interrogated, raped, tortured, denied timely medical treatment and subjected to forced labour. Zabin himself directly inflicted torture in some cases. INTERPOL-UN Security Council Special Notice:https://www.interpol.int/en/How-we-work/Notices/View-UN-Notices-Individuals"
YEi.007,individual,SALEH MESFER SALEH AL SHAER,صالح مسفر صالح الشاعر,,Saleh Mosfer Saleh al Shaer; Saleh Musfer Saleh al Shaer; Saleh Mesfer al Shaer; Saleh al Shae; Saleh al Sha’ir; Abu Yasser,Yemen,2021-11-09,Yemen,Yemen,,Passport 05274639 Yemen; Passport 00481779 Yemen; National Identification Number 1388114 Yemen; National Identification Number 10010057512 Yemen,"Major General, ‘Judicial Custodian’ of properties and funds owned by Houthis’ opponents",,"As Houthi ‘Assistant Minister of Defence for Logistics’, assisted the Houthis in acquiring smuggled arms and weapons. As ‘Judicial Custodian’ directly involved in the widespread and unlawful appropriation of assets and entities owned by private individuals under arrest by the Houthis or forced to take refuge outside of Yemen. Physical Description: Eye Colour: Brown; Hair: Grey; Complexion: Medium; Build: Slim; Height (ft/in): Unknown; Weight (lbs): Unknown; and Clan: Member of the Hashid tribal confederacy. Photograph available for inclusion in INTERPOL-UNSC Special Notice web link: INTERPOL-UN Security Council Special Notice:https://www.interpol.int/en/How-we-work/Notices/View-UN-Notices-Individuals"
YEi.008,individual,MUHAMMAD ABD AL-KARIM AL-GHAMARI,محمد عبدالكريم الغماري,,Mohammad Al-Ghamari,Yemen,2021-11-09,Yemen,Yemen,1979,,"Major General, Houthi Chief of General Staff",,"Houthi Military Chief of General Staff, plays the leading role in orchestrating the Houthis’ military efforts that are directly threatening the peace, security and stability of Yemen, including in Marib, as well as cross-border attacks against Saudi Arabia. Photograph available for inclusion in INTERPOL-UN Security Council Special Notice web link: INTERPOL-UN Security Council Special Notice:https://www.interpol.int/en/How-we-work/Notices/View-UN-Notices-Individuals"
YEi.009,individual,YUSUF AL-MADANI,يوسف المداني,,,Yemen,2021-11-09,Yemen,Yemen,1977,,Commander of the Houthi’s Fifth Military Region,,"A prominent leader of Houthi forces and commander of forces in Hudaydah, Hajjah, Al Mahwit, and Raymah, Yemen – threatening the peace, security, and stability of Yemen. As of 2021, Al-Madani was assigned to the offensive targeting Marib. Photograph available for inclusion in INTERPOL-UN Security Council Special Notice web link: INTERPOL-UN Security Council Special Notice:https://www.interpol.int/en/How-we-work/Notices/View-UN-Notices-Individuals"
YEi.010,individual,MANSUR AL-SA’ADI,منصور السعادي,,Mansoor Ahmed Al Saadi; Mansur Ahmad al-Sa’adi; Abu Sajjad,Yemen,2022-09-26,Yemen,Yemen,1988,,"Major General, Houthi Commander of Yemen's Naval and Coastal Defense Forces",,"Houthi Naval Forces Chief of Staff, who has masterminded lethal attacks against international shipping in the Red Sea, plays a leading role in Houthi naval efforts that directly threaten the peace, security, and stability of Yemen. Physical Description: Eye Color: Brown; Hair: Brown. INTERPOL-UN Security Council Special Notice:https://www.interpol.int/en/How-we-work/Notices/View-UN-Notices-Individuals"
YEi.011,individual,MOTLAQ AMER AL-MARRANI,مطلق عامر المراني,Mutlaq Ali Aamer Al Marrani; Abu Emad,,Yemen,2022-09-26,Yemen,Yemen,1984-01-01,,(Former) Deputy Head of the Houthi National Security Bureau (NSB) (intelligence agency),,"Former Deputy Head of the Houthi National Security Bureau (NSB), oversaw detainees of the NSB who were subjected to torture and other mistreatment while detained, planned and directed illegal arrests and detention of humanitarian workers and the unlawful diversion of humanitarian assistance in violation of international humanitarian law. Physical Description: Eye Color: Brown; Hair: Brown. INTERPOL-UN Security Council Special Notice:https://www.interpol.int/en/How-we-work/Notices/View-UN-Notices-Individuals"
YEi.012,individual,AHMAD AL-HAMZI,أحمد الحمزي,,Ahmad 'Ali al-Hamzi; Ahmad 'Ali Ahsan al-Hamzi; Ahmed Ali al-Hamzi; Muti al-Hamzi,Yemen,2022-10-04,Yemen,Yemen,1985,,"Major General, Commander of the Houthi Air Force and Air Defense Forces",,"Ahmad al-Hamzi, the commander of the Houthi Air Force and Air Defense Forces, as well as its UAV program, plays a leading role in Houthi military efforts that directly threaten the peace, security, and stability of Yemen. Physical Description: Eye Color: Brown; Hair: Brown. INTERPOL-UN Security Council Special Notice:https://www.interpol.int/en/How-we-work/Notices/View-UN-Notices-Individuals"
